subject,label,ECG_mean,ECG_std,ECG_min,ECG_max,ECG_skew,ECG_kurtosis,ECG_zcr,ECG_peak_freq,ECG_psd_mean,EDA_mean,EDA_std,EDA_min,EDA_max,EDA_skew,EDA_kurtosis,EDA_zcr,EDA_peak_freq,EDA_psd_mean,EMG_mean,EMG_std,EMG_min,EMG_max,EMG_skew,EMG_kurtosis,EMG_zcr,EMG_peak_freq,EMG_psd_mean,Resp_mean,Resp_std,Resp_min,Resp_max,Resp_skew,Resp_kurtosis,Resp_zcr,Resp_peak_freq,Resp_psd_mean,Temp_mean,Temp_std,Temp_min,Temp_max,Temp_skew,Temp_kurtosis,Temp_zcr,Temp_peak_freq,Temp_psd_mean
S2,1,0.00024399066030633717,0.13325271052967322,-0.36330566666124503,0.7798446705312956,1.2181593587673336,4.2854343564293575,0.012333333333333333,1.3671875,5.184165472359105e-05,5.03745539528983,0.3023695189870413,4.555511474609375,5.9574127197265625,0.7297638592381124,0.055928225910639284,0.0,0.68359375,1.0894089626367337e-06,4.792439640412302e-07,0.013619976149562165,-0.21765373534108046,0.11932437017741714,-0.38172554549552484,5.280573937675092,0.27354761904761904,54.00390625,5.371317563576454e-07,-0.011029377840982603,2.0137259936259975,-5.749144952480604,4.8139027077490475,-0.20706600571207454,0.15641041400627076,0.0006666666666666666,0.68359375,0.0014719097753381702,29.167696,0.060270853,29.01178,29.426208,0.2747735,-0.07957864,0.0,0.68359375,2.2953718e-06
S2,1,0.0004030985567010307,0.1469562154181898,-0.36330566666124503,0.768552043617711,0.9969648286358893,3.6641127297684175,0.009738095238095238,1.3671875,6.116676529561889e-05,4.587705775669643,0.22896847184794483,4.1278839111328125,5.0945281982421875,-0.08280642290989029,-1.163751395413779,0.0,0.68359375,4.4340624006304084e-07,-7.799090466000758e-07,0.008963189239581497,-0.21765373534108046,0.11932437017741714,-0.7371044481906687,21.30252149359358,0.3111904761904762,28.02734375,2.2985363584605003e-07,0.02177246526256053,1.509903810862838,-5.749144952480604,4.8139027077490475,-0.33327876041234034,3.2104706533474463,0.0008809523809523809,0.68359375,0.0010154871079426247,29.064768,0.13452439,28.820953,29.426208,0.14285426,-1.2866464,0.0,0.68359375,2.2980475e-06
S2,1,3.9773158976370256e-05,0.15236385526642615,-0.29219754029304945,0.7940029871915331,0.9944935272419957,3.9017010991565275,0.007261904761904762,2.05078125,6.747857859031617e-05,4.186873472304571,0.23064521198245524,3.7715911865234375,4.671478271484375,0.11651534257475996,-1.2402356326833321,0.0,0.68359375,4.591395004274385e-07,-2.1426958127724335e-07,0.006776567248989017,-0.05348724319798889,0.04283628485039621,-0.18775032735294184,2.1303708830370836,0.32780952380952383,28.02734375,1.2954462322490244e-07,0.0023665854658448224,0.7405051708797034,-1.5542422759494534,1.6246437690572162,0.08165276443303761,-0.8351287407325811,0.0009285714285714286,0.68359375,0.00034340862342381096,28.885605,0.08129294,28.727814,29.207275,0.30869743,-0.61427546,0.0,237.890625,2.4578926e-06
S2,1,-0.00021669950548578736,0.18109695107142254,-1.4888451696596365,1.4528531339704576,-0.08077750480788404,14.810101991365038,0.007071428571428571,2.05078125,0.00010157376830444721,3.8367648987543017,0.17571664678899931,3.3115386962890625,4.2949676513671875,0.1427228760445274,-1.0273977423527505,0.0,0.68359375,4.955575475579389e-07,5.866377180442939e-07,0.007102235379437478,-0.050627009893919335,0.0398437646992205,-0.2262507995176076,1.493750222164179,0.31776190476190475,27.34375,1.446478887042989e-07,0.012933490312419854,0.689719854570538,-1.5542422759494534,1.6246437690572162,0.03610612002439865,-0.6648781882263228,0.0009523809523809524,0.68359375,0.00028285249562812686,28.808538,0.044000737,28.702026,29.037628,0.7273621,0.47118092,0.0,340.4296875,2.583482e-06
S2,1,6.945029108310899e-05,0.18020606221308866,-1.4888451696596365,1.4528531339704576,-0.12871010553618736,14.80588485072877,0.008214285714285714,2.05078125,9.94257543222969e-05,3.5474849065144856,0.16077529702695176,3.255462646484375,3.919219970703125,0.11112415597458848,-1.282057659024774,0.0,0.68359375,6.135877215200873e-07,4.0995560573122797e-07,0.00821590715292136,-0.07033482219501258,0.06249225948419389,-0.1824632584065439,3.4792687827667965,0.3078571428571429,28.7109375,1.8868987360950868e-07,-0.019132961290404413,0.8155647926877607,-4.281054915082587,2.1363565412337744,-1.5663724059446138,7.237328682677239,0.0009761904761904762,0.68359375,0.00030977617975421964,28.798117,0.037777193,28.679108,28.9888,0.86163425,1.0598536,0.0,346.58203125,2.572689e-06
S2,1,7.826029459966226e-05,0.1484514644528955,-0.3886136845753168,0.7386027202399861,0.9265831393713015,3.243580588858099,0.008571428571428572,1.3671875,6.343239021341379e-05,3.314104479835147,0.12276385416311732,3.0269622802734375,3.5915374755859375,-0.22226482838393818,-0.8146530126151994,0.0,0.68359375,6.341371674119962e-07,4.796734835090469e-07,0.008732803047720273,-0.07033482219501258,0.06249225948419389,-0.10072761624766,2.9112573673052067,0.29454761904761906,28.7109375,2.1794986805392634e-07,0.0014135468590629695,0.8653162669745221,-4.281054915082587,2.1363565412337744,-1.3022383769381431,5.571247895276734,0.0008333333333333334,0.68359375,0.00030464874580162345,28.799755,0.047963407,28.640472,29.023285,0.24781325,0.2759645,0.0,0.68359375,2.5825773e-06
S2,1,-0.00012183951395178713,0.14454117764733126,-0.3886136845753168,0.7104440913923348,0.998875684702431,3.6219455878249747,0.0074761904761904766,1.3671875,5.810349986667649e-05,3.0828943888346356,0.16103327207956744,2.783203125,3.4114837646484375,0.13274528929679136,-1.1799972631695588,0.0,0.68359375,5.831391539297513e-07,-1.81785547117209e-06,0.008303575895547366,-0.051396353334387766,0.07985688608916004,-0.0023912603023693905,1.857355725725352,0.2910714285714286,27.34375,1.9363375313669918e-07,0.02186903075289007,0.6507436076374674,-1.588735717066204,1.8343201459457303,0.1456922095521886,0.016746811153824037,0.0009285714285714286,0.68359375,0.00022295776405531847,28.753807,0.063520014,28.584656,29.023285,0.5665327,-0.3622856,0.0,0.68359375,2.665063e-06
S2,1,-0.00023390681968901993,0.14385814951600742,-0.26471602406206035,0.7170692948147688,0.9985047027462228,3.590713327477107,0.007095238095238095,2.734375,5.7962801935602266e-05,2.8301904678344725,0.132311384188801,2.5844573974609375,3.134918212890625,0.15073513229635588,-1.1818942676041684,0.0,0.68359375,6.105101430734929e-07,-7.133255809875035e-07,0.007962488360493201,-0.051396353334387766,0.07985688608916004,-0.026582695992444286,1.7109371348103197,0.29519047619047617,27.34375,1.8031019240381566e-07,-0.007847993831951838,0.5903507555878089,-1.588735717066204,1.8343201459457303,0.15497167772696394,-0.07161888241715397,0.0010714285714285715,0.68359375,0.00024562657777352177,28.644094,0.07742753,28.447449,28.950043,0.03837374,-1.1628151,0.0,0.68359375,2.7584235e-06
S2,1,-1.5943434206275125e-05,0.14314569420074458,-0.2726738990942821,0.7194112398701074,0.9549108741632845,3.4601469421678823,0.007142857142857143,1.3671875,5.7321650636460625e-05,2.6230162302652995,0.10841171921183837,2.1892547607421875,2.878570556640625,0.10659197504708667,-1.133833224241128,0.0,0.68359375,6.395335026909572e-07,1.6078491999304233e-06,0.00796773835691326,-0.054220243056597374,0.04575492383399654,-0.09293583167672334,1.0733698759317445,0.2945,31.4453125,1.8057775615915885e-07,-0.006092303939902233,0.6080088557498583,-1.5124197282321716,1.4131763474681294,-0.031031873879382322,-0.6609634651120082,0.0010476190476190477,0.68359375,0.0002587407174751438,28.573872,0.041704446,28.447449,28.820953,1.0921546,1.2085786,0.0,0.68359375,2.916655e-06
S2,1,-2.7333830995547792e-05,0.14070930318551392,-0.2726738990942821,0.7194112398701074,1.0065856663238562,3.7413494043953,0.007380952380952381,1.3671875,5.655144734365935e-05,2.4512455349876765,0.09233775398356649,2.1213531494140625,2.69775390625,0.12360814313954416,-1.1097023140481732,0.0,0.68359375,6.695968114830764e-07,7.786392949536923e-07,0.008299959854743081,-0.054220243056597374,0.04575492383399654,-0.11406347761744899,0.9993626815430106,0.2871666666666667,29.39453125,1.9624054460312913e-07,0.004951178235562247,0.5678565446554198,-1.5124197282321716,1.4131763474681294,-0.08706174784579443,-0.35841454246455484,0.0009761904761904762,0.68359375,0.00022006081628222186,28.574762,0.040419877,28.41742,28.820953,0.96846896,1.0923343,0.0,0.68359375,2.9630485e-06
S2,1,-6.686268485121268e-05,0.14207888288739134,-0.26766468359776674,0.7354435568466523,1.0771486918085724,4.071092606359118,0.0074285714285714285,2.05078125,5.933671093255808e-05,2.306586792355492,0.07771901785414274,2.1076202392578125,2.53143310546875,0.13410148855622994,-1.101820493726534,0.0,0.68359375,6.805331534024958e-07,-8.074683801816517e-07,0.00802493044600779,-0.046956753259304373,0.04000308778043424,-0.14622026402303823,0.9303460038517586,0.29578571428571426,28.7109375,1.8359030447285483e-07,-0.0007318524513188611,0.5995048104133186,-1.3317918614172604,1.3704050264360685,0.015123613472167034,-0.42008966032853046,0.0009285714285714286,0.68359375,0.00022817835281744694,28.532976,0.061523207,28.341766,28.782227,0.19841152,-0.45449924,0.0,340.4296875,2.919452e-06
S2,1,0.00010627592571190928,0.14469993409468146,-0.2713785979866866,0.7354435568466523,1.0500237410723294,3.8194038576660034,0.007333333333333333,2.734375,6.1028222060849315e-05,2.1841745739891416,0.06753306809503301,2.01568603515625,2.40936279296875,0.06614407267994006,-1.0057939372476457,0.0,0.68359375,6.981355514736126e-07,-9.901100548651272e-07,0.007863986873798329,-0.046956753259304373,0.038932763099266396,-0.12659962108805245,0.9289820904684092,0.29688095238095236,28.7109375,1.754634876451696e-07,-0.01188097411636347,0.6128022179593184,-1.3317918614172604,1.3704050264360685,0.01648679591275247,-0.5141885012051461,0.001,0.68359375,0.00023861081827377496,28.457926,0.048810735,28.278961,28.69345,0.63279027,0.3236208,0.0,54.00390625,2.94056e-06
S2,1,0.00010388037302824543,0.14360351276532451,-0.2713785979866866,0.7151248448040728,1.0368399717994212,3.7600196551159923,0.007047619047619047,1.3671875,5.9721274855454754e-05,2.073596173241025,0.064297271945376,1.8291473388671875,2.2918701171875,0.0797797080468029,-1.0664639678614576,0.0,0.68359375,7.222959344065989e-07,1.0340221103752084e-06,0.00793546692730719,-0.041266948002069856,0.04093796157066931,-0.10386814316364357,0.9729867667182952,0.2960714285714286,27.34375,1.8004580075761196e-07,0.006611147370952087,0.6228826453833374,-1.594689963470143,1.6502264703665008,-0.029766802967426852,-0.08506268468414291,0.0009761904761904762,0.68359375,0.0002556791509117172,28.4185,0.037004456,28.266144,28.68628,1.134683,1.7258439,0.0,14.35546875,2.9454407e-06
S2,1,0.00017695633393954887,0.1420203289053868,-0.26083441986647443,0.7595451012358554,1.1692075570784717,4.396680057988744,0.006976190476190476,2.05078125,5.955685525219546e-05,1.9694646926153274,0.05961938471594865,1.8268585205078125,2.152252197265625,0.09442224916904426,-1.0429350011935317,0.0,336.328125,7.255453545397712e-07,4.490557166401613e-07,0.007910504423825552,-0.041266948002069856,0.04093796157066931,-0.11887166219520609,0.9069217832805743,0.2952142857142857,28.02734375,1.7885788230207283e-07,0.013002546094852251,0.6655477414606514,-1.594689963470143,1.6502264703665008,-0.042733530996449116,-0.5162665755490519,0.0009761904761904762,0.68359375,0.00030297622883741147,28.45061,0.056944765,28.266144,28.68628,0.43157086,-0.44477034,0.0,14.35546875,2.898021e-06
S2,1,5.331810023510912e-05,0.1417983916060308,-0.25047570163724603,0.7595451012358554,1.220056864152256,4.485571175267122,0.007,2.05078125,5.774493700296121e-05,1.8759510040283203,0.05285173062398358,1.7368316650390625,2.056121826171875,0.11569981161569043,-0.9175001520192918,0.0,298.73046875,7.283401730477527e-07,1.1416358085139862e-06,0.007916571517951413,-0.040163000210194005,0.03604102223103285,-0.14450122669089646,0.7398626449376584,0.28935714285714287,28.02734375,1.7816369312862812e-07,-0.011043843646743485,0.6494479124832874,-1.1761385697810398,1.2413559349392957,0.008269172919401517,-1.1739138647083476,0.0010238095238095238,0.68359375,0.00031193129410988265,28.495455,0.03733185,28.3432,28.679108,0.82712454,1.7543216,0.0,17.7734375,2.8969669e-06
S2,1,-0.00028439183054296106,0.1405732713556406,-0.2537776966267439,0.713085064797852,1.1816417773836638,4.1160466638091355,0.007238095238095238,2.734375,5.465598052857989e-05,1.7950218200683594,0.046001532680690474,1.5758514404296875,1.9672393798828125,0.21755679370098455,-0.8801190085487769,0.0,249.51171875,7.348280948285621e-07,3.940979304913215e-07,0.008369240157539938,-0.04358096588974556,0.045607874140509846,-0.13825406833073925,0.8246753430379314,0.28204761904761905,28.7109375,1.9914136448965306e-07,-0.01174560522452665,0.6153287203813084,-1.1701092882539508,1.2413559349392957,0.013145987202443109,-1.0463620559754558,0.001,0.68359375,0.00027596941279527484,28.50086,0.032749526,28.3432,28.702026,1.4867214,2.7412505,0.0,55.37109375,2.9003704e-06
S2,1,-0.00010126272883497368,0.13905195883549992,-0.2537776966267439,0.7698833567886094,1.200459686307548,4.301823110669573,0.007095238095238095,2.734375,5.439882236539444e-05,1.7281104859851655,0.03800518363838853,1.5758514404296875,1.8962860107421875,0.147454471049601,-0.6798726356300233,0.0,247.4609375,7.418240073472274e-07,-2.2512200755249396e-06,0.008924178738774347,-0.05096567276024451,0.05561828418117471,-0.08614144957021412,0.9151114911939695,0.2724761904761905,31.4453125,2.2753737066218706e-07,-0.0047710736526006894,0.5517723376298483,-1.1420157814044727,1.2193960908965185,0.015211234225386538,-0.9717652754481989,0.0009523809523809524,0.68359375,0.00020525291249343675,28.482018,0.041531727,28.30896,28.702026,0.53286856,0.9605906,0.0,49.90234375,2.9085834e-06
S2,1,0.0006530466620795119,0.14026114530213246,-0.2574751347249046,0.7698833567886094,1.1632865547484932,4.336719708932224,0.00680952380952381,2.05078125,5.672579791807371e-05,1.6710182734898158,0.03606512636403978,1.4263153076171875,1.8280029296875,0.2188407097983433,-0.5225498443543928,0.0,259.08203125,7.5552436474148e-07,-9.853586878530614e-08,0.008601793662030715,-0.05096567276024451,0.05561828418117471,-0.059304284790132014,0.8962906601257865,0.27540476190476193,29.39453125,2.118460587357763e-07,0.011827608856150125,0.639059190486361,-1.2020623559622678,1.3699482155023757,0.040216990561791066,-1.1603758271345679,0.0009523809523809524,0.68359375,0.0002811998758656607,28.430521,0.046273924,28.283234,28.650482,0.69799334,0.32551336,0.0,28.7109375,2.994998e-06
S2,1,-0.0002824457357957712,0.14165907293656677,-0.2574751347249046,0.7081704522066861,1.126439894226078,4.032699529419005,0.006952380952380952,2.734375,5.668541745285193e-05,1.6182174955095563,0.033331473962743316,1.409912109375,1.776123046875,0.22038314509037069,-0.43632889483140547,0.0,331.54296875,7.595590481550695e-07,5.325282527600084e-07,0.007991667397081582,-0.04417733306139729,0.03986785792598789,-0.09742925906759453,0.8251570560689858,0.28123809523809523,28.7109375,1.8098680339604725e-07,0.007307312103997636,0.6657459820297309,-1.2020623559622678,1.3699482155023757,0.0294961113870386,-1.2461739221827797,0.001,0.68359375,0.00031334863496266797,28.390738,0.0359515,28.213379,28.573242,1.1981118,2.1055627,0.0,173.6328125,3.089881e-06
S2,1,-0.00039050305750132184,0.14098755494971613,-0.26917329816571206,0.7177983191862893,1.152173330399649,4.156262079213693,0.007190476190476191,2.734375,5.8851898551964906e-05,1.5693395523797897,0.03172188645372084,1.409912109375,1.7215728759765625,0.25872541882255184,-0.45693684156980696,0.0,349.31640625,7.617519312999477e-07,-3.966522924063851e-07,0.008045125883870064,-0.04417733306139729,0.035315786373897144,-0.09774803414479685,0.8979486118297455,0.2883809523809524,31.4453125,1.8538287409181168e-07,-0.017902359204611813,0.5749314320669228,-1.1722900542023142,1.1778470368058196,-0.02438296665322531,-0.9253446391178382,0.0010476190476190477,0.68359375,0.00022694934048357888,28.372993,0.03568777,28.213379,28.557465,1.3323026,2.2914805,0.0,173.6328125,3.1457664e-06
S2,1,0.0002802718517591326,0.14205674303219645,-0.26917329816571206,0.7177983191862893,1.167198057713435,4.260833297794522,0.007285714285714286,2.05078125,6.177126284425414e-05,1.5259004683721633,0.028456591469790814,1.4278411865234375,1.67236328125,0.3488874622183353,-0.10615315360568811,0.0,313.76953125,7.784146138212054e-07,5.106020610549201e-07,0.008180864597117574,-0.04147233429018344,0.035865604965844115,-0.10276290712656742,0.7042925671575939,0.28064285714285714,28.7109375,1.9159033126206423e-07,-0.0060987156507336755,0.5558903408232567,-1.193208425662271,1.4094339430278902,0.07873885022875074,-0.6525499848559924,0.0010714285714285715,0.68359375,0.00021162209335121666,28.372255,0.042783763,28.226196,28.62619,1.1494743,1.255342,0.0,0.68359375,3.1469854e-06
S2,1,0.00027164841858198996,0.14349203237922076,-0.26978140399445005,0.7115682181537517,1.1195427585296258,4.078442043554784,0.007095238095238095,2.05078125,5.986145718652088e-05,1.4874256678989954,0.027354432075015398,1.1898040771484375,1.6139984130859375,0.37297932018731783,0.5195478783901688,0.0,348.6328125,7.915980060678183e-07,-3.656587663637086e-08,0.007954066140803802,-0.04097847816213793,0.035865604965844115,-0.1257321699698085,0.7352498524617377,0.2753333333333333,28.02734375,1.7983312190823445e-07,0.016454234118669375,0.624406938429115,-1.193208425662271,1.4094339430278902,0.08158426687779825,-1.0693218066489973,0.0010476190476190477,0.68359375,0.00027170986930497314,28.413664,0.054878995,28.24759,28.681946,0.08148132,-0.22993374,0.0,0.68359375,3.0858644e-06
S2,1,-5.9588301169994176e-05,0.1427842118896006,-0.26978140399445005,0.7491801142913903,1.212853507402275,4.572867826921096,0.007071428571428571,2.05078125,5.839960754241228e-05,1.4523304803030832,0.025084025481185247,1.1898040771484375,1.5705108642578125,0.42637571654910317,0.6208946031092091,0.0,348.6328125,7.753275349016557e-07,-2.2081009073005586e-07,0.007906650917448667,-0.04097847816213793,0.03965402151566617,-0.10739821324993752,0.7804792037060451,0.2785952380952381,29.39453125,1.7709962256306983e-07,0.022339534353708994,0.7624417998071458,-1.4603401636274045,1.4705021074180455,-0.019789803063323973,-1.2049047752885402,0.001,0.68359375,0.0003917616171925001,28.44603,0.03826965,28.270416,28.681946,0.87768203,1.7190251,0.0,41.015625,3.0451893e-06
S2,1,-0.00033244034739733056,0.13974974963931447,-0.25923828472934163,0.7491801142913903,1.3028392147403927,4.899546590278768,0.007738095238095238,2.05078125,5.804981377595352e-05,1.4193436395554315,0.025264745285280103,1.270294189453125,1.532745361328125,0.42371258221952984,0.17771637745190283,0.0,321.2890625,7.750944133280207e-07,4.516093661400029e-07,0.008348015145814201,-0.0478923719036516,0.05772477120988701,-0.05768509095688757,1.2863800980755151,0.2686904761904762,29.39453125,1.9826216504563797e-07,-0.006642261354058571,0.8136069383755123,-1.7873257848183868,1.861938271783617,0.03810975304130471,-1.0967898871177124,0.0009761904761904762,0.68359375,0.00043683363945661073,28.408592,0.051355813,28.201965,28.660492,0.61623454,-0.018527508,0.0,12.3046875,3.0509705e-06
S2,1,-0.0001166703072965357,0.13964528579739646,-0.25923828472934163,0.7559749119668288,1.2478356328385452,4.655620721372802,0.00788095238095238,2.05078125,5.7268954239394385e-05,1.3848026911417644,0.02656381966010065,1.270294189453125,1.528167724609375,0.3678449349352394,0.11868143363476458,0.0,332.2265625,7.971453321548528e-07,-5.748339844162095e-07,0.008274409521528055,-0.0478923719036516,0.05772477120988701,-0.05248983004447418,1.3742392428204626,0.2765714285714286,29.39453125,1.9478482971436514e-07,-0.0054166256448423674,0.8170887819373556,-1.7873257848183868,1.861938271783617,0.0827410320992532,-0.9796470641046011,0.0009761904761904762,0.68359375,0.00043299368653272374,28.349676,0.04282471,28.201965,28.54892,0.65678465,0.85829425,0.0,5.46875,3.1203892e-06
S2,1,6.166927080159997e-05,0.14042113406433906,-0.2630438414089216,0.7745632977552936,1.2322668056619033,4.757852287881367,0.007190476190476191,2.05078125,5.7531181085368335e-05,1.3479052952357702,0.027601335559325042,1.24969482421875,1.502227783203125,0.3723035707793608,-0.0391437096185947,0.0,263.8671875,7.991945946995509e-07,-1.4674591554014713e-07,0.007568121977673584,-0.0418608177598874,0.04001318133170058,-0.12586232609461348,1.155838069667717,0.30428571428571427,27.34375,1.6312409869768106e-07,0.0012333618357598666,0.9007630504147384,-1.6392042425056688,1.6590675060154239,0.04046135355534008,-1.258646621970887,0.0009523809523809524,0.68359375,0.0005151186383903884,28.313494,0.040037062,28.163483,28.52887,0.97546214,1.5597725,0.0,13.671875,3.1572733e-06
S2,1,-0.0001225658081807958,0.14202749454966856,-0.27202112612773166,0.7745632977552936,1.161266601336679,4.391316566386997,0.007190476190476191,2.05078125,5.8706602167306324e-05,1.3120324089413598,0.025813961186961793,1.2195587158203125,1.42974853515625,0.4963313593542458,0.17401901309656997,0.0,38.28125,7.952293710270201e-07,-3.1201080742186403e-07,0.007305105483725179,-0.047251086804591974,0.04434765543311822,-0.15171756583465676,1.2687075930725005,0.29754761904761906,27.34375,1.5270446916228338e-07,-0.006601709994081247,0.8152919910110503,-1.6392042425056688,1.6590675060154239,0.02190776301635613,-1.1658578937302169,0.0009761904761904762,0.68359375,0.0004414152318250413,28.25233,0.064276814,28.045258,28.51175,0.1153355,-0.52496123,0.0,276.171875,3.2515293e-06
S2,1,-0.00037333722743050917,0.14480022793653866,-0.27202112612773166,0.7505510969155685,1.0903235233731126,4.088880005989176,0.007285714285714286,2.05078125,5.941131718082375e-05,1.2759628023420062,0.027911472011536893,1.1753082275390625,1.410675048828125,0.25304797886092734,-0.06411223393653298,0.0,38.28125,8.058045663512573e-07,3.595082658233463e-07,0.00772628238617216,-0.047251086804591974,0.04434765543311822,-0.09427140060287192,0.9538321933808511,0.28035714285714286,28.7109375,1.7000282429496055e-07,0.004974870842565998,0.8156427529521078,-1.6507470098648638,1.681011193246501,-0.004347438589696783,-1.1354127954401712,0.0009761904761904762,0.68359375,0.00044128466802882124,28.20185,0.04347027,28.045258,28.414581,0.9196851,0.9899907,0.0,326.07421875,3.3930464e-06
S2,1,0.00029386400745798417,0.14505049855610616,-0.26445584965853147,0.7619854541785642,1.1256913890917346,4.422580935334053,0.007238095238095238,2.05078125,6.184373793460803e-05,1.2403732299804688,0.02570090295869988,1.042938232421875,1.3706207275390625,0.6364747463581202,0.3635841544650895,0.0,103.90625,8.077980904523055e-07,1.086219101209255e-06,0.009169996964295392,-0.05370348252809197,0.05540420322014628,-0.08460152889853331,1.2078284546525877,0.27304761904761904,43.06640625,2.3922114500094753e-07,0.006609141145722575,0.8747384881143042,-1.6507470098648638,1.681011193246501,0.01721015819799503,-1.2111422705009167,0.0009523809523809524,0.68359375,0.00047955074269036426,28.245232,0.059863973,28.045258,28.557465,0.17761514,-0.42857814,0.0,326.7578125,3.295474e-06
S2,1,0.00040199223246921147,0.1455221129637264,-0.2633531645607422,0.8853641372467361,1.2528836912905066,4.860355504053518,0.007357142857142857,2.05078125,6.294785723288788e-05,1.2143256323678153,0.020830749468029333,0.9777069091796875,1.3324737548828125,0.7709692050878343,1.950207439362302,0.0,0.68359375,8.081451758857212e-07,9.343116612473534e-07,0.009724985400399185,-0.05583371125402504,0.05540420322014628,-0.10556982970747605,1.208077510796456,0.27904761904761904,46.484375,2.7005963744234906e-07,0.0011448056430132419,1.854716119164714,-8.356029955840032,8.329949677469301,-0.15728890691066516,8.410638977317673,0.0008571428571428571,0.68359375,0.0011030485657465925,28.307772,0.040237784,28.180603,28.557465,0.8665884,1.4122658,0.0,345.8984375,3.1543575e-06
S2,1,0.0002161652733820421,0.14632653245525012,-0.26335333796458205,0.8853641372467361,1.2823961738617617,4.923551274932104,0.007238095238095238,2.05078125,6.277721252779476e-05,1.1981357846941267,0.01926062757252823,0.9777069091796875,1.3294219970703125,1.0759955094952018,2.528128658296903,0.0,0.68359375,8.076380614110159e-07,5.040889837326699e-07,0.008610301431711459,-0.05583371125402504,0.05368250837739552,-0.13182296457086418,1.328961186247911,0.29388095238095235,38.96484375,2.0863966303832879e-07,-0.0057408774494205625,1.8044398520440792,-8.356029955840032,8.329949677469301,-0.16346841121818628,9.704154794243108,0.0008571428571428571,0.68359375,0.0010073813947125982,28.319363,0.035823178,28.16919,28.527466,1.3295712,2.32402,0.0,345.8984375,3.1567922e-06
S2,1,-1.6763889197207675e-05,0.1464936915854527,-0.26335333796458205,0.8118257957927132,1.1661120649337526,4.455503151317481,0.006976190476190476,2.05078125,6.209517278768446e-05,1.1816289265950521,0.020291011322889577,1.07269287109375,1.3294219970703125,0.9214802039975366,1.533396285310296,0.0,33.49609375,8.110069120699565e-07,-1.2788016916390995e-06,0.007966779063898264,-0.04600855950270974,0.04468334958168567,-0.15632481425247563,0.9181146793966968,0.29645238095238097,29.39453125,1.8024333383794955e-07,-0.010900363923505475,0.5530310607944164,-1.1629382948911844,1.1032002067295965,0.03280681394562285,-1.095152161626786,0.001,0.68359375,0.00023285311916259197,28.336815,0.043303695,28.16919,28.574677,0.9389838,1.1298232,0.0,341.796875,3.1630764e-06
S2,1,-0.00045160148798466384,0.14654426061746414,-0.3475190502911605,0.8118257957927132,1.0767120470261653,3.9647720285611916,0.007190476190476191,1.3671875,6.15422274657273e-05,1.1676223482404435,0.019283595735132657,0.927734375,1.2981414794921875,1.091301802441902,2.616601222059776,0.0,4.1015625,8.328720977492173e-07,-1.134611513931705e-06,0.008354864964829225,-0.04698201450346841,0.051443555289534836,-0.1145711956551051,1.0505615461864597,0.29542857142857143,28.7109375,1.9969967727365982e-07,-0.003953299413813564,0.530472881228078,-1.0084184484067509,1.0519646752498382,0.015406326127377775,-1.199486889064376,0.0010238095238095238,0.68359375,0.00022558921358869707,28.42957,0.084886156,28.243317,28.747864,0.475253,-0.7067578,0.0,308.30078125,3.0624562e-06
S2,1,0.0002549216542896476,0.1489847122459104,-0.35346584586247626,0.7457654195880458,0.9369486469811468,3.4451089795047114,0.007642857142857143,1.3671875,6.415103393524681e-05,1.155650483994257,0.02029225367792849,0.913238525390625,1.294708251953125,1.0939384553403169,2.7061520104068997,0.0,0.68359375,8.334980962499955e-07,7.12566879719517e-07,0.008656252342311915,-0.06386130752214311,0.169235379811216,0.25482922815638903,8.66976547396773,0.2923809523809524,28.7109375,2.1621582808704428e-07,-0.01540830212504418,1.0373665594546926,-2.594604722918199,2.6401256485710882,0.037854099221792115,0.22358911192885156,0.0009285714285714286,0.68359375,0.0005163886994166069,29.404934,1.3083186,28.373169,32.39737,1.0490153,-0.54958725,0.0,0.68359375,3.6972078e-06
S2,1,1.3064397458374473e-05,0.14836460293715678,-0.35346584586247626,0.7476450579715402,0.8393658727141422,3.1058854025310705,0.007619047619047619,1.3671875,6.300339701441964e-05,1.1426591328212192,0.01790636332022621,0.913238525390625,1.26495361328125,1.3140829463936063,3.373993464411549,0.0,0.68359375,8.188926489046251e-07,-2.367885673828338e-07,0.00783367767121069,-0.06386130752214311,0.169235379811216,0.2939477114648532,12.734161072790805,0.28614285714285714,28.02734375,1.7766860932618025e-07,-0.005807641686960172,1.224244708477472,-2.594604722918199,2.6401256485710882,0.06604049248904707,-0.770653531429446,0.0009047619047619047,0.68359375,0.0007526695063364336,31.746368,1.7484206,28.496002,33.97528,-0.64367753,-0.9397738,0.0,0.68359375,2.860574e-06
S2,1,-0.00028307258100089116,0.14694088574693884,-0.27784411850172663,0.7476450579715402,0.8457583416359534,3.126501071775195,0.007357142857142857,1.3671875,6.244782520451798e-05,1.1311745689028785,0.018579784058870216,0.9372711181640625,1.253509521484375,1.1562389766449759,2.666604465090262,0.0,2.734375,8.189450277657214e-07,-8.711402793558702e-07,0.007142700003996532,-0.041511997591394664,0.036798729488986194,-0.2718981409789785,1.76017864943101,0.285,26.66015625,1.4604161174501698e-07,0.015924922477287426,0.9281095737737004,-2.071878977052741,2.364156295565369,-0.0020709064298476553,-0.5933466394156306,0.0009523809523809524,0.68359375,0.000517277646555961,33.554558,0.54964596,32.269287,34.37039,-0.5740514,-0.8209934,0.0,0.68359375,1.8344783e-06
S2,1,1.6614883849693182e-05,0.14234621382906132,-0.30585186334006265,0.7172019066634966,0.9550055027265919,3.2650605207973484,0.009261904761904761,1.3671875,5.728460388214133e-05,1.1166383652460008,0.02229436666943184,0.9372711181640625,1.235198974609375,0.49108506444792666,1.160085894533748,0.0,0.68359375,8.12462075363395e-07,3.5203940494244245e-07,0.009618382897987485,-0.10754841054726955,0.15202896568864996,0.04525273866962631,10.304657558650817,0.3014047619047619,58.7890625,2.615540806878614e-07,0.044865193650781725,3.3140079926802763,-14.631027088166372,12.850530354197474,-0.45805282182536783,7.261271342442802,0.0008095238095238096,0.68359375,0.0023630928365448007,32.618942,1.4468805,30.146912,34.37039,-0.3258131,-1.4912208,0.0,0.68359375,2.1123649e-06
S2,1,-8.89244035312344e-05,0.16826765076118974,-0.8858788966059933,1.2671255569111923,0.776468649816707,4.942713815343257,0.012571428571428572,1.3671875,7.841193478335816e-05,1.1487182980492001,0.06785899125774915,1.0162353515625,1.3866424560546875,0.6604555342809714,-1.0081632268903342,0.0,0.68359375,8.370966481234448e-07,2.693267908553805e-07,0.011816425528324168,-0.14549799018763457,0.2014169787912578,0.004741503968167664,16.054987362313828,0.31314285714285717,47.16796875,3.885687018926244e-07,0.08232217531617457,4.8476673981897855,-14.631027088166372,12.850530354197474,-0.43111178945496526,1.3331202756546334,0.0005238095238095238,0.68359375,0.004307958449944621,30.497105,1.0040318,29.377228,33.016846,0.8383667,-0.5120301,0.0,0.68359375,1.892831e-06
S2,2,7.815227261914952e-05,0.12478135502446949,-0.32403663169879515,0.790345721895661,1.9132400670043521,6.49666408862344,0.014928571428571428,1.3671875,4.186894980668497e-05,1.2360794158208939,0.03099866638630952,1.044464111328125,1.373291015625,0.28471285969619425,-0.04972804389414476,0.0,0.68359375,8.318623014869727e-07,2.5211414584466517e-07,0.009095973378929006,-0.055273797564382846,0.04234303564985874,-0.22295367387749876,0.8448102399571962,0.30902380952380953,58.10546875,2.3521351521830383e-07,-0.008871694600396279,3.7885849657419937,-7.973881605680973,11.275102636459106,0.42752189080347336,0.13111044698546248,0.0006666666666666666,0.68359375,0.0031151646754741294,31.2861,0.060697716,31.139984,31.519684,0.30111715,-1.1279831,0.0,0.68359375,5.909719e-07
S2,2,-0.00012566493615209619,0.12459681336432142,-0.32403663169879515,0.7782940088381928,1.685487412690429,5.702994321759769,0.016047619047619047,2.734375,4.369553088532752e-05,1.2035297575451078,0.028947588394983015,0.968170166015625,1.3519287109375,0.689205641161005,0.0074429266650328785,0.0,188.671875,8.144072173413251e-07,-4.381045183332897e-08,0.009124673062465172,-0.05021531286402685,0.04234303564985874,-0.22848527584925526,0.8813357872156935,0.31252380952380954,45.1171875,2.3550753517775495e-07,-0.13088627004795822,4.19424192067315,-6.746139747510824,11.861789496563269,0.5850218989540087,-0.023153794380492698,0.0005476190476190477,0.68359375,0.003652057118762176,31.346315,0.038191233,31.170837,31.531494,-0.948294,2.0563216,0.0,0.68359375,5.8654575e-07
S2,2,-5.3708633018329874e-05,0.127687494253275,-0.3855618415024392,0.7782940088381928,1.7027360905913664,6.092201813689952,0.01695238095238095,2.734375,4.668416225426296e-05,1.1920989354451497,0.03236290010374775,0.968170166015625,1.371002197265625,1.674835238519858,2.403752901121864,0.0,0.68359375,8.31477469040346e-07,1.3337733227429568e-06,0.009419806605811862,-0.05860998687904434,0.06948268390411279,-0.24512473281523423,1.127551376640361,0.2948095238095238,42.3828125,2.5260601900608196e-07,-0.009659640454467914,4.330729576227246,-6.658580052597992,12.59750097175952,0.6945919799371845,0.055652538743171664,0.0004761904761904762,0.68359375,0.003379622075111062,31.332481,0.05130287,31.151733,31.531494,-1.176461,1.2146568,0.0,0.68359375,5.9958023e-07
S2,2,6.953879523398456e-05,0.13098057932931564,-0.3855618415024392,0.7563394459994957,1.6185357112316037,5.569362257306773,0.01661904761904762,2.734375,5.0539555181619866e-05,1.2444866089593796,0.05584041809142716,1.114654541015625,1.422119140625,-0.22130032028156904,-1.3431729235243008,0.0,0.68359375,8.267993832421894e-07,4.546566224723148e-07,0.009573582673195033,-0.05860998687904434,0.06948268390411279,-0.26241010929918446,1.1461505468413824,0.2884047619047619,55.37109375,2.6391941022798794e-07,0.009310545601722786,3.8799458393812642,-6.078696783666792,12.59750097175952,0.7807213920555004,0.3488026024126518,0.0005,0.68359375,0.002713707383361646,31.25894,0.067483954,31.059265,31.506378,0.3041289,-1.0528431,0.0,0.68359375,6.1548394e-07
S2,2,-5.229679471266904e-07,0.12780428221757767,-0.3438904040075299,0.7563394459994957,1.9642936433586518,6.878324764263439,0.017857142857142856,2.734375,4.8758078930562224e-05,1.2797889164515903,0.022337500044904802,1.1962890625,1.422119140625,0.9877943156779607,1.247666272288365,0.0,0.68359375,8.062854304747785e-07,-1.1992301589497071e-06,0.009191006316889861,-0.05366298364650409,0.04543958639580867,-0.23735109980332209,0.8350593150432926,0.29395238095238096,42.3828125,2.4376262003855523e-07,0.07401709040333009,2.538905773192203,-5.567361609206092,7.654854295335699,0.5965476007289066,0.36849739612432764,0.0005476190476190477,0.68359375,0.0017082778811832939,31.25489,0.052111126,31.059265,31.468079,-0.32322738,-0.6146252,0.0,0.68359375,6.297853e-07
S2,2,0.00021273242450948568,0.13304887783078947,-0.4255585376984234,0.8245463927422264,1.8573126353496667,6.468261951659647,0.018,2.734375,5.027619098415293e-05,1.2675746554420109,0.01817268135428094,0.9716033935546875,1.3866424560546875,1.0971244065932402,5.561815025403243,0.0,132.6171875,8.169882391372088e-07,2.318860306195888e-06,0.009692827427463644,-0.11960071445768461,0.057668509564342385,-0.31714105953595795,2.270515143016195,0.2803809523809524,45.80078125,2.693998895286828e-07,0.05261936316150675,2.1600747015578654,-4.535562140460446,7.654854295335699,0.4868006326384148,0.5154203724383035,0.0005,0.68359375,0.0009949684725437322,31.310417,0.0365422,31.188446,31.534424,1.3071839,1.3566575,0.0,0.68359375,6.105887e-07
S2,2,0.0002389078270212536,0.13783092989390983,-0.47993622440550227,0.8245463927422264,1.5968501461307127,5.346746897666353,0.015690476190476192,2.734375,5.417989774813768e-05,1.3249762217203775,0.07117827519310677,0.9716033935546875,1.52435302734375,0.39153990082781487,-1.4595066727720982,0.0,0.68359375,8.697091320162172e-07,-2.971752830745397e-07,0.009774319330864414,-0.11960071445768461,0.057668509564342385,-0.29015568375782747,2.1272739480486313,0.2810238095238095,50.5859375,2.7389319953042816e-07,-0.09449959614176603,2.0072702310377766,-4.646022511590653,5.511137981523472,0.2723823777071825,0.28932115051699325,0.0005714285714285715,0.68359375,0.0009327034730893427,31.356792,0.048186533,31.209015,31.55362,-0.43631497,-0.7276907,0.0,0.68359375,5.8793154e-07
S2,2,-8.426680851557294e-05,0.13027630234234394,-0.47993622440550227,0.7343960543917052,1.7354784863096129,5.6991340933460055,0.014452380952380953,2.734375,4.584440288600769e-05,1.404358636765253,0.04334676098054508,1.21002197265625,1.52435302734375,-1.6913601626678358,3.1715775149934746,0.0,0.68359375,8.501987179254101e-07,-2.470297351144063e-06,0.00917048299303596,-0.060075376993597544,0.05377246909251844,-0.16606370639969215,1.0004186169521132,0.3010238095238095,47.16796875,2.3769551883228447e-07,0.029899059563218987,2.4369064691510505,-4.646022511590653,6.877516543250688,0.591666556217447,0.020339651013328908,0.000619047619047619,0.68359375,0.0016284757149449933,31.396053,0.022476763,31.263428,31.575745,1.2382469,4.9226084,0.0,0.68359375,5.618552e-07
S2,2,6.39054754226258e-05,0.12794539907259764,-0.3669337036770309,0.7426482579251917,1.9323776030468767,6.703202170808961,0.016166666666666666,2.734375,4.341116636569482e-05,1.4297132128760928,0.025570751329535537,1.21002197265625,1.556396484375,0.705525251053461,0.9550450258939924,0.0,0.68359375,7.956761075487965e-07,-1.0829702524935243e-06,0.008816927383785984,-0.060075376993597544,0.05377246909251844,-0.18944637701771896,1.3186170932174024,0.31047619047619046,47.16796875,2.1770244464276883e-07,0.03690926857161596,2.7513116417966637,-5.774919352665016,9.652228224562736,0.8277503244153126,1.1009910498148088,0.0005952380952380953,0.68359375,0.0018441502007012537,31.316904,0.11272598,31.075409,31.58017,-0.64593184,-1.0679893,0.0,0.68359375,5.9804523e-07
S2,2,-0.00019496587631991476,0.12964165490758917,-0.3669337036770309,0.818531795537495,2.2190399917642813,8.445269343829748,0.016095238095238096,2.734375,4.8642156933629814e-05,1.476589093889509,0.05451064952792546,1.245880126953125,1.7009735107421875,0.31502268241282994,-0.3545475311225599,0.0,0.68359375,8.648984309915265e-07,-2.2533300529165016e-07,0.008099524491316708,-0.050941323152433333,0.04559643836131512,-0.19496308857516267,0.7705481049939555,0.3156904761904762,47.16796875,1.8690560741698415e-07,-0.05365232688763116,2.615405899910162,-5.774919352665016,9.652228224562736,0.971715925824277,2.4860354415165835,0.0005952380952380953,0.68359375,0.0016516927871382564,31.147167,0.11345956,30.927307,31.58017,1.1105996,0.26939797,0.0,0.68359375,6.52196e-07
S2,2,-0.00024936008880721447,0.1284330056214597,-0.2569753370190809,0.818531795537495,2.3729819346026364,9.10196685653032,0.015047619047619048,2.734375,4.749760759040289e-05,1.5069367454165503,0.03377503056792293,1.294708251953125,1.7009735107421875,0.7152019924764564,2.53042220564652,0.0,0.68359375,8.465897400022473e-07,1.578749916861535e-07,0.007802360588389221,-0.03923127334767821,0.0337791079229043,-0.19996530844051366,0.5417420986216381,0.3173095238095238,24.609375,1.7457031940391497e-07,-0.0878489398741994,2.1309778525006324,-4.837064194805498,8.588203433609063,0.7952793026207664,2.207069607655911,0.0006428571428571428,0.68359375,0.0012315956796173277,31.06319,0.02576505,30.927307,31.245789,0.96784496,3.1373816,0.0,0.68359375,6.8519535e-07
S2,2,9.876742834143364e-05,0.12582590043790048,-0.2569753370190809,0.8049266482565894,2.4880710117513343,9.535590588859534,0.01576190476190476,2.734375,4.552696677716826e-05,1.5596630368913924,0.10757616778210524,1.311492919921875,1.9683837890625,1.312862361795349,0.7576497308382129,0.0,0.68359375,9.617065480297377e-07,3.8097004500204903e-07,0.007594388018901683,-0.03923127334767821,0.03290587683885804,-0.22704615502815573,0.668732772712171,0.3159047619047619,43.75,1.6467196010340784e-07,0.014798994990239218,2.188624227957479,-6.317669980708883,7.691127724953242,0.3180640585025554,1.459828214240991,0.0007142857142857143,0.68359375,0.0013574121562526134,31.070694,0.024588507,30.987396,31.248718,0.92219436,3.7738209,0.0,0.68359375,6.8817013e-07
S2,2,-0.00015337927712523377,0.12449392021307332,-0.22460315570428319,0.8301918209976102,2.532157656458901,9.82281997871621,0.015238095238095238,2.734375,4.3908207927951726e-05,1.7271781194777716,0.14192452349049284,1.4293670654296875,2.06146240234375,-0.45484000513216327,-0.7734204076477642,0.0,0.68359375,1.0794683339719885e-06,1.2930914279217475e-06,0.007674083738627439,-0.0377373226948793,0.038109555628672735,-0.18144517781593686,0.7160603730272861,0.32545238095238094,47.16796875,1.6667890283696662e-07,0.06841920747056288,2.074688967074863,-6.317669980708883,7.691127724953242,0.364835397802941,2.2135669759341496,0.0006904761904761905,0.68359375,0.0011319003380946366,31.079842,0.020536397,30.971283,31.269287,2.1832712,9.302552,0.0,0.68359375,6.6430215e-07
S2,2,-8.92983825152362e-06,0.12621837088725746,-0.2847085369776005,0.8521289339670183,2.4964959578864403,10.043553155452818,0.014238095238095239,2.734375,4.484294708766808e-05,1.8430974506196522,0.06652358447350924,1.6937255859375,2.0656585693359375,0.6265034541980382,-0.517777273047388,0.0,0.68359375,9.545865055949172e-07,-9.408860168992768e-07,0.007938974626456418,-0.04201398745573507,0.038109555628672735,-0.16028699118039558,0.6330710388369032,0.3293333333333333,45.80078125,1.7933634754812158e-07,-0.0036836826585882926,1.4021738170214846,-2.570801984641723,4.304592145174949,0.44274647666403005,-0.26084273926492996,0.0007380952380952381,0.68359375,0.000700908747411758,31.154257,0.081168264,30.971283,31.443024,0.4460502,-1.2198471,0.0,0.68359375,6.607343e-07
S2,2,0.00011985027728072167,0.1272325595446755,-0.2847085369776005,0.8521289339670183,2.3611462086714585,9.429998942359191,0.014261904761904762,2.734375,4.6591530273778374e-05,1.977646255493164,0.18792126284259295,1.7253875732421875,2.388763427734375,0.9059411571740793,-0.7404804046908846,0.0,0.68359375,1.0020641323966088e-06,1.6079268406886303e-07,0.007916245943517627,-0.04201398745573507,0.03723458272526787,-0.19965691774978475,0.6183934884436377,0.32885714285714285,32.8125,1.7923007478889774e-07,0.045066702585035305,1.9006396285166522,-4.065188957702164,6.198736028784804,0.6460640155410237,0.5010334171550648,0.0006428571428571428,0.68359375,0.0010320715979447817,31.257679,0.049677882,31.085663,31.457733,-0.8185549,0.0893116,0.0,0.68359375,6.046796e-07
S2,2,4.281819759907154e-05,0.12689353509281134,-0.23474589925880335,0.8767820543392866,2.402169652913227,9.63479643202799,0.014833333333333334,2.734375,4.688223959982532e-05,2.2507964724586125,0.21007164059439842,1.8215179443359375,2.7896881103515625,-0.661855604888636,-0.7602862672865625,0.0,0.68359375,1.1796785378576838e-06,6.15161592619023e-07,0.0077501813242877105,-0.04136114692217136,0.03485920761672856,-0.21399940677011434,0.5828930821327876,0.3273333333333333,32.12890625,1.7199063854883696e-07,-0.024165851665078217,2.070973297684585,-4.297584373226866,6.198736028784804,0.5187584795178914,0.20910660364937117,0.0005952380952380953,0.68359375,0.0011956091008032816,31.27913,0.02024561,31.153198,31.457733,1.6276891,7.818266,0.0,0.68359375,5.6103994e-07
S2,2,-6.486053093052094e-05,0.131277487143428,-0.262400491123481,0.8767820543392866,2.30023880831933,9.059069987113775,0.014285714285714285,2.734375,4.65935094284522e-05,2.5155248369489396,0.1441991129984978,2.2247314453125,2.9296875,0.2547062288529811,-0.7832707253149471,0.0,0.68359375,1.3436887049159709e-06,-1.7129497708245156e-07,0.007873119119809039,-0.043753245232339616,0.04099009642534019,-0.20206235122242336,0.5615452726921482,0.30933333333333335,49.21875,1.7572721641857476e-07,0.013043002334850257,2.050222981074684,-4.297584373226866,4.888477034090885,0.29970822847899153,-0.27656792831492893,0.0006666666666666666,0.68359375,0.0011786696879552384,31.217333,0.07917961,31.031372,31.431213,-0.928846,-0.61516833,0.0,0.68359375,5.93358e-07
S2,2,-8.269492628916242e-05,0.1336371871535881,-0.31129900280371237,0.8725451440682548,2.1870731479003687,8.380231495186926,0.013714285714285714,2.734375,4.689573617811375e-05,2.6473928905668713,0.07928363079897438,2.4509429931640625,2.9296875,0.34129777529985944,0.039140412139621716,0.0,0.68359375,1.1027775951432212e-06,8.745065805836598e-08,0.007986101951934868,-0.04537142099710155,0.04099009642534019,-0.1957322935399114,0.5771956276215824,0.30892857142857144,49.21875,1.79950670907747e-07,0.030554054559611712,2.2248744500031195,-4.205410325443927,5.878666453063802,0.42860980552763495,-0.5203064326014504,0.0005476190476190477,0.68359375,0.0010231855228909285,31.12413,0.07543707,31.005005,31.415009,1.0531688,-0.18705225,0.0,0.68359375,6.565454e-07
S2,2,4.802693412884133e-05,0.13063964396418654,-0.31129900280371237,0.8447644769535398,2.253378422978708,8.78153304643084,0.013738095238095238,2.734375,4.865276490345915e-05,2.7839765367053806,0.14310564144386148,2.5177001953125,3.1978607177734375,0.4374884464686647,-0.8712332810227044,0.0,0.68359375,1.041548835155546e-06,-6.803540233232274e-07,0.007734915798578697,-0.04537142099710155,0.036193807822064966,-0.21601288572918576,0.6557918861831937,0.30876190476190474,49.90234375,1.707828735294293e-07,-0.04703264023331879,2.155571638587477,-4.069777870133943,5.878666453063802,0.32971691534145947,-0.6236076506962216,0.0005714285714285715,0.68359375,0.0011209894756446794,31.10255,0.031465825,30.977142,31.298737,0.094686955,1.1280866,0.0,0.68359375,6.870787e-07
S2,2,0.00033999493888263856,0.1301852073207914,-0.2328666476929714,0.8748203087971617,2.275711941926037,8.963432162620387,0.014071428571428572,2.734375,4.950166568340637e-05,2.9480557032993864,0.1271735656724211,2.6874542236328125,3.4427642822265625,1.3285787720968056,2.2823321090081494,0.0,0.68359375,1.3580555933605624e-06,2.0178391653231043e-07,0.007605487181348019,-0.042947109082474386,0.03388896605547897,-0.2424026066426666,0.6605018863545933,0.29304761904761906,30.078125,1.6491120777207212e-07,-0.013988641559366759,1.8910766619250257,-4.105336552263083,4.256243538183309,-0.015738843917816128,-0.6977338055510423,0.0006428571428571428,0.68359375,0.0011448328426409604,31.113272,0.019995619,30.977142,31.298737,2.1056237,10.849019,0.0,0.68359375,6.845605e-07
S2,2,-0.00016269067016153556,0.1322539347540784,-0.2328666476929714,0.888509619912395,2.295755067447894,8.986992893846658,0.013595238095238096,2.734375,5.1733403886171605e-05,3.056305440266927,0.12767508460858587,2.8186798095703125,3.4427642822265625,0.44628864035663696,-0.4869585423802034,0.0,0.68359375,1.2287059243326875e-06,2.3887845532205684e-07,0.007652455821764382,-0.04117285208671025,0.03388896605547897,-0.23235102244862998,0.6000426848033267,0.2882619047619048,30.76171875,1.6715866345026793e-07,0.027274872744781856,1.8560248519666787,-4.15225990732169,4.755218821631213,0.06321756343337483,-0.43812255801789846,0.0006666666666666666,0.68359375,0.0011663119940424915,31.108839,0.02580712,31.010864,31.309021,1.5478842,4.4149966,0.0,0.68359375,6.5293955e-07
S2,3,1.1820804709332539e-05,0.11806060266488749,-0.5486602911698722,1.0790934725130676,2.5973012313422457,13.652494081644686,0.018785714285714284,3.41796875,4.1786041618279714e-05,0.7546395528884161,0.023089388035511284,0.55694580078125,0.8823394775390625,1.310166492610635,1.8529517298364606,0.0,0.68359375,1.3916540311746164e-06,-3.695453649281622e-07,0.008462692762143264,-0.08116343867960348,0.08369926018744103,-0.16559092756959218,3.4208915620664175,0.3069047619047619,41.69921875,2.0456158058734513e-07,0.0029688647913829534,1.845793956289237,-7.44634668114157,6.2781062440251985,-0.2823895005570529,2.745848553520805,0.0008809523809523809,0.68359375,0.001612484815441793,31.684479,0.066545315,31.431213,31.970703,0.1041153,0.40029097,0.0,0.68359375,5.222265e-07
S2,3,-9.270517156880432e-05,0.1103119446150744,-0.20832246915611893,0.7976993753038871,2.7462599573617688,12.98492933594403,0.018214285714285714,3.41796875,3.543947819251978e-05,0.7679247447422572,0.026712680698856236,0.5794525146484375,0.9296417236328125,0.8737645278756045,0.8413269917659614,0.0,44.43359375,1.4061624627372185e-06,9.57502924743746e-07,0.007511279929210895,-0.04111321076557084,0.03714751982870805,-0.23178703986491428,0.92352697994956,0.31607142857142856,30.078125,1.6111012008819567e-07,-0.008869336030834165,0.9428730337965171,-2.843483241977101,2.526986906808619,-0.000899329359785381,0.44212206976235,0.001,0.68359375,0.0005665340237126543,31.817715,0.10484606,31.529968,32.288635,0.21209113,-0.7900157,0.0,0.68359375,4.980738e-07
S2,3,-9.720917772829078e-05,0.11255839271353371,-0.23517296781673505,0.7568814123430876,2.5887839603461695,11.448341654544812,0.017952380952380952,3.41796875,3.5914271542808206e-05,0.8059670221237909,0.03706019145804601,0.5794525146484375,0.969696044921875,0.5582874196018057,-0.22671934791226667,0.0,0.68359375,1.3964180794991007e-06,2.7936755615552236e-07,0.007722805748345462,-0.04225396751034294,0.03397199142401469,-0.23412993589779776,0.9609979647771132,0.3015238095238095,30.078125,1.6993309822440137e-07,0.01760930702941068,1.266359440772965,-5.156290903981416,4.67207061390377,-0.2308305996009881,4.538920983046436,0.0009523809523809524,0.68359375,0.0005235879369767268,32.01718,0.12211012,31.81961,32.40628,-0.093895815,-1.5595181,0.0,0.68359375,5.1772565e-07
S2,3,2.2039156392252993e-05,0.1109616182832853,-0.23517296781673505,0.7279012295185837,2.5714661313157374,11.316953056525659,0.01838095238095238,3.41796875,3.5310715143020905e-05,0.8518972760155088,0.035517084620709814,0.7358551025390625,1.0009765625,0.09087200581196597,0.19490408080249333,0.0,0.68359375,1.375041944605662e-06,1.0944696892989877e-07,0.007673679695937952,-0.04225396751034294,0.03658807051938173,-0.24369403946721793,1.0016649223612788,0.2871666666666667,29.39453125,1.6861363718358564e-07,-0.002524078883200925,1.3332972938541212,-5.156290903981416,4.67207061390377,-0.15833524835218815,3.213158867625979,0.0009285714285714286,0.68359375,0.0006300406743861146,32.15709,0.0619125,31.955902,32.40628,0.123160824,-0.799422,0.0,0.68359375,5.335741e-07
S2,3,4.9098519154184224e-05,0.10858971074578425,-0.2063564757161729,0.8142758290205957,2.717042617863245,12.123626364529507,0.019023809523809523,3.41796875,3.439530881766635e-05,0.8450615928286598,0.039277992090139456,0.7205963134765625,1.0009765625,0.10942515605239299,-0.3169993463313765,0.0,0.68359375,1.3420835002844014e-06,4.887957547833448e-07,0.007551287555132051,-0.04235672316730303,0.03658807051938173,-0.2384701296675793,0.9096215228402369,0.2959761904761905,28.7109375,1.63278459496283e-07,-0.028442965070499614,0.699248051793715,-1.4502586089149072,1.6537439769892177,0.09217490879428397,-0.8013355328175256,0.001,0.68359375,0.00034468174515633074,32.0649,0.13245939,31.797394,32.40628,0.19171083,-1.5732774,0.0,0.68359375,5.608995e-07
S2,3,-6.102792930123365e-05,0.10961942843272801,-0.2063564757161729,0.8142758290205957,2.6982427057932066,12.251475798863938,0.018404761904761906,3.41796875,3.427911239082213e-05,0.7924680800664993,0.03660094386229613,0.5901336669921875,0.945281982421875,0.43897412435723604,-0.287062924394041,0.0,43.75,1.3370674125707785e-06,3.966504198662884e-07,0.007556662554042983,-0.04235672316730303,0.03906767278638862,-0.2270590475070363,0.8662429699866849,0.32766666666666666,30.078125,1.6313550447013874e-07,-0.002402999533347175,0.9905055638044772,-2.4573450768035894,2.1194353655572797,-0.10941634430226031,-0.4566203484697082,0.0009761904761904762,0.68359375,0.0006135015466220227,31.957592,0.048167255,31.760437,32.248444,0.5845902,-0.5604708,0.0,0.68359375,5.4098024e-07
S2,3,6.441752168968297e-05,0.10925907359950332,-0.20336993723947555,0.8175151704758381,2.657437673387849,12.326263318034316,0.018738095238095238,3.41796875,3.431894326101836e-05,0.7485551834106445,0.030892785127677853,0.5901336669921875,0.8914947509765625,0.483402045286195,-0.07451812054699847,0.0,31.4453125,1.3246193110194151e-06,1.0681923473880055e-07,0.007556202570645108,-0.04071248938106305,0.03906767278638862,-0.2140900569474462,0.8639635964817058,0.3418809523809524,28.02734375,1.6306245375387019e-07,0.004113083509317424,1.1741874271685266,-2.4990139498796977,2.3152670797723043,-0.07931275803134753,-1.0529551933027934,0.0009761904761904762,0.68359375,0.0008694844291926043,32.051064,0.091868855,31.760437,32.313965,-0.21357225,-1.2585651,0.0,0.68359375,5.510887e-07
S2,3,0.0001663287406193405,0.10890409489359705,-0.20108323946029674,0.8175151704758381,2.6785190661765044,12.222053902866627,0.019023809523809523,3.41796875,3.452439409722951e-05,0.7148633684430804,0.02738225676437848,0.6160736083984375,0.8373260498046875,0.6514174011258179,0.22798247262652893,0.0,31.4453125,1.3205444907077074e-06,-4.363000100885441e-07,0.0075392261909607225,-0.04031888388214651,0.04026061532887922,-0.22672452091910944,0.9700856379059966,0.3375714285714286,28.02734375,1.612479829094417e-07,0.015859546886089756,1.1230371654151423,-2.4990139498796977,2.3152670797723043,-0.03588141577369207,-1.0750851503350192,0.0009761904761904762,0.68359375,0.0008385419549877888,32.179688,0.08420236,31.973694,32.500244,0.7508941,-0.59467673,0.0,0.68359375,5.9321e-07
S2,3,-5.660649253309452e-06,0.10914024148254228,-0.35041731756291206,0.7602672406579518,2.359668381866459,10.394666566312463,0.0175,3.41796875,3.534779651177436e-05,0.7072080067225865,0.02776096178224372,0.6160736083984375,0.8342742919921875,0.7312700951726074,0.11433878931626529,0.0,6.15234375,1.315841170372586e-06,-8.959552844000787e-07,0.008808250105628985,-0.09437619599806477,0.08457131770852071,-0.167240269721212,3.826919736905941,0.3191428571428571,28.7109375,2.2349872683152488e-07,-3.3902928876874027e-05,1.339689957566882,-3.814193718678204,3.6681552094785186,-0.08502840874498162,-0.41810649011246515,0.0009523809523809524,0.68359375,0.0010546558330748958,32.286755,0.08841321,31.973694,32.61377,-0.8749268,-0.5039177,0.0,0.68359375,6.008895e-07
S2,3,-0.0002505745068289661,0.1087078301948986,-0.35041731756291206,0.7195613665293801,2.1070887645053347,9.254135837556774,0.013833333333333333,2.734375,3.4579954576422e-05,0.6981881096249535,0.03278771145837687,0.59967041015625,0.8342742919921875,0.4130923189627033,-0.10927618447297904,0.0,0.68359375,1.2974074676638398e-06,1.0458052404378686e-07,0.00934235469510892,-0.09437619599806477,0.08457131770852071,-0.10550932527710317,3.1436491505213207,0.2926666666666667,29.39453125,2.5184374462436105e-07,-0.010057031325296938,1.7027201801740974,-5.119058869635806,4.284882273666724,-0.12889531155267037,-0.10074151323465452,0.0008809523809523809,0.68359375,0.0013781936345173612,32.436005,0.10967255,32.177063,32.779846,0.5505489,-1.0707654,0.0,0.68359375,6.185687e-07
S2,3,9.770382600413442e-05,0.10727991390248252,-0.3251450782068123,0.7491412419225773,2.2929142228551185,10.130858312351174,0.012523809523809524,2.734375,3.28584621224026e-05,0.6359967731294178,0.05766677738419729,0.4573822021484375,0.7907867431640625,-0.21016359799572945,-1.0579754718745606,0.0,0.68359375,1.2950048035428006e-06,5.28567752584168e-07,0.0088783344052863,-0.055887470848521546,0.07730588740952614,0.021815363859467307,1.7069078821857016,0.28435714285714286,32.12890625,2.2346060176153252e-07,-0.009119212315911044,1.582234588238081,-5.119058869635806,4.284882273666724,-0.13162681756639827,0.2204267441469807,0.0008571428571428571,0.68359375,0.0011657320357163832,32.602474,0.09638499,32.360138,32.851776,-0.7139412,-0.7062068,0.0,0.68359375,6.890804e-07
S2,3,0.00041592137043454223,0.10772553579242217,-0.23935661694370064,0.7491412419225773,2.385207930327963,10.573828782906793,0.013428571428571429,2.734375,3.347205578560714e-05,0.5828957239786784,0.0334777675260329,0.4451751708984375,0.737762451171875,0.829323801296768,0.20090452261285252,0.0,0.68359375,1.2575423284359582e-06,-3.484350602689377e-07,0.00852646953138843,-0.046738518154732005,0.07730588740952614,0.014052046818502507,1.8221353341861697,0.2891190476190476,29.39453125,2.0649742906229294e-07,0.0024903144064601294,1.241893267792459,-2.7031047995018542,2.6551433037880683,-0.012469836458435513,-0.8715978393818333,0.0008333333333333334,0.68359375,0.000828225112563961,32.724983,0.05705709,32.54657,33.126617,0.10420084,-0.81115055,0.0,0.68359375,8.0142325e-07
S3,1,0.00015307540714879357,0.2910094448841246,-0.43755035862340796,1.6998406547492302,3.1500068785908955,12.71794171657133,0.013238095238095238,4.1015625,0.0002442591380835508,7.460255786350795,0.37798566877656287,6.8023681640625,8.266067504882812,0.3294730541588001,-1.1362682703507396,0.0,0.68359375,1.1721503410585706e-06,3.103631670796724e-06,0.06546069274057029,-0.9682143234764194,0.7464284642453143,-0.6600357551305207,14.417330796814106,0.2724285714285714,77.9296875,1.2294796439392184e-05,0.06931695457893107,4.948520841826927,-14.499886973642152,15.508346150228821,-0.03346665715288685,1.0315895341250743,0.0005952380952380953,0.68359375,0.005526167328833935,32.84409,0.2184831,32.319916,33.399353,-0.5240362,-1.0018113,0.0,0.68359375,1.2708092e-06
S3,1,-0.0002591846911853701,0.26797884746673867,-0.3592800406419811,1.6733571971537613,3.398639424984768,14.989262190655339,0.012761904761904763,4.1015625,0.00021110285575157752,8.185333760579427,0.4334644203771206,7.454681396484375,8.86688232421875,-0.12349399330028847,-1.4474492426178447,0.0,0.68359375,2.9356240798948926e-07,5.8525671978253215e-08,0.01520318535958722,-0.2700713067653389,0.4170804058787507,3.393915103439675,104.19446130389589,0.2860238095238095,56.73828125,6.590943665025179e-07,-0.09909012303602176,2.764195319173069,-12.132581922457767,5.338265651339206,-1.158357297481569,3.5285099510172584,0.0005952380952380953,0.68359375,0.0012384751844842137,32.44055,0.24535577,32.04785,32.98532,0.23600319,-1.3282406,0.0,0.68359375,6.359916e-07
S3,1,0.0005414357101051121,0.27519578222888197,-0.3871230151643358,1.6296726172135305,3.324767609947607,14.228002149118574,0.012761904761904763,4.1015625,0.00022020289101826263,8.677492541358584,0.15850524224124865,8.205032348632812,8.93096923828125,-1.2744335287752822,0.5325758028873548,0.0,0.68359375,2.727066526676504e-07,-4.7175094045939183e-08,0.014924658157369196,-0.14338989693309867,0.20110386815703593,0.6696416913268238,9.903780576473245,0.2734761904761905,69.7265625,6.45272593809344e-07,0.052770523649582755,1.8517887154242683,-3.216009284279703,4.106048368164938,0.09379812860879187,-1.100314830453206,0.0006666666666666666,0.68359375,0.0010923586117944032,32.0964,0.14896537,31.8107,32.522675,0.32193622,-1.2202754,0.0,0.68359375,5.519139e-07
S3,1,-4.744986211710934e-05,0.2776796611407977,-0.3871230151643358,1.6302492482069955,3.3266186685055565,14.26591003521412,0.013357142857142857,4.1015625,0.00022638746736402366,8.668603179568336,0.14045091889041192,8.266448974609375,8.93096923828125,-0.7124187281348751,-0.6745643521173679,0.0,0.68359375,2.7052932738447484e-07,-2.7341671055777585e-07,0.019607697711199933,-0.176575528324677,0.2535787505219926,0.6034479876448494,6.962422163337983,0.2614047619047619,69.04296875,1.1113778880114967e-06,-0.03998703998179517,2.625841349071863,-7.726018570954026,6.715211643668239,-0.07497781960447905,-0.036281218390383785,0.0006904761904761905,0.68359375,0.002093447624105348,31.900068,0.08743277,31.671722,32.197845,-0.20940362,-0.43189335,0.0,0.68359375,5.510233e-07
S3,1,-0.0004688262806254557,0.2751067350634036,-0.3948080899432152,1.635753477789475,3.2950407323817856,14.323288798169248,0.012476190476190476,3.41796875,0.0002200682997428424,8.334373819260371,0.24852968576291645,7.898712158203125,8.815383911132812,0.018354087226977435,-1.340754418778603,0.0,0.68359375,2.561045121826186e-07,7.445829754183029e-07,0.015239981053282633,-0.176575528324677,0.2535787505219926,0.7124592947597445,12.928401419173978,0.258547619047619,77.24609375,6.593000479101706e-07,-0.10692121252151351,2.5210560053132784,-7.726018570954026,6.715211643668239,-0.09027552757332535,0.3262313054477932,0.0006428571428571428,0.68359375,0.0017195260029793844,31.740694,0.104430735,31.481323,32.065674,0.3312763,-1.44546,0.0,0.68359375,5.269799e-07
S3,1,5.318014460083655e-05,0.2740998063014509,-0.3948080899432152,1.635753477789475,3.2900742830621135,14.360249480600078,0.011738095238095238,3.41796875,0.0002207087899927015,7.958947563171387,0.17885420920450787,7.619476318359375,8.375930786132812,0.3089581960348531,-1.0857564298896896,0.0,0.68359375,2.320344850274949e-07,-1.8039972604871542e-07,0.008216811835703691,-0.06312093556343437,0.07477584641911761,0.23921905989680273,2.955015156141049,0.2632857142857143,45.1171875,1.9192475404970927e-07,-0.002829692288436685,1.7976529036083286,-4.499913380742939,5.195718617461312,0.09516914113678916,-0.4129943880203988,0.0006428571428571428,0.68359375,0.0009100039531739759,31.630262,0.028851146,31.481323,31.834381,1.3508062,2.6282535,0.0,0.68359375,4.940501e-07
S3,1,-0.00014133162135912324,0.27740293679939887,-0.46153760186606985,1.6372770164866177,3.1895946602459686,13.622841450172086,0.011547619047619048,3.41796875,0.00022783973896872435,7.7061406544276645,0.11683575104731213,7.3925018310546875,8.014297485351562,0.17338826104248095,-0.9851273874866804,0.0,0.68359375,2.305183292236669e-07,-1.708268892923719e-07,0.011828513398452069,-0.2005989375474736,0.293508034803469,1.5648022041672254,72.74083214544542,0.27364285714285713,42.3828125,3.827434379002488e-07,0.049045006952439754,2.8664377874364653,-10.200559348312563,8.548899103155122,-0.16148752381736892,1.9033784040418924,0.000619047619047619,0.68359375,0.0017613682835593018,31.55128,0.078473926,31.339935,31.766327,-0.83977455,-0.48831058,0.0,0.68359375,5.180509e-07
S3,1,0.0005171096156350153,0.28490446253347096,-0.46153760186606985,1.6372770164866177,3.0257639708928457,12.378365457251912,0.012142857142857143,3.41796875,0.00023524854491405544,7.498188354855492,0.12196697516369198,7.253265380859375,7.7442169189453125,-0.09329575858514563,-1.3643528035631627,0.0,0.68359375,2.403561256139504e-07,2.883752679732168e-08,0.014988080661430269,-0.29007466963728856,0.4116826404778295,2.130922275239885,78.62558755704774,0.28514285714285714,82.03125,6.074450314353945e-07,0.02485677323537003,2.694085448936055,-10.200559348312563,8.548899103155122,-0.2115452965093933,2.979814335226136,0.000619047619047619,0.68359375,0.0015246405983057032,31.348627,0.16341017,31.013794,31.72049,-0.24469279,-1.106784,0.0,0.68359375,6.056303e-07
S3,1,-0.00012008847273784994,0.28666432172029016,-0.41684380119639014,1.6288096004219126,3.0354280102300972,12.35284104750205,0.012785714285714286,3.41796875,0.0002408322083794656,7.299399394080752,0.10439692685774152,6.873321533203125,7.5649261474609375,0.1536163197537572,-1.1577783087524698,0.0,0.68359375,2.3259687060370268e-07,-7.393630345055938e-07,0.014957898922640827,-0.29007466963728856,0.4116826404778295,2.2056147324974495,69.31764285221259,0.2910238095238095,53.3203125,6.256337332787596e-07,-0.009698532020326953,1.5413422255330873,-3.2246670316868262,3.409350707944363,0.08196663653650597,-1.0641695833269045,0.0007142857142857143,0.68359375,0.0008288220339829997,31.079506,0.14727888,30.859955,31.494598,0.41222984,-1.2811579,0.0,0.68359375,6.9018796e-07
S3,1,-4.5056474905246364e-05,0.2872281953247062,-0.4320837780359562,1.644373072283161,3.0938939196662187,12.627477475349165,0.013642857142857142,3.41796875,0.00024088443062072465,7.156568263825916,0.06261490794533613,6.873321533203125,7.3581695556640625,0.5370780848576336,-1.1088637295522021,0.0,0.68359375,2.1879671878126278e-07,-5.951275163402427e-08,0.021948720607113576,-0.3924769095985038,0.4235397100121559,1.452450384519078,33.50970552142484,0.28226190476190477,69.7265625,1.4140725428759376e-06,-0.008239188959437068,1.7038658184389772,-3.3852609760349033,4.219913968866241,0.14965646415260325,-0.9961853929913875,0.0007142857142857143,0.68359375,0.001037020895232318,30.964327,0.03701686,30.859955,31.1958,0.18523254,0.21713638,0.0,0.68359375,7.997469e-07
S3,1,0.0005338835246592296,0.29492927147496417,-0.4589458018244874,1.644373072283161,3.0178570348789675,11.870399725557697,0.013238095238095238,3.41796875,0.0002481531921857966,7.067727225167411,0.04186256637219012,6.873321533203125,7.2162628173828125,-0.2395351306177426,-1.2027139126372042,0.0,0.68359375,2.1447618519329914e-07,5.78799859426287e-07,0.021500823663065344,-0.3924769095985038,0.4235397100121559,1.377230093331415,33.36451846461854,0.2850238095238095,69.7265625,1.3489887379381005e-06,-0.09040123432195976,2.587033067270899,-9.888027534173238,9.283010212866909,-0.11951022186432637,3.489243772081614,0.0006666666666666666,0.68359375,0.0016458000728674631,30.908236,0.08006109,30.700531,31.1958,-0.32001412,-1.2186333,0.0,0.68359375,8.763365e-07
S3,1,-0.00040485863880959134,0.2847281293300615,-0.4589458018244874,1.6414350300007032,3.100706705850757,12.788088715705905,0.012285714285714285,3.41796875,0.00023262244077055746,7.0111692337762745,0.029360207593712873,6.8027496337890625,7.1292877197265625,0.4648372139617321,-0.15364036757780264,0.0,0.68359375,2.0646889093189076e-07,3.807211391961933e-07,0.014133058071834197,-0.10996765597514353,0.21956959812913238,0.555023753023572,7.971691494894417,0.2831904761904762,44.43359375,5.673497943037137e-07,0.020333953503292063,2.497421611458426,-9.888027534173238,9.283010212866909,-0.15365870704110943,4.523584942986476,0.0006428571428571428,0.68359375,0.0013206270312412826,30.841776,0.04066154,30.700531,31.069519,0.39884254,0.2150712,0.0,0.68359375,8.72283e-07
S3,1,-0.0004918475923918827,0.27133001808495566,-0.38693067566965833,1.6399179487792668,3.243079412850141,14.262640602015093,0.013,3.41796875,0.00021385972139521827,6.964141427902948,0.03325197902314863,6.8027496337890625,7.0964813232421875,-0.2069395995547383,-1.0307007436757363,0.0,0.68359375,2.0427734533026736e-07,-2.7676148739608684e-07,0.015357840141389582,-0.10316203557474596,0.1686094640710539,0.2681922677657326,3.5450137089820393,0.27214285714285713,68.359375,6.74025245703157e-07,0.12071685352468657,1.3787967535913241,-2.708534013365595,4.649468801008328,0.5389354546488457,0.5316837384639532,0.0006428571428571428,0.68359375,0.0004241076365985911,30.867151,0.032281127,30.763397,31.05487,0.101872616,1.1335874,0.0,84.765625,8.295757e-07
S3,1,-0.00012365254236783915,0.27843839805543913,-0.3852706014544962,1.6399179487792668,3.1976012528588935,13.610009494825686,0.012142857142857143,3.41796875,0.00022390986029661758,6.893014889671689,0.052239594697049946,6.710052490234375,7.06329345703125,-0.17631233562386242,-1.2048192240216806,0.0,0.68359375,2.0050217011893236e-07,-2.894905176853259e-07,0.017315699721795613,-0.10316203557474596,0.1427955738161521,0.16752541266756418,2.013407341195543,0.27066666666666667,73.14453125,8.588428242848459e-07,-0.03163481632287236,1.6386715774458742,-4.816626518362124,4.474616421681437,-0.0213884462294042,-0.25829382919803257,0.0006666666666666666,0.68359375,0.0008245057912443166,30.894821,0.0228224,30.728302,31.073914,1.5448656,5.498843,0.0,60.15625,8.109468e-07
S3,1,-8.067916059842737e-06,0.28614114350714775,-0.4579199910416373,1.6365471240093712,3.050925106343525,12.47929681277705,0.011285714285714286,3.41796875,0.00023999430341009365,6.815352857680548,0.04222936553981283,6.5395355224609375,6.9789886474609375,0.5107138461716971,-0.4801150092321289,0.0,0.68359375,2.0578919757243505e-07,7.887488631559559e-07,0.026140768201365086,-0.36053694593624286,0.7759346308554762,2.6341813271103636,68.10808852600492,0.2691904761904762,48.53515625,1.9068405288432443e-06,-0.0335709220144504,1.8267566569396145,-4.816626518362124,4.474616421681437,0.03297882841776161,-0.7680920937682569,0.0007142857142857143,0.68359375,0.0012191300589379968,30.907467,0.040089563,30.71222,31.134094,0.017835075,0.3540156,0.0,0.68359375,8.789801e-07
S3,1,-2.563683300694547e-05,0.28975864344898866,-0.4579199910416373,1.6365471240093712,2.921027179050967,11.689023011423664,0.012595238095238095,3.41796875,0.00024708286993660146,6.755960700625465,0.03225197864247021,6.5395355224609375,6.90460205078125,-0.06668801432537343,-0.9144174323286021,0.0,0.68359375,2.119205353346322e-07,-1.9012802606621853e-07,0.02711686324786715,-0.36053694593624286,0.7759346308554762,2.4577645477874746,58.75762915530379,0.27276190476190476,48.53515625,2.043637146716516e-06,-0.01522028784180021,1.612116099943035,-3.1361220699363974,3.084767444992606,0.009939893338646881,-1.2565440503877452,0.0007142857142857143,0.68359375,0.0009704057212788158,30.856873,0.06983401,30.609985,31.134094,0.46598282,-1.2555621,0.0,0.68359375,9.4747344e-07
S3,1,-3.3459364407257956e-05,0.2903489640505965,-0.43066255295517564,1.6314813580519743,2.928166829325176,11.700238737736337,0.013785714285714287,3.41796875,0.0002496281457887504,6.709631038847424,0.027370990973112783,6.3648223876953125,6.8569183349609375,0.08741093226449312,-0.1712240526109241,0.0,0.68359375,2.217910385196665e-07,-1.5917074113634494e-06,0.023868177387286714,-0.1912544693259422,0.275875067651995,0.6053657865263795,4.540876898313559,0.27466666666666667,82.71484375,1.6416423459606832e-06,0.011831349147926001,1.5888461724445313,-3.990201871195723,3.8758183096518697,-0.009539912237664806,-0.9094732821399463,0.0006904761904761905,0.68359375,0.0008400104979264245,30.819994,0.031800542,30.609985,31.070984,0.9025649,1.8142481,0.0,69.04296875,1.0112955e-06
S3,1,0.0002574342776988344,0.2893865081425651,-0.4251310061489721,1.6377964611837796,3.000091515153822,12.080410606877711,0.012880952380952382,3.41796875,0.0002490703723330061,6.677185394650414,0.021447222762582256,6.3648223876953125,6.80694580078125,0.0074118280427795,1.1273594886698746,0.0,0.68359375,2.2272228388816844e-07,6.820634538345359e-07,0.02846708349182357,-0.22949897675554062,0.33581409339372276,0.5531521173922053,4.720190450598363,0.2770952380952381,79.98046875,2.3253644862427134e-06,0.011943646289873298,1.697082998995273,-3.990201871195723,3.8758183096518697,0.04834975446169561,-1.0000092746459597,0.0006904761904761905,0.68359375,0.0009208564274114046,30.855534,0.026948323,30.631866,31.070984,0.8820624,3.7548132,0.0,18.45703125,1.0032123e-06
S3,1,0.00041176761641524996,0.2879307207157029,-0.4296367131898912,1.6506066326744502,3.0676206350425,12.459755007650312,0.012142857142857143,3.41796875,0.00024098630974200654,6.653389776320685,0.020721776547982854,6.4136505126953125,6.77947998046875,0.10203037914876838,0.0419632845081761,0.0,0.68359375,2.1595264413493146e-07,1.3584891141804427e-06,0.035092504006230395,-0.29233575614018803,0.4282576709290896,0.433449401678631,6.624770184569593,0.27545238095238095,79.296875,3.531305031421982e-06,0.14311466178123275,2.231612756653012,-6.080456406736195,9.04533055518228,0.6892455554755005,1.7857478339871422,0.0006904761904761905,0.68359375,0.0015967486968657039,30.907122,0.044995647,30.684479,31.175232,0.431036,-0.46719098,0.0,42.3828125,1.0109337e-06
S3,1,-0.00018259488907140892,0.2866571314006313,-0.4296367131898912,1.66584691315296,3.2075234873341727,13.260568440305079,0.014690476190476191,4.1015625,0.0002443413396719924,6.6245548611595515,0.02938976394667983,6.3137054443359375,6.7775726318359375,-0.5054987618555505,0.0174113529327391,0.0,0.68359375,2.2221100302293925e-07,1.9701227286148677e-07,0.031125061977231243,-0.29233575614018803,0.4282576709290896,0.46692565431346456,11.441040392974712,0.26545238095238094,79.296875,2.7674052806187237e-06,0.04942123391156418,2.6889254267923413,-10.224379426972455,9.04533055518228,-0.339088156141163,2.472224064493103,0.0005952380952380953,0.68359375,0.0020548901214289105,30.956148,0.026979769,30.829224,31.175232,0.65534747,4.049298,0.0,30.078125,9.235772e-07
S3,1,0.0003222751834575122,0.28008487825921996,-0.38410529900199963,1.66584691315296,3.355988070462874,14.413796108575795,0.0145,4.1015625,0.00022842670197995458,6.578435625348773,0.03681186344854613,6.3137054443359375,6.7417144775390625,0.5849859893514772,-0.6427180122552607,0.0,0.68359375,2.0721159450552604e-07,-1.574805123917932e-06,0.017410535359306707,-0.2834763102007573,0.3216073334571694,0.3997051401027446,19.9028324766771,0.2595,56.73828125,8.547302761404556e-07,-0.12195558607148319,2.394536880513072,-10.224379426972455,4.860381093839198,-0.9485836368048908,2.3441705826776307,0.0005714285714285715,0.68359375,0.001274991312892971,31.00822,0.06036947,30.829224,31.294312,1.0880576,0.14678144,0.0,0.68359375,7.992934e-07
S3,1,0.0007554658527814796,0.27574714813571427,-0.38410529900199963,1.6522545146598873,3.3443127045884653,14.582265995970609,0.011666666666666667,3.41796875,0.00021836791906095266,6.537336431230817,0.017290299018426797,6.3201904296875,6.6463470458984375,0.5971889586850886,0.8757514196053835,0.0,0.68359375,2.0439016619347785e-07,-8.966530937760183e-07,0.014509840888299437,-0.07978701550652294,0.08105414599236063,-0.04408412534279119,1.0104323441621252,0.2716904761904762,60.83984375,6.001033376219666e-07,-0.006618787814151623,1.850559588729902,-3.559398889935052,3.3815730852858605,0.03301513781157564,-1.3163164584158331,0.0006428571428571428,0.68359375,0.0010772733492450724,31.13025,0.0947837,30.94638,31.4003,-0.27149436,-1.2617155,0.0,0.68359375,7.047386e-07
S3,1,-0.0001267525614716596,0.27880419502760545,-0.42972380073367317,1.6552769158573863,3.258939265098369,13.956588233577783,0.010809523809523809,4.1015625,0.00022811543326157056,6.533908444359189,0.017043994216997788,6.2122344970703125,6.653594970703125,0.4211022393112914,3.7586181439091053,0.0,0.68359375,2.1987239949802498e-07,1.1250361093848008e-06,0.021189209540911094,-0.26057306075239517,0.49065905022641043,1.407063216441468,40.57340030084292,0.28095238095238095,64.2578125,1.2941111241747284e-06,-0.040856466093330615,2.7561649171550857,-12.154019626838195,10.51671381654504,-0.4447200788471789,5.544397107675682,0.0006666666666666666,0.68359375,0.002124102037875423,31.253633,0.0511932,31.11795,31.496063,-0.33774418,-0.59701824,0.0,0.68359375,6.569056e-07
S3,1,-0.0007771605418512999,0.27965763868304294,-0.42972380073367317,1.6552769158573863,3.1777889152100904,13.510381352648658,0.011095238095238096,3.41796875,0.0002322927727854977,6.556160272870745,0.020219560804278117,6.2122344970703125,6.6936492919921875,-0.6606861760073601,2.4571462951213396,0.0,0.68359375,2.225503446943105e-07,2.0411718360945377e-06,0.026988184810351652,-0.2799911250221724,0.49065905022641043,1.0153522691960442,19.248144970773698,0.2740952380952381,63.57421875,2.0467241421205645e-06,0.03458232559393459,2.8446425881355193,-12.154019626838195,10.51671381654504,-0.4596609057584067,4.773025820437768,0.0006904761904761905,0.68359375,0.0022728663123248736,31.310026,0.023780243,31.11795,31.524109,0.9759111,5.5633593,0.0,0.68359375,7.410421e-07
S3,1,-1.746544167245501e-05,0.27689513205107086,-0.42143398662328146,1.631462589957658,3.22281447912884,13.969229974654471,0.012071428571428571,3.41796875,0.0002237610013582845,6.55991880326044,0.014478259604010286,6.3320159912109375,6.6936492919921875,0.23046594935381906,3.605476756644297,0.0,0.68359375,2.0473573820881307e-07,2.3831191265782677e-07,0.021280774024885152,-0.2799911250221724,0.3482254408659818,0.8724214939615631,16.075530166216126,0.305,86.81640625,1.311395005569074e-06,0.003786867713039171,1.7021526449078521,-4.873127891728494,4.226933698429711,-0.07115436300481491,-0.1933867728784282,0.0006428571428571428,0.68359375,0.0008861423043233559,31.308033,0.023530379,31.128235,31.524109,1.2699332,5.1591396,0.0,30.76171875,6.8374e-07
S3,1,0.0005678026451132403,0.2797657976552389,-0.4198615949430159,1.6753333345853973,3.2024837070061603,13.70440276660182,0.012666666666666666,3.41796875,0.00022754346979145297,6.54269210270473,0.013751839617296467,6.337738037109375,6.6646575927734375,0.11617161517820386,2.974830997049053,0.0,0.68359375,1.992655847716985e-07,6.836627527724504e-08,0.016668415912896046,-0.3487995618184887,0.49299999585625626,4.072908133316948,124.74151901591354,0.33576190476190476,56.73828125,5.6267478389845e-07,-0.07048326212071139,2.1461944168934037,-8.173644108695235,6.7779187343916245,-0.2858189592523119,2.1783541122135874,0.000619047619047619,0.68359375,0.0011726340086380522,31.308714,0.025140738,31.128235,31.546204,1.1598178,3.6226683,0.0,14.35546875,5.963598e-07
S3,1,-0.0005482931578157028,0.2797928002003252,-0.4198615949430159,1.6753333345853973,3.129533425331485,13.282701516431366,0.012928571428571428,3.41796875,0.00023157251899699941,6.541511235918318,0.013526351563607793,6.3800811767578125,6.6532135009765625,0.2033699502253233,1.9938270025755118,0.0,0.68359375,2.056280456019386e-07,-5.772054995355759e-08,0.018949478009988134,-0.3487995618184887,0.49299999585625626,4.295829768144792,101.93151293284367,0.34104761904761904,60.83984375,1.0137934852716317e-06,0.04262846059345067,2.0989485741523586,-8.173644108695235,6.7779187343916245,-0.3618169929982818,2.596140809661513,0.0006666666666666666,0.68359375,0.0012525612663888603,31.334505,0.022451146,31.173767,31.546204,1.4430237,6.4527025,0.0,29.39453125,6.0935093e-07
S3,1,-0.0005515902890189946,0.2804020737844619,-0.40719583986857205,1.6400449609850236,3.129524887855726,13.252073839156502,0.013333333333333334,3.41796875,0.00023216216537069772,6.545570482526506,0.010883563967305988,6.2408447265625,6.6898345947265625,0.1347623201050199,23.14551616327275,0.0,0.68359375,2.173561504099818e-07,-1.2156093494363067e-06,0.012790458284436155,-0.22426313351390587,0.3789846807210593,5.852923248934195,164.14461498315598,0.3309761904761905,60.15625,3.7096027794281335e-07,0.05341094208940118,1.5338625344868717,-3.5129932388975273,3.7066002038002495,0.01466539957366822,-0.9606230211488942,0.0007142857142857143,0.68359375,0.0007819283745491434,31.38958,0.052497473,31.241364,31.634766,0.27095962,-1.1777548,0.0,0.68359375,5.7036516e-07
S3,1,0.0003299136493124883,0.28545969890752804,-0.41880174414631105,1.6400449609850236,3.107059486179667,12.86390083074848,0.013261904761904761,3.41796875,0.0002364877683745401,6.546021861121768,0.012511121012607058,6.2408447265625,6.6898345947265625,0.6651625156788158,13.381378163317915,0.0,0.68359375,2.2298725230407715e-07,-3.305603718500001e-08,0.022423415616997195,-0.40362256312711864,0.5185770359894532,3.519341862529782,78.56393115997746,0.3101190476190476,43.75,1.4650391585883316e-06,0.11311991480807142,2.271750389386836,-6.877785243909685,9.642672886056888,0.7269071151478212,3.458331250162402,0.0006904761904761905,0.68359375,0.0012970548449202722,31.455038,0.03082077,31.303131,31.7146,-0.14936817,2.0498328,0.0,0.68359375,6.297063e-07
S3,1,-5.488580656534785e-05,0.2787166572154481,-0.41880174414631105,1.6365177549338858,3.1951539110422202,13.694709029372738,0.011095238095238096,3.41796875,0.00022804647420409584,6.54956229981922,0.011685721395693313,6.4483642578125,6.6608428955078125,0.8906712945209263,4.190466747106185,0.0,0.68359375,2.0839721094695957e-07,-8.729324422745333e-07,0.023669192746257495,-0.40362256312711864,0.5185770359894532,3.0358806179756193,62.873174356547636,0.2960714285714286,43.75,1.6337483405596035e-06,-0.03302416304431807,2.3575510180860504,-8.010753097031431,9.642672886056888,0.15369196400576887,4.512306542604917,0.0005952380952380953,0.68359375,0.0013231992278871442,31.461658,0.021638855,31.303131,31.7146,1.5309172,8.006374,0.0,15.0390625,6.3040875e-07
S3,1,-2.5464200691863544e-05,0.276629163670018,-0.3961453671440326,1.6308067754930153,3.229017510945709,13.976031412631318,0.009714285714285713,3.41796875,0.00022462366973929743,6.559042839776902,0.012860985698879909,6.3739776611328125,6.6974639892578125,0.5472061612187581,3.5836536066609463,0.0,0.68359375,2.010651701150917e-07,-1.762713622389372e-07,0.012208054326181097,-0.05566034487262264,0.08922099782870047,0.5387846800173097,1.585359489862955,0.28385714285714286,61.5234375,4.2091919909084766e-07,-0.11265743979143675,1.689228752220566,-8.010753097031431,2.258255771416801,-1.5481456234494353,4.836043048464973,0.000619047619047619,0.68359375,0.0006162124316918151,31.459457,0.020434527,31.33844,31.686493,1.7019135,8.02311,0.0,255.6640625,5.4494546e-07
S3,1,0.00044475989349067004,0.2853070038800869,-0.3961453671440326,1.6373549996708927,3.1324597963397935,12.982874586643737,0.010452380952380953,3.41796875,0.00023867811229691998,6.57068422408331,0.009956852968620925,6.3739776611328125,6.6974639892578125,0.4618802447414847,10.228850802683715,0.0,0.68359375,1.973926559542264e-07,1.0189030619473054e-06,0.01177334581186582,-0.05706734548579523,0.08088184169624688,0.4738325740329213,1.303846594315166,0.2759761904761905,69.7265625,3.9279032577018517e-07,0.006550962174113814,1.4051795595438874,-2.373953577089252,2.253135074614978,0.010673161138351317,-1.46077329182756,0.0006904761904761905,0.68359375,0.0006573622756255857,31.505884,0.04266753,31.33844,31.724915,0.43403527,-0.71633077,0.0,196.875,5.477768e-07
S3,1,-0.00024476784037953225,0.2843501901228269,-0.444195040057794,1.6373549996708927,3.1017818886164625,12.887459356936438,0.010238095238095239,3.41796875,0.00024077463261501297,6.573377582005092,0.010815456576475915,6.497955322265625,6.6707611083984375,0.7950972186187469,3.7201935165860585,0.0,0.68359375,1.8913841223506921e-07,7.23842101121106e-07,0.010833981073718545,-0.05706734548579523,0.08088184169624688,0.4304404346418227,1.43195207141635,0.27376190476190476,70.41015625,3.3543771999748524e-07,-0.01938263703802008,1.98348025526449,-6.429802534403799,6.0606009007169765,-0.03431258302735356,1.0100261887064708,0.000619047619047619,0.68359375,0.0009058679551630748,31.571806,0.037775263,31.387054,31.781128,-0.14458025,-0.098454714,0.0,105.2734375,5.345155e-07
S3,1,0.00028887419431577435,0.2791079461374457,-0.444195040057794,1.6362654752046915,3.1396838165539123,13.378360161208185,0.009666666666666667,3.41796875,0.0002278068548150537,6.580703680855887,0.013560648782071067,6.4937591552734375,6.6883087158203125,0.08317453860507557,0.974623754948654,0.0,0.68359375,1.9391371137798875e-07,-2.7677247098409195e-07,0.009421201732796022,-0.054650343847005886,0.06499085964875244,0.31755073163069314,1.2058377576518753,0.2776190476190476,70.41015625,2.5131289055016526e-07,0.009401561082880833,1.9201303155137777,-6.429802534403799,6.0606009007169765,-0.07715171814556507,1.481714388776119,0.0005952380952380953,0.68359375,0.0007791923582332799,31.603474,0.01618091,31.445953,31.792969,2.7703328,20.380173,0.0,302.1484375,5.230529e-07
S3,1,-5.477553348084573e-05,0.2790205359117997,-0.3927303340533397,1.6271192392941105,3.1592819145196804,13.490427880914996,0.009833333333333333,3.41796875,0.00023187949907269912,6.594570377894811,0.01447066449956884,6.4937591552734375,6.7020416259765625,0.6067710183181544,1.1451594044564182,0.0,0.68359375,1.9703194646505788e-07,-3.8886188579465646e-07,0.009042526345594428,-0.04200493725587359,0.055338927623628645,0.24960083457891166,0.7117527453454051,0.2777142857142857,54.00390625,2.3381685480359218e-07,-0.028084917337357518,1.3244773793686502,-2.301557863064841,2.2921044634171936,0.045601937393360596,-1.379378280513437,0.0006428571428571428,0.68359375,0.00046471213268290486,31.619184,0.02448219,31.462189,31.812195,1.5582073,4.011085,0.0,112.109375,5.259711e-07
S3,1,-0.0002714077925444493,0.284800380849043,-0.4286551993500261,1.629967012164978,3.083693715592917,12.75733876317739,0.010452380952380953,3.41796875,0.00023694691660340868,6.613778613862538,0.01975198510376227,6.27288818359375,6.7264556884765625,-0.0858000584549553,2.2218613697762484,0.0,0.68359375,2.0874562372156002e-07,-5.341147308720269e-07,0.018085235767247975,-0.28056603704081856,0.38137150160877925,1.2226469535752855,36.291584326749515,0.27854761904761904,58.10546875,9.020082848285304e-07,-0.01843591124905964,2.463328468218047,-10.07892896296714,7.767179068845294,-0.5039653191364643,3.7241352603398132,0.0006428571428571428,0.68359375,0.0012416709269215224,31.668062,0.04181261,31.462189,31.923248,0.09327894,-0.5253856,0.0,0.68359375,5.8108685e-07
S3,1,0.0008033025331974505,0.28130518685321076,-0.4286551993500261,1.629967012164978,3.1551751353844257,13.29931294420901,0.010976190476190476,3.41796875,0.00023076350881522721,6.624194381350563,0.013064064516900934,6.27288818359375,6.7264556884765625,0.26251420368257183,14.500253342556277,0.0,0.68359375,2.041736847339301e-07,1.8691878017533757e-07,0.02465382418864249,-0.28056603704081856,0.38137150160877925,0.5263504532392573,10.476506638211355,0.2779761904761905,79.98046875,1.711832240160463e-06,0.017085873960879974,2.4074819914349406,-10.07892896296714,7.767179068845294,-0.578972427927624,4.366381554117819,0.000619047619047619,0.68359375,0.0011650955671574565,31.69554,0.022269797,31.611176,31.93512,1.4157469,6.430602,0.0,0.68359375,6.3351393e-07
S3,1,-0.00013542550301596566,0.2781545976444911,-0.39075282730346766,1.643963218984168,3.2137261755334334,13.784639671085849,0.011428571428571429,3.41796875,0.00022767411157913265,6.622044009254092,0.013428194720603246,6.4128875732421875,6.7584991455078125,1.8962923423650264,10.05486442160056,0.0,0.68359375,1.9814707699719783e-07,5.758762833777432e-07,0.02973033423327937,-0.33561050911815626,0.5067444238486258,0.37046466727807115,16.7129781400655,0.27545238095238095,64.2578125,2.222723962400095e-06,-0.09458054601842023,1.6129611951651588,-6.0839401240571895,2.6934047822408616,-0.4222892797057786,0.18800997301424882,0.0006666666666666666,0.68359375,0.0008148136369297697,31.67991,0.02023653,31.525574,31.93512,2.0985467,10.145937,0.0,85.44921875,6.4068684e-07
S3,2,9.880276748466491e-05,0.35959266541566154,-0.6169519995256295,1.6787234101545319,2.862634011053506,9.45746684383303,0.015571428571428571,8.203125,0.00037137359254452775,6.876218677702404,0.040568068782922254,6.678009033203125,7.00225830078125,-0.6232819802473931,-1.0095029154132837,0.0,2.05078125,1.448707175092178e-07,-8.887927557383532e-07,0.015643348299116983,-0.20131138405134452,0.155202991918367,-0.33479524069423544,5.131979648612367,0.2834761904761905,50.5859375,6.957653367611375e-07,-0.060673455057072195,5.1202440255387245,-12.306831599036975,12.44737559160805,0.41076448441287944,-0.4100709026835663,0.0005476190476190477,0.68359375,0.006057997278485955,32.013695,0.05595217,31.852142,32.242493,-0.7752915,-0.39324856,0.0,0.68359375,5.409224e-07
S3,2,-0.00022859237320478385,0.3537719303264587,-0.6169519995256295,1.6884054270902675,2.8532542792890436,9.77763614451796,0.016047619047619047,8.88671875,0.0003611096747752281,6.973359807332357,0.09014650381833808,6.7279815673828125,7.27081298828125,1.4240611908278422,1.221678639094132,0.0,2.05078125,1.889995801266719e-07,4.142535571653337e-07,0.018080830379411297,-0.18364333314595077,0.27645714078975725,-0.14404707524908003,4.777298385145831,0.2768333333333333,60.83984375,9.24122817315754e-07,-0.11453094655506142,4.608630801078503,-6.842781150982007,12.44737559160805,0.7237432952153969,-0.4158628982286272,0.0005238095238095238,0.68359375,0.004764708869476952,32.08234,0.034347773,31.936615,32.275238,0.7311042,0.21437001,0.0,24.609375,5.7353526e-07
S3,2,-3.9176740002853664e-05,0.3390462874200023,-0.6028813113208935,1.7185028126735256,3.0014583819457705,10.94011981874316,0.01507142857142857,5.46875,0.000331699211423367,7.372246569678897,0.46597425805238185,6.880950927734375,9.004592895507812,1.4645240308045908,1.795327188663589,0.0,0.68359375,9.014476427958788e-07,-9.82194410572593e-07,0.026142712420647907,-0.2508400557958466,0.302444165633966,0.020754018894863925,8.292703793576578,0.2704761904761905,63.57421875,1.9422860074410206e-06,0.024452045870483333,3.8190975121211013,-6.640757683370999,7.978402412405859,0.4824649276182035,-0.983990158439191,0.0004761904761904762,0.68359375,0.0033839471646888593,32.151043,0.05185521,32.007782,32.382446,0.25122526,-0.7810309,0.0,0.68359375,6.2821283e-07
S3,2,3.4076228210382514e-05,0.32968147010475607,-0.6028813113208935,1.7185028126735256,3.0835409098937414,11.590731188799923,0.014214285714285714,4.78515625,0.00031905687734737337,9.350185557774134,1.767124796357313,7.161712646484375,12.09869384765625,0.16384840451836083,-1.651453854728569,0.0,0.68359375,5.112883890936331e-06,2.247610944767124e-07,0.027211554323857582,-0.2508400557958466,0.302444165633966,-0.06352956020788901,6.80400644251611,0.26545238095238094,63.57421875,2.124440496342744e-06,0.14701379586335148,3.6897086491793916,-6.640757683370999,7.500740977571775,0.2809891160497474,-1.032169706977009,0.0005476190476190477,0.68359375,0.00324110411907942,32.332207,0.21157312,32.061188,33.107025,1.590301,1.5119863,0.0,0.68359375,7.001732e-07
S3,2,-9.795365952784107e-05,0.3088746097598347,-0.5736773375539985,1.701551689459348,3.27139745131155,13.088676321539783,0.013023809523809524,4.78515625,0.0002650379803540472,10.396484147934686,1.1294387039718132,8.09173583984375,12.09869384765625,-0.5347987048523568,-0.8603462054088347,0.0,0.68359375,9.053356653178797e-06,3.6503724440005996e-07,0.0240585217635061,-0.3619501800408015,0.3029967778361663,-0.6849834203954517,11.559922293822666,0.2662857142857143,49.90234375,1.6267607204195367e-06,0.10323901093391587,3.413658296785089,-6.6051542399907195,6.926383785051542,-0.04498312614736812,-0.9694486287143138,0.0006666666666666666,0.68359375,0.0035714956527779767,33.11324,0.73190176,32.183044,34.50055,0.3587236,-1.3161808,0.0,0.68359375,1.2279368e-06
S3,2,0.0002616739568338748,0.31492229747492645,-0.6335105742801734,1.701551689459348,3.199986217370594,12.397763935159698,0.014214285714285714,4.78515625,0.0002594579410672492,8.980016962687175,1.1306661993780533,7.9280853271484375,11.58599853515625,0.970360396554898,-0.6663524574285713,0.0,0.68359375,6.283459344239064e-06,3.153420410454984e-06,0.03516391390641358,-0.3931165800867392,0.3278106142708016,-0.431744675890918,9.173584912036914,0.265,67.67578125,3.5150287494376605e-06,-0.06500039447361197,3.677782532777661,-7.35495620794843,8.14065002248357,0.23883890668573562,-0.8980666750733759,0.0005714285714285715,0.68359375,0.003897325532034842,33.9871,0.40731528,32.950775,34.521973,-0.9730965,-0.21866441,0.0,0.68359375,1.7919635e-06
S3,2,-5.439451154138908e-06,0.3227906155426144,-0.6335105742801734,1.7985053675529235,3.15552894424419,12.074729466165614,0.015571428571428571,8.203125,0.00029173657757810905,8.064591880071731,0.20512635450121172,7.5870513916015625,8.806991577148438,0.6849051961311957,1.2277457014162847,0.0,0.68359375,3.5636387242359435e-06,1.4940152488283547e-06,0.043153101685046207,-0.5128808264912119,0.5415638528777351,0.13629693680457436,10.633744641586611,0.2655952380952381,65.625,5.377624318646249e-06,-0.054221071319738016,4.408549446126853,-7.487336983387857,10.639152227004303,0.51174146582654,-0.8164237037292139,0.0004761904761904762,0.68359375,0.004372218663823329,34.01465,0.23894596,33.520264,34.521973,0.4603038,-1.3317628,0.0,0.68359375,1.6697326e-06
S3,2,-8.320329990484019e-05,0.3123580603937994,-0.6001234067158381,1.7985053675529235,3.2833885644702514,13.166888458009073,0.014666666666666666,4.78515625,0.00026905710417725787,8.108424813406808,0.23010741086413064,7.5870513916015625,8.806991577148438,0.2716964710661712,-0.22580774208028398,0.0,0.68359375,2.6363699063921785e-06,-4.043519067679319e-06,0.0538804510357691,-0.6011056669804729,1.0292523249335193,1.3329109555945517,28.95424487285382,0.2638809523809524,77.24609375,8.336753707563278e-06,-0.008651947717472118,4.327858584099058,-7.487336983387857,10.639152227004303,0.5210422604409943,-0.6934755945286031,0.0005238095238095238,0.68359375,0.0039284183162046635,33.664093,0.16618699,33.31183,34.03006,-0.28338513,-1.30738,0.0,0.68359375,1.4450759e-06
S3,2,0.00047096070087294706,0.30948519937642666,-0.5169803746671808,1.7261036820485738,3.3286169230159266,13.350651938131328,0.014333333333333333,4.78515625,0.0002605779893742563,8.241958836146763,0.32604860458425394,7.6503753662109375,9.41925048828125,1.0780089441818432,2.1938036152614586,0.0,0.68359375,5.334174170881121e-06,-7.093607277048089e-07,0.04857713576274674,-0.6011056669804729,1.0292523249335193,1.573308855925629,39.90337739284173,0.26954761904761904,77.24609375,6.685701843286819e-06,0.1486736794885185,4.509088068690085,-7.455552603301735,10.98596785756397,0.5146132006775128,-0.8056784709126794,0.0005,0.68359375,0.0039914482831565285,33.482727,0.10588881,33.24704,33.8172,0.08636939,-1.0939393,0.0,0.68359375,1.3052958e-06
S3,2,0.00011708409249808232,0.3010746896047742,-1.4976305107542354,1.899978440717807,3.190734317023469,14.51956846634181,0.013571428571428571,4.1015625,0.00026409668608318594,8.025696545555478,0.5213629004077092,0.0,9.41925048828125,-6.512964407820275,109.60545987222311,4.761904761904762e-05,1.3671875,0.00036285300872895214,5.905896637502981e-07,0.032103716896676564,-0.7727151299543823,0.7849024910149065,0.08479749442920682,54.908403522569124,0.27585714285714286,47.8515625,3.0614193491496197e-06,-0.1550140243473875,4.489693951080458,-6.7384054754672436,10.98596785756397,0.6222412818770762,-0.44422639780106676,0.0005,0.68359375,0.0036979030464403756,32.900917,13.619152,-273.15,33.79138,-22.426306,500.96826,4.761904761904762e-05,1.3671875,0.57475847
S3,2,-0.00043734317165791887,0.29143989545650895,-1.4976305107542354,1.899978440717807,3.261723191477166,15.455029123865305,0.011666666666666667,4.1015625,0.0002469452334206976,8.219355274382092,0.571190571679085,0.0,9.1033935546875,-5.6884918774469995,82.32455140696206,4.761904761904762e-05,1.3671875,0.000366207107221379,3.38546055167537e-07,0.02703962549274798,-0.7727151299543823,0.7849024910149065,0.40963517255971016,107.69186753743867,0.2792142857142857,47.8515625,2.185454228404988e-06,-0.1276473733205973,3.998103835026006,-11.719934001376963,13.449343293901546,0.40328036256215444,1.822623944957063,0.0005714285714285715,0.68359375,0.0029345530871399106,32.75332,13.614336,-273.15,33.79138,-22.417624,500.70895,4.761904761904762e-05,1.3671875,0.585973
S3,2,-0.00015606806068389927,0.3017361594509113,-0.5120480602904881,1.676577056619537,3.362544876013867,13.551770684470167,0.012333333333333333,7.51953125,0.00025247239465405705,9.00038754599435,0.4357465086329791,7.9376220703125,9.625625610351562,-0.36485568012159003,-1.0960479959285794,0.0,0.68359375,7.939401210621543e-07,2.046711858966179e-07,0.017820186727053624,-0.11093169646266204,0.1796240769555981,-0.05956731273362265,2.00870447951968,0.2825,56.73828125,9.026657049615688e-07,0.14267415382498214,3.7910277467869835,-11.719934001376963,13.449343293901546,0.2071529843496406,1.9194193519291254,0.0005952380952380953,0.68359375,0.002843795580236907,32.891155,0.30271646,32.373535,33.54901,0.12552239,-1.200399,0.0,0.68359375,8.132432e-07
S3,2,-6.177406538792546e-05,0.3168764641606351,-0.5362267562274874,1.676577056619537,3.239883433880999,12.309313898422326,0.014452380952380953,8.203125,0.0002856493810903851,9.46959929693313,0.14631849539753133,8.95538330078125,9.71527099609375,-1.3165009398479777,1.088268363509238,0.0,0.68359375,1.7251974280723347e-07,1.8291842744747788e-07,0.02081222164950042,-0.11093169646266204,0.1796240769555981,-0.017628694210783447,1.1883228864788693,0.28459523809523807,58.7890625,1.2395180380989419e-06,-0.07517168471622837,2.8996970075532587,-5.934546370315135,6.590831638134853,0.27382415491014334,-0.8015496277153091,0.0006666666666666666,0.68359375,0.0021516898541505776,32.43639,0.22473186,32.06714,32.99884,0.31288412,-1.1445742,0.0,0.68359375,6.1790166e-07
S3,2,-0.00023409396827585443,0.3249027345235158,-0.5430335737703315,1.6900409730748618,3.2139484064300854,11.998195600943138,0.015119047619047619,8.203125,0.0003084780378092936,9.433939906529018,0.16349868014404967,9.011077880859375,9.71527099609375,-0.8046203639428915,-0.3810214261600917,0.0,0.68359375,1.8748767572715545e-07,2.5770633102278425e-06,0.02228441413398229,-0.11855205212677725,0.10823810374816312,-0.086615751234257,0.7417383014940562,0.2862619047619048,59.47265625,1.4166431704488532e-06,0.04090844390321345,3.6665514003099657,-8.579610390805644,10.970614544494737,0.2927528587339618,0.27726286133426337,0.000619047619047619,0.68359375,0.0029756309203348495,32.132492,0.1302555,31.902527,32.516693,0.42403993,-0.9922707,0.0,0.68359375,5.8168615e-07
S3,2,-4.244771042932696e-06,0.3278894350639733,-0.5542284972762497,1.6900409730748618,3.1944307214449528,11.849215584295159,0.014714285714285714,8.203125,0.0003101613559958771,9.036393020266578,0.30260612677361187,8.243560791015625,9.544754028320312,0.017657406006116136,-1.418122264134457,0.0,0.68359375,1.9107214487984105e-07,1.0851118631751365e-06,0.02418735987012136,-0.14655915983499848,0.11497855529040973,-0.10991945826047232,0.6691895734233744,0.28509523809523807,64.94140625,1.6730729223011155e-06,0.0561019083308829,3.6965242512356866,-8.579610390805644,10.970614544494737,0.33398928340356643,0.19391622243447015,0.0005476190476190477,0.68359375,0.002915395154126815,31.96662,0.06714912,31.80481,32.229126,0.4997391,-0.7765217,0.0,0.68359375,5.977382e-07
S3,2,7.617684819082389e-05,0.32257276902312876,-0.5542284972762497,1.6850424609211507,3.2988782222328106,12.548146719503285,0.014023809523809523,4.78515625,0.00029625476360952227,8.637248847598121,0.16426225335962932,8.243560791015625,9.058761596679688,0.6293837988420092,-0.6085763725790021,0.0,0.68359375,2.345395600397054e-07,-1.239490327126739e-06,0.02648729392267796,-0.24409653597842015,0.24959033462170305,-0.21411122813177297,2.0617841000550383,0.2808809523809524,60.83984375,1.9946470341951654e-06,0.050867716925700475,3.0758313262466084,-6.386084832483688,8.519099231482247,0.350787868478843,-0.5685977449792285,0.0006666666666666666,0.68359375,0.0025534072232729172,31.878077,0.04207881,31.736755,32.099823,0.24593592,-0.37231278,0.0,0.68359375,6.0488725e-07
S3,2,4.2303988593088154e-05,0.31091856371010923,-0.5134628198781943,1.6850424609211507,3.4480369744857895,13.744847140685472,0.012976190476190476,4.78515625,0.00027073936496920155,8.368547730218797,0.15951657480973802,7.8266143798828125,8.724594116210938,-0.14408315671807187,-1.1228115695359655,0.0,0.68359375,2.3874317071337813e-07,-1.3591229190876544e-06,0.027688824942326277,-0.24409653597842015,0.24959033462170305,-0.23548980282782236,1.8873531246329778,0.2770714285714286,64.2578125,2.1598645283344966e-06,0.04972882220089374,3.079485214365986,-6.386084832483688,8.519099231482247,0.35903167449569723,-0.3959718227385962,0.0007142857142857143,0.68359375,0.0027298536144529525,31.820824,0.03206957,31.701294,32.016663,0.7861075,0.5272651,0.0,162.01171875,6.187822e-07
S3,2,-3.45489119627782e-05,0.303629899018554,-0.4644942726891086,1.656648727911579,3.547027913332552,14.541337329490133,0.011666666666666667,4.1015625,0.0002424817705673927,8.085865647452218,0.16301254132386386,7.7144622802734375,8.404159545898438,0.05622586335126537,-1.2928481256283526,0.0,0.68359375,1.7994602493187846e-07,-3.123087978236499e-06,0.027644623629584242,-0.14920175412158104,0.12625234419058856,-0.19770027485426536,0.7287803561058319,0.278,67.67578125,2.1816019957357067e-06,-0.024574588293693696,2.793247566342506,-5.3730183703175145,7.378820879951637,0.4809085716904554,-0.3439464108591723,0.0006428571428571428,0.68359375,0.0021102703870457128,31.80081,0.017177764,31.671722,31.978119,2.7283378,16.586248,0.0,347.94921875,6.415969e-07
S3,2,0.00012998827001864255,0.30333984645279305,-0.4831729605389574,1.656648727911579,3.5498242904475115,14.505552018287123,0.011619047619047619,4.1015625,0.0002407896638458371,7.846589805966332,0.11622366886268266,7.3638916015625,8.122634887695312,0.3489939558451177,-0.9251872471635281,0.0,0.68359375,1.5303526271269015e-07,-3.871957783480014e-07,0.029950065324619548,-0.19050240209612523,0.18383905490069472,-0.21768212178887353,1.1079528560953067,0.2790952380952381,67.67578125,2.5643037540871246e-06,-0.09688815676426735,2.9229262685507007,-5.3730183703175145,7.378820879951637,0.3870588060356023,-0.6880928791830856,0.0005952380952380953,0.68359375,0.0022739003844148647,31.821583,0.024762876,31.671722,32.010742,1.1627123,3.9909077,0.0,317.87109375,6.8867473e-07
S3,2,1.6249049824075268e-05,0.30318816408746674,-0.4963958221166549,1.6638795235798571,3.5317237399021972,14.470210217474058,0.01219047619047619,4.1015625,0.0002578226545973616,7.657050523303804,0.10315356809691897,7.3638916015625,7.861328125,-0.0013783885118619828,-1.3972329901106526,0.0,0.68359375,1.605785151794492e-07,-1.1154165208277362e-06,0.034080765344798924,-0.30233219256416777,0.20096580474208459,-0.35259047485710726,2.0884437920188264,0.2786666666666667,65.625,3.3193846616804056e-06,-0.10220350193693307,3.1856758002014627,-6.943871017737385,8.854960950417343,0.3505685076164842,-0.5436930982703645,0.0005714285714285715,0.68359375,0.0025948174020989445,31.859175,0.028070165,31.707184,32.0701,0.580898,1.6118464,0.0,240.625,7.1107263e-07
S3,2,-0.00012186563720015761,0.2973927875099474,-0.4963958221166549,1.664344284250013,3.6156310431104868,15.255212626465386,0.011857142857142858,4.1015625,0.0002604118416902602,7.501668167114258,0.07480982403510254,7.334136962890625,7.72552490234375,0.24187689821985586,-0.9458426680148175,0.0,0.68359375,1.6014327688169613e-07,9.422822224378518e-07,0.03430783372682328,-0.30233219256416777,0.20096580474208459,-0.393672801151276,2.0190971719402864,0.2793333333333333,72.4609375,3.3754810796546707e-06,0.02309310519875504,3.381042292847028,-6.943871017737385,8.854960950417343,0.21353749821383425,-0.6027695687849906,0.0005476190476190477,0.68359375,0.0030387382003759494,31.891022,0.021546593,31.766327,32.071594,1.3956809,6.566391,0.0,341.11328125,6.8296464e-07
S3,2,-7.912451915968166e-05,0.290659469135335,-0.4901547250462364,1.7115129477278503,3.6476114222187976,15.801218645107088,0.011404761904761905,4.1015625,0.00024364300627456554,7.407071840195429,0.04621228185191969,7.2353363037109375,7.5580596923828125,0.1182414147199853,-1.3260478607542447,0.0,0.68359375,1.6528987199662217e-07,2.744143004506066e-06,0.035698480669230405,-0.36648000457366975,0.34406284951320004,-0.23795423383388317,4.775603214002641,0.27440476190476193,63.57421875,3.5907735862693697e-06,0.002812206884226444,4.060731755273794,-10.122132535888177,13.62097334312579,0.3756694107010134,0.8537603664231361,0.0005,0.68359375,0.0032805756141637233,31.924885,0.029623762,31.8107,32.129517,0.5511979,1.4921207,0.0,105.95703125,7.3429123e-07
S3,3,0.000667992732992042,0.29495559371254043,-0.5745796463802685,1.700995500417397,3.1299956498654753,12.645063023742749,0.01411904761904762,4.1015625,0.00025016646423451716,7.73245298294794,0.3202168418846973,7.076263427734375,8.266067504882812,0.28914821564359217,-1.644640919393566,0.0,0.68359375,4.00428647184079e-07,5.645321115748433e-07,0.04017085579311166,-1.2422164110032663,1.3518280990047955,1.025104324886382,154.24107652124707,0.28664285714285714,87.5,4.828815991999562e-06,-0.022365459217851394,3.1318781631349633,-7.434946587305658,12.08376713390819,0.7901840343349765,2.0100134441272877,0.000619047619047619,0.68359375,0.0021426120058529673,33.196903,0.0474361,33.010864,33.59738,0.46508765,-0.33327365,0.0,0.68359375,1.0888199e-06
S3,3,2.0508640087182697e-05,0.2778919555017387,-0.46721542929806137,1.700995500417397,3.4407220913502568,15.03797384881322,0.012047619047619048,4.1015625,0.00022475288182767318,8.11869469597226,0.17147379254071127,7.483673095703125,8.301162719726562,-2.1027951279131933,3.9546715454149783,0.0,0.68359375,3.17586391095554e-07,7.804851116823721e-08,0.009414768463030524,-0.19949781904335,0.19836010383956543,0.9637730638305952,50.01213454725851,0.30614285714285716,47.8515625,2.5487989239124367e-07,-0.026047027762098354,1.6527996878055309,-5.807518324881329,4.771038285101952,-0.3502043395733293,0.9300984905537946,0.0006904761904761905,0.68359375,0.0009920820866421924,33.149525,0.02730303,33.00183,33.336,0.22451973,1.2243028,0.0,14.35546875,9.498775e-07
S3,3,-0.00036691009016643234,0.2706072914504101,-0.5093493780436306,1.700373029218793,3.537278097460251,16.023759408079513,0.011404761904761905,4.1015625,0.00021427054852810601,8.235086386544364,0.025967340929566842,8.013534545898438,8.394241333007812,0.9583433025635192,0.9355673955928956,0.0,0.68359375,2.0673868804400563e-07,-3.7296667416234926e-07,0.01236137014511102,-0.22406867324805524,0.26129780629186333,-0.2856428482145773,35.2771485758088,0.2937142857142857,47.8515625,4.2770515105478296e-07,0.0022130594518381484,1.9101960932349211,-5.645808474742391,3.809281785040264,-0.370085071635125,0.13239552077473116,0.0006666666666666666,0.68359375,0.0012178225478593964,33.128925,0.021770157,33.00183,33.336,0.5190679,4.4623528,0.0,14.35546875,9.847673e-07
S3,3,4.393688265670421e-05,0.2662166213159636,-0.5146522361542087,1.700373029218793,3.574335553096074,16.47864810866585,0.011,4.1015625,0.0002065092047766905,8.208211517333984,0.051566071734892964,7.8155517578125,8.394241333007812,-0.05115654620670997,-0.996837978305499,0.0,0.68359375,2.0314924320056723e-07,2.0235173792709034e-06,0.013007268642680092,-0.22406867324805524,0.26129780629186333,-0.4607495133719339,26.240404522359512,0.2946190476190476,68.359375,4.6844391685282093e-07,-0.05985042309241087,2.051712028785137,-5.645808474742391,3.809281785040264,-0.5105101882390337,-0.14963804343397946,0.0006666666666666666,0.68359375,0.0012718679116682124,33.122368,0.020323437,33.010864,33.269653,0.371556,5.3147573,0.0,330.17578125,1.0004104e-06
S3,3,0.0002499269385214757,0.2648116335720182,-0.5146522361542087,1.6598386138440113,3.62202075543506,16.811132726570545,0.014380952380952381,3.41796875,0.00020512145728284403,8.162728872753325,0.030157614038853545,7.8155517578125,8.281326293945312,0.2785108286601991,-0.2899472503979954,0.0,0.68359375,1.9646006498967623e-07,-4.2571311019271235e-07,0.009615280472200113,-0.12494821173682784,0.1443579067709429,-0.321852855080441,7.96606224984906,0.3135,47.16796875,2.6441349566502007e-07,-0.01132854520408303,1.8714722895113858,-5.525547481140418,5.294630231495544,-0.04748917826052858,0.13253495523411285,0.0006904761904761905,0.68359375,0.0010237090060144758,33.131653,0.02938546,33.027344,33.305817,0.47048903,0.93844414,0.0,234.47265625,9.88357e-07
S3,3,-8.895591516086291e-05,0.2667053374760988,-0.3914571318223244,1.6598386138440113,3.5857357518302893,16.491167676536193,0.0175,4.1015625,0.0002108374010671329,8.109611256917317,0.05839110712615021,7.944488525390625,8.276748657226562,-0.13506641857360355,-1.1736550325924962,0.0,0.68359375,1.887650855766324e-07,-1.6160318831160016e-06,0.007813680528536072,-0.0686963595482026,0.1443579067709429,-0.18783069252012458,7.297595594172991,0.3269047619047619,45.1171875,1.7060876549622007e-07,0.06696109086311612,1.9411872683634313,-4.350899899646872,5.294630231495544,0.18357137402526089,-0.6833273475198589,0.0007380952380952381,0.68359375,0.00138911391445845,33.165558,0.03582537,33.036377,33.329956,-0.49903905,0.22891545,0.0,183.88671875,9.880802e-07
S3,3,6.173620673029667e-05,0.2680264988510055,-0.4211135237713541,1.6284931405099068,3.4956598044911065,15.933529874884986,0.017523809523809525,4.1015625,0.00021227141431823392,8.008162716456821,0.06017939198483293,7.7880859375,8.223342895507812,0.21205111729232057,-1.154025062019007,0.0,0.68359375,1.806601220475851e-07,5.759974764501299e-07,0.007681843681043768,-0.060184080484968115,0.06295756692818472,-0.34145337197140496,2.627547983860919,0.32771428571428574,41.015625,1.700894471942468e-07,0.030983285241230528,1.7888420568107009,-4.917653039161494,4.660926897159509,-0.164060020848347,-0.15784620838474694,0.0007142857142857143,0.68359375,0.0012291392342822808,33.184055,0.019620815,33.036377,33.329956,0.49832177,6.346243,0.0,260.44921875,9.87481e-07
S3,3,-2.8500233099451045e-05,0.26836287435282735,-0.4211135237713541,1.6450562409781468,3.488149803473345,15.88472498561692,0.014547619047619047,4.1015625,0.00021298671910938068,7.933676065717425,0.03250573572154139,7.7880859375,8.084487915039062,0.4443560711415285,-0.3261714281578527,0.0,0.68359375,1.9981582084061122e-07,-3.7009729026609283e-07,0.00959913717039366,-0.1906184276883962,0.16782165728381607,-0.3185884844200302,26.267033719729024,0.31652380952380954,41.015625,2.6630588717471306e-07,-0.012646237212013559,3.0806471255440044,-11.513407804197222,11.606095478251795,-0.00977145256579587,4.187164454619358,0.0006428571428571428,0.68359375,0.0019686582182703353,33.178658,0.019554503,33.05139,33.326935,0.3844533,5.9990273,0.0,265.91796875,9.900394e-07
S3,3,0.0002115184243693238,0.27026653872683104,-0.3523563798531575,1.6450562409781468,3.455401139239784,15.585554022121183,0.011523809523809523,3.41796875,0.00021307204458304108,7.883819371178037,0.03350995723902115,7.7838897705078125,8.002090454101562,0.1734124692939813,-0.8043993450960105,0.0,0.68359375,1.9461554653144165e-07,2.049637999702572e-07,0.009833414294130885,-0.22736554141973964,0.16782165728381607,-0.5377956171810068,36.380883169156114,0.3176428571428571,49.90234375,2.73351055543865e-07,0.04139973510255914,3.036767685258011,-11.513407804197222,11.606095478251795,-0.01870098681895279,4.496149446942919,0.0007380952380952381,0.68359375,0.002064124318909072,33.162437,0.025481272,32.989807,33.326935,0.22007903,1.656002,0.0,342.48046875,9.649552e-07
S3,3,0.00012076896595201627,0.27162083335008885,-0.4476087867888422,1.6339114843055988,3.4833902311364193,15.671576272451198,0.012523809523809524,3.41796875,0.00021437012221777794,7.844464547293526,0.022919515238354272,7.7342987060546875,7.9563140869140625,0.06173179754111112,-0.26792810380027143,0.0,0.68359375,1.9300418038097423e-07,6.026896660407678e-07,0.008943402883872948,-0.22736554141973964,0.16722638811458745,-0.18753541751576783,34.63876187728269,0.30757142857142855,69.7265625,2.2658544027170484e-07,0.005589431233442992,1.914238214402989,-7.159951214713062,6.902647920908098,-0.019483114106957643,2.4406091801226673,0.0007380952380952381,0.68359375,0.001443543970098982,33.16827,0.043666665,32.989807,33.402374,1.0094936,0.46879745,0.0,245.41015625,9.626384e-07
S3,3,-0.0007382332880523928,0.2652098235226611,-0.4476087867888422,1.6346726467267598,3.610866054260121,16.79032567100321,0.01330952380952381,3.41796875,0.00020530994024319202,7.810723904200962,0.02874506797611996,7.706451416015625,7.9395294189453125,0.28499609896130956,-0.6109072776735451,0.0,0.68359375,1.919793549215067e-07,1.6971423223291646e-07,0.008983711474749603,-0.143954332050641,0.16722638811458745,0.22450896710922463,17.13250287766321,0.2828095238095238,32.8125,2.2710634190881033e-07,-0.06855299468357746,1.9366407359898403,-7.159951214713062,6.902647920908098,-0.03304797352651619,2.6963887634287653,0.0007142857142857143,0.68359375,0.0011757545767855876,33.2509,0.073003635,33.0484,33.474884,-0.36771053,-1.0781375,0.0,0.68359375,1.0461993e-06
S3,3,-6.08350006471033e-05,0.2610764809026608,-0.3404630816176596,1.6346726467267598,3.6348441314822377,17.17773232637422,0.012452380952380953,3.41796875,0.00019724880598411326,7.766403152829125,0.029784555579380426,7.523345947265625,7.8815460205078125,-0.1337902879111967,-0.755246361440566,0.0,0.68359375,1.8283923008539852e-07,1.60031155353663e-07,0.010857003845111152,-0.32097167782518177,0.2452068612267857,-1.8389131598456756,102.15084542919787,0.2911190476190476,56.73828125,3.4547925929183727e-07,0.026052381782730307,2.0272077001354454,-6.61387264246244,7.3393482874787,0.13021244051492517,2.5138344627118716,0.0007380952380952381,0.68359375,0.001047816671509086,33.330402,0.031340744,33.197327,33.499084,-0.24407348,0.6549089,0.0,152.44140625,1.0795601e-06
S3,3,0.0006358590834219244,0.2707365016432813,-0.4062163850108603,1.6389807999570065,3.4440619992223356,15.466983034404162,0.012452380952380953,4.1015625,0.0002110481683183685,7.739129293532598,0.02246341379438655,7.5183868408203125,7.8433990478515625,0.29457655520769255,0.39037622457885446,0.0,0.68359375,2.3385948900520423e-07,-4.7453020005615663e-07,0.030956822652345627,-0.36243794930173473,0.5059584457187073,0.24409048495626745,18.748044672686866,0.2975714285714286,66.9921875,2.713331299083717e-06,-0.1185311477099011,3.4261494372548515,-13.416456521815135,10.878084344351862,-0.44231586392701455,3.2532571150917926,0.0006428571428571428,0.68359375,0.002596052426740933,33.292385,0.06897257,32.99884,33.499084,-0.5622784,-0.77303386,0.0,0.68359375,1.1083097e-06
S4,1,0.00010193174711777617,0.23979007881315453,-0.5255664284009062,1.6166742750865613,4.57162842002271,24.102719591764288,0.01657142857142857,4.1015625,0.00015940311751101312,1.277956181480771,0.023683644882533404,1.1081695556640625,1.43280029296875,0.8405381945368122,0.7255840770056339,0.0,0.68359375,8.29754646087738e-07,3.5017418802500625e-06,0.018645000106017672,-0.13986607866108225,0.1717288853154688,0.7138250050296796,7.380302469085647,0.2836904761904762,54.00390625,9.769610973014543e-07,-0.0026074185734228763,1.7010351072878047,-3.8286870613910975,4.151881598029514,-0.06889071504256727,-0.4746883539309712,0.0006666666666666666,0.68359375,0.0007939746893247224,32.682613,0.021199264,32.439087,32.92227,0.6752864,5.521902,0.0,187.98828125,6.953665e-07
S4,1,-0.0003580919612145247,0.23287512685645737,-0.5091445645942274,1.5944621120160478,4.743473443315904,25.697678462507024,0.014976190476190476,4.1015625,0.0001534544949853877,1.2632250558762324,0.017239718381253065,1.166534423828125,1.3919830322265625,1.597580750912627,3.4473805621972993,0.0,1.3671875,8.290648358511978e-07,1.7008027728751437e-07,0.009753181704574307,-0.10202303435200329,0.1589726653317699,0.5173495390500715,14.303593119415034,0.3239761904761905,54.6875,2.7451056533611027e-07,-0.03292899335857596,1.6093662632012302,-3.8286870613910975,4.151881598029514,-0.08921013531816954,-0.40959821819776643,0.0006904761904761905,0.68359375,0.0008508064708470671,32.707497,0.02532333,32.439087,33.037903,0.3047532,3.181603,0.0,5.46875,7.5768276e-07
S4,1,9.64676828494275e-05,0.2285215912158741,-0.5091445645942274,1.5836869962426927,4.754482246463314,26.244326249184496,0.01538095238095238,3.41796875,0.0001491010294969749,1.2623905999319893,0.01717580407859648,0.9761810302734375,1.3919830322265625,1.4740908778148007,5.150876364895975,0.0,151.7578125,8.359315335641285e-07,-2.4733535541712496e-09,0.00746247275803188,-0.08873799692012041,0.1589726653317699,0.0740818487824713,9.490434106660729,0.3243095238095238,33.49609375,1.5590307766049263e-07,0.013239422552880143,1.1536043332858588,-2.9529346893936217,2.603161680417028,0.04968781285424143,-0.40836906415640684,0.0007857142857142857,0.68359375,0.0005968095640286617,32.73125,0.019963963,32.491302,33.081482,0.6441185,10.004845,0.0,4.78515625,7.819919e-07
S4,1,0.0004358378103125042,0.22616254791472606,-0.4737379606783132,1.5925063786229499,4.809006431565793,26.93240480727258,0.01630952380952381,4.1015625,0.0001436222867672579,1.2603208541870117,0.01740391921373619,0.9761810302734375,1.392364501953125,1.4581001990553226,4.973894031849824,0.0,225.5859375,8.363930021290047e-07,1.23270775747332e-07,0.007748317073417901,-0.04391368172218921,0.037667391476895316,-0.17351869444754367,0.7334636205248319,0.31507142857142856,30.078125,1.704419498357202e-07,-0.02906699214693697,1.0097957747857984,-2.525647408839513,2.393832179163468,0.05821433172051121,-0.5734881986344047,0.0007857142857142857,0.68359375,0.0004174889972092396,32.735058,0.018266786,32.491302,33.081482,0.86992955,11.7006855,0.0,222.8515625,7.53573e-07
S4,1,-0.0002916329370899456,0.22285540804054835,-0.47020158097027404,1.5925063786229499,4.914819997326715,28.008781619033165,0.015547619047619048,4.1015625,0.00014403980696104892,1.2560276848929268,0.017190749648354025,0.951385498046875,1.392364501953125,1.3822148964391632,7.541732959052085,0.0,192.7734375,8.279693854785854e-07,-3.7273657394697987e-07,0.007590521464164114,-0.046654006845082335,0.037667391476895316,-0.1639801484590122,0.8035863533351466,0.31916666666666665,37.59765625,1.6459692985282674e-07,0.014502638122254174,0.8695473136741737,-1.8975169047181495,2.393832179163468,0.12339588189943637,-0.27179854459028574,0.0007380952380952381,0.68359375,0.0003080094275396866,32.732037,0.017602712,32.50772,32.99286,0.9155251,9.787119,0.0,46.484375,7.4010745e-07
S4,1,-0.0005025625147392569,0.22232854185437273,-0.4715608987613985,1.5920662845349267,4.921390076391662,28.173189174766716,0.014928571428571428,4.1015625,0.00014355341614774586,1.253004655383882,0.017038959218393705,0.951385498046875,1.3820648193359375,1.3734025509004457,7.41381201938845,0.0,203.02734375,8.173754562867461e-07,-4.1599228389877483e-07,0.007505934359658172,-0.046654006845082335,0.046423752945019485,-0.15035365068784934,0.6973117273321874,0.31185714285714283,35.546875,1.6083854780886374e-07,-0.025480223615635313,0.9187813074229355,-3.6822731729785354,3.5036915063367364,-0.07544279920159318,3.536778668831701,0.0008809523809523809,0.68359375,0.00038096807088716314,32.736065,0.018673472,32.525665,33.0484,1.0781643,11.452462,0.0,56.73828125,7.718674e-07
S4,1,0.0005193949669516309,0.2240348575383746,-0.4964506297250093,1.5920662845349267,4.872014182285884,27.64904798255121,0.015571428571428571,4.1015625,0.00014277280154746682,1.2514488220214843,0.01705390801970305,1.1661529541015625,1.3782501220703125,1.6454434111506175,3.697127247413844,0.0,156.54296875,8.241856787696276e-07,7.151362737518014e-07,0.007787123716017364,-0.03954854766532151,0.046423752945019485,-0.1560353666017763,0.588662151157108,0.3043095238095238,32.12890625,1.7230329804512343e-07,0.009169894375542192,1.0707086133866686,-3.6822731729785354,3.5036915063367364,-0.0027977718849661734,1.2585694085099846,0.0009047619047619047,0.68359375,0.0004992361625869047,32.73414,0.019562608,32.525665,33.066437,1.1178049,11.245423,0.0,17.08984375,7.8154676e-07
S4,1,0.00027538242768656223,0.2222764895292703,-0.4964506297250093,1.5787179963976097,4.900360883250656,28.009357763742365,0.016023809523809524,4.1015625,0.00014002626780642622,1.2525687081473214,0.017244608342278082,0.9975433349609375,1.38702392578125,1.5556856153474057,4.901697658135428,0.0,110.05859375,8.372689868537948e-07,6.558979338768991e-07,0.007763553532647787,-0.0401558632865137,0.034681368291629884,-0.15951845794887473,0.4683692855898367,0.29445238095238097,30.76171875,1.713811511071734e-07,0.011880196898097663,0.9876584911741647,-2.139900820994555,2.1151360788584697,0.022081602610564414,-0.8189444851572425,0.0008571428571428571,0.68359375,0.00043839412270208736,32.73924,0.019669795,32.603302,33.066437,0.9948817,9.722434,0.0,51.26953125,7.6224376e-07
S4,1,-0.0005425630570591006,0.22269718077547246,-0.45132127087769414,1.5857517195148993,4.896131348595453,27.95446862651902,0.016833333333333332,4.1015625,0.00014422211409247608,1.2555778866722471,0.017248807691089288,0.9975433349609375,1.38702392578125,1.3756435227797812,6.168922858909816,0.0,53.3203125,8.3951754561203e-07,-5.845165646019371e-07,0.007795766684261321,-0.0401558632865137,0.03405462085919103,-0.17551144677018313,0.4164759097908157,0.27945238095238095,29.39453125,1.7276246477043593e-07,-0.020428342553423438,1.1134085316293865,-2.7248490452995924,3.7229888112569576,0.14010167859771955,-0.27349426656173303,0.0008571428571428571,0.68359375,0.000514692193144,32.752777,0.017172545,32.4794,33.066437,1.226196,18.536852,0.0,297.36328125,7.5553214e-07
S4,1,-0.00022063189298214742,0.22268668012310489,-0.452403586378357,1.5953478840252753,4.909453875299289,28.063954823130384,0.01623809523809524,4.1015625,0.00014543962697030334,1.2582011359078544,0.017224645215809978,0.9929656982421875,1.3828277587890625,1.3438092535034922,6.271089067391589,0.0,75.87890625,8.395528576362717e-07,-3.721091298797858e-07,0.007811514101826181,-0.04259003990245484,0.03867559707493063,-0.1980351916819487,0.42051520927674435,0.2775714285714286,31.4453125,1.7404061374403553e-07,0.007856506558302116,1.2683657239376231,-4.161996873290874,4.095341019870316,-0.040977793669618574,1.2330410870482948,0.0008571428571428571,0.68359375,0.0005811705505272903,32.76649,0.019565586,32.4794,33.066437,0.67196274,11.248181,0.0,293.26171875,7.646876e-07
S4,1,8.772169837042419e-05,0.22149000922963905,-0.452403586378357,1.5953478840252753,4.932189499862367,28.359515793807923,0.01638095238095238,4.1015625,0.00013883700344928749,1.2592670713152205,0.017232719269277646,0.9929656982421875,1.4026641845703125,1.538774264813736,5.846276829227687,0.0,54.00390625,8.384303077610363e-07,1.422558125783113e-07,0.007745023246937623,-0.04259003990245484,0.03867559707493063,-0.18493672200589595,0.41761064811839255,0.28026190476190477,31.4453125,1.7095386838089222e-07,0.012104558555342836,1.108067858307765,-4.161996873290874,4.095341019870316,-0.25216696895612006,2.79342658340264,0.0008809523809523809,0.68359375,0.0004549114584490188,32.786335,0.020765325,32.506256,33.156647,0.9321492,10.218787,0.0,201.66015625,8.046594e-07
S4,1,0.0005072297797278219,0.22467180528740155,-0.4551061292300932,1.5747892552347413,4.8577931275184945,27.42909815255717,0.016761904761904763,4.1015625,0.00014050487176471923,1.258722005571638,0.017147589397613575,1.0387420654296875,1.404571533203125,1.5242269868772111,6.241186744847736,0.0,53.3203125,8.327032601361079e-07,2.7322112523067964e-07,0.007760499375738934,-0.04241435334951721,0.0370976141491771,-0.1982690448445713,0.43652175992290543,0.2715952380952381,35.546875,1.7189592665794165e-07,0.002361762115639133,0.7766186938822263,-2.5427784333678787,2.201797414428584,-0.16262450743848714,0.29223990374416653,0.0009285714285714286,0.68359375,0.0003080705656741561,32.811264,0.023951322,32.56897,33.156647,0.4950747,5.100068,0.0,114.84375,8.027051e-07
S4,1,-6.460635116870438e-05,0.23046309517664212,-0.49945878929146487,1.5858994301170757,4.747239761368999,26.001770535893932,0.015,4.1015625,0.0001525025729323221,1.2572028841291154,0.017044640940121935,1.03912353515625,1.404571533203125,1.4610523040440826,5.14305061834569,0.0,0.68359375,8.148419651469317e-07,5.857566089951223e-08,0.009194516439634823,-0.07243369100583882,0.07005596179203794,-0.12069639604428108,1.731707758595853,0.26807142857142857,34.86328125,2.4141642059513343e-07,-0.02494662458797864,1.624138414184368,-5.869138540147871,5.169942155602234,-0.03608278069834807,2.53192168942705,0.0007380952380952381,0.68359375,0.0006111466041024631,32.80724,0.034842443,32.54956,33.180786,-0.25341973,0.5030744,0.0,0.68359375,7.7203543e-07
S4,1,-0.0002779949980157676,0.23131985371739447,-0.49945878929146487,1.5858994301170757,4.761664516135948,25.961627223326623,0.014833333333333334,4.1015625,0.00015545288449885728,1.255317869640532,0.01719593702994617,1.010894775390625,1.3813018798828125,1.5300492847236786,4.410882554434469,0.0,0.68359375,8.271275686175359e-07,-5.845880188743873e-07,0.009297026560855142,-0.07243369100583882,0.07005596179203794,-0.08886397059157747,1.6198295134247234,0.2851666666666667,31.4453125,2.4644410253673654e-07,0.014300639130945236,1.744230420675815,-5.869138540147871,5.169942155602234,-0.0594724221632467,1.3180732192212625,0.0006666666666666666,0.68359375,0.0007466499578260153,32.77765,0.030706238,32.54956,33.180786,1.2955452,3.1652045,0.0,0.68359375,7.6964477e-07
S4,1,0.00015492287821284746,0.22493051201263387,-0.44138917915211706,1.6098007709254478,4.898887729834243,27.568313937704623,0.016428571428571428,4.1015625,0.0001452068310396813,1.255515044076102,0.017156414853673314,0.9555816650390625,1.39312744140625,1.4269888254427057,6.674971452590885,0.0,251.5625,8.332400884126612e-07,-3.178089732893643e-07,0.00881635495866155,-0.05262066825965107,0.0474244687514739,-0.05625663632081823,0.9170835657101737,0.28954761904761905,38.28125,2.2051687133632766e-07,0.02382586429290349,1.364535593682609,-2.881871661745507,3.8179499914561497,0.12862381707060447,-0.5244524001198929,0.0007380952380952381,0.68359375,0.0006509934691836917,32.737366,0.039452337,32.440613,33.131104,-0.34515294,0.024672985,0.0,0.68359375,7.7299416e-07
S4,1,0.00011699008865575967,0.21897863624835706,-0.4467719761913005,1.6098007709254478,5.0108840930597225,29.131044614449095,0.01711904761904762,3.41796875,0.0001359605599441086,1.2584451584588914,0.017109452668966962,0.930023193359375,1.39312744140625,1.293294614842626,8.975123512913486,0.0,325.390625,8.302669594210604e-07,-4.0210070057372615e-08,0.00864242101468491,-0.05262066825965107,0.0474244687514739,-0.05739644569654642,0.9737251028411298,0.2805714285714286,34.86328125,2.113239704348944e-07,-0.013785598871894752,1.3150925830739515,-2.881871661745507,3.8179499914561497,0.10297262239732873,-0.2744060715606196,0.0007619047619047619,0.68359375,0.000626622400653074,32.721752,0.030419372,32.440613,33.02585,0.023804164,1.9691677,0.0,0.68359375,7.992604e-07
S4,1,-7.282295800995982e-05,0.21946523041690777,-0.4467719761913005,1.5766718855098745,4.994857723529299,28.984430717528046,0.017047619047619048,3.41796875,0.00013781182454987616,1.26062985374814,0.017021846894370876,0.930023193359375,1.4110565185546875,1.4838806465677439,7.384863826482791,0.0,165.4296875,8.243446592587011e-07,8.835839859031747e-07,0.007893107393101955,-0.045295448982285255,0.033339127702532854,-0.12764259928286875,0.39913530052978397,0.2749285714285714,30.76171875,1.7789402704125155e-07,-0.0007220169959337595,1.021513352201126,-2.7027054638668293,2.1361488633198036,-0.12224186349878743,-0.6898630036762547,0.0008571428571428571,0.68359375,0.00045175066849512054,32.74731,0.021754729,32.53311,33.090515,0.72836506,8.164856,0.0,300.09765625,7.8570156e-07
S4,1,-0.0003627891565901497,0.22115189411675967,-0.4798381829010358,1.6118954580221356,4.964266004401943,28.562331205775536,0.01661904761904762,4.1015625,0.00014274898290190643,1.2640790121895926,0.017285830429464518,1.0669708251953125,1.4194488525390625,1.5637797533373996,4.237365346189745,0.0,197.55859375,8.221643152424725e-07,1.2883294995824906e-07,0.008109678615596123,-0.045295448982285255,0.036061993224937985,-0.12757315226833027,0.39937472230545,0.28104761904761905,30.76171875,1.8718071775276148e-07,0.010242768080329577,1.1710481875005527,-3.4060195552217287,3.45310035866779,-0.055607391417164545,0.059230975682043496,0.0008333333333333334,0.68359375,0.0005325597139683388,32.767113,0.019280626,32.509247,33.090515,0.919536,11.871394,0.0,326.7578125,7.5563855e-07
S4,1,0.0001693093359234804,0.22558732478026108,-0.4798381829010358,1.6118954580221356,4.872311199791651,27.41065574688152,0.015428571428571429,4.1015625,0.00014297692119497046,1.2689980733962285,0.01732635353828662,1.0669708251953125,1.4194488525390625,1.51576280606989,4.450639031604387,0.0,347.265625,8.282765660997292e-07,-9.7201910943517e-07,0.008633281601234324,-0.04693335867945742,0.05890514302161724,-0.09212008090694004,0.7978518578078484,0.2951190476190476,42.3828125,2.1154245543193838e-07,0.030813272662853358,1.6179153668864106,-4.855684608595754,3.9037868033167853,-0.06281289736118277,0.38759644929163484,0.0007857142857142857,0.68359375,0.0008574549845561877,32.7697,0.025769236,32.509247,33.08899,-0.51888084,4.2215,0.0,0.68359375,7.7258215e-07
S4,1,0.00011759619385707325,0.2336457725692676,-0.5654897172426081,1.5823639791014479,4.706338468523198,25.347069800454847,0.014523809523809524,3.41796875,0.00015480334386794835,1.2738396871657598,0.017532339328860804,0.9983062744140625,1.406097412109375,1.3741943581963316,5.06041452047992,0.0,171.58203125,8.344608458008728e-07,2.620176131895622e-07,0.0090423997863114,-0.04693335867945742,0.05890514302161724,-0.09195321608774185,0.833499347719485,0.28095238095238095,34.86328125,2.3441364987491406e-07,0.0048646655814942935,1.8065918698741932,-4.855684608595754,3.9037868033167853,0.060915051584396016,-0.4437520769621148,0.0007380952380952381,0.68359375,0.0010018531226546623,32.77667,0.036141243,32.561493,33.08899,-0.16805394,0.39063573,0.0,0.68359375,7.8811405e-07
S4,1,-0.00015733258137962114,0.2269764893378515,-0.5654897172426081,1.5823639791014479,4.8216875613623635,26.815683458807854,0.013952380952380952,3.41796875,0.00015208632335514903,1.2788973308744884,0.01726045599931947,0.9983062744140625,1.4263153076171875,1.3991342514742349,5.629140658263687,0.0,144.921875,8.269187665433501e-07,6.061704865170904e-07,0.008213386454015136,-0.047597649259602484,0.04068835029183024,-0.14765197761770096,0.7214408484009391,0.27221428571428574,34.1796875,1.919363031737184e-07,-0.039251470781621306,1.54349084876324,-2.5770231101405936,3.85976307078766,0.18355603832668071,-0.9712703474990851,0.0007380952380952381,0.68359375,0.0008113171218662363,32.807377,0.033705365,32.561493,33.12207,-0.87121904,1.7693872,0.0,0.68359375,7.803149e-07
S4,1,0.0002100391459270846,0.21633472346983904,-0.45759987452342976,1.5714300899907605,5.019711215701372,29.504368470131737,0.014214285714285714,4.1015625,0.00013617631411763577,1.2818401790800549,0.017086974801639895,1.0631561279296875,1.4263153076171875,1.574536331120027,4.556093144867235,0.0,98.4375,8.26586988796717e-07,-1.6582483301419616e-07,0.007487999759882119,-0.047597649259602484,0.037540478715677617,-0.1873557729129669,0.36385721669456395,0.2824047619047619,30.76171875,1.604098741214402e-07,-0.0058681357303312755,1.161459616931445,-2.2970636421922856,2.627621962534687,0.05366556175743303,-0.9922672592335458,0.0008095238095238096,0.68359375,0.0005655267538175587,32.83259,0.018825544,32.704987,33.12207,1.1111096,10.2865715,0.0,339.74609375,7.80383e-07
S4,1,-9.353584327456038e-07,0.2182298978807143,-0.4306166380049174,1.5714300899907605,4.9864349594166555,28.949489478725088,0.015476190476190477,4.1015625,0.00014068001673471427,1.2842293330601284,0.016987446169790848,1.18408203125,1.41754150390625,1.592312307852258,3.7655080680718873,0.0,69.7265625,8.075763939327355e-07,-4.475590635719805e-07,0.00786258879676178,-0.057957353616074056,0.0532353534621049,-0.1669736645325607,1.0446431718837932,0.28585714285714287,34.86328125,1.7602501151921751e-07,-0.0035305980991971746,1.2152523471388028,-2.9508537311811702,3.8793979707302806,0.20380572212486053,0.0663931457278153,0.0008095238095238096,0.68359375,0.0005653940348202637,32.84498,0.018148871,32.669098,33.11908,1.0239656,9.924882,0.0,339.0625,7.973679e-07
S4,1,-0.00026397684995411015,0.22039258921247923,-0.4306166380049174,1.5771049783812663,4.967584945204785,28.5232138459358,0.016023809523809524,3.41796875,0.00014208244577076904,1.2860876265026273,0.016940238426899634,0.9120941162109375,1.433563232421875,1.3437320073385617,9.545202765792347,0.0,69.7265625,8.079512614180725e-07,-1.5774834592766545e-07,0.008060304225128143,-0.057957353616074056,0.0532353534621049,-0.14837330517381256,0.9789969097134796,0.28123809523809523,39.6484375,1.8568493163038688e-07,0.0056838692124743925,1.3007807890774314,-2.9508537311811702,3.8793979707302806,0.15798928693314176,-0.3446359223904265,0.0007857142857142857,0.68359375,0.0006702586462329792,32.842995,0.018554242,32.622772,33.022858,0.7663721,8.554035,0.0,328.80859375,7.8793306e-07
S4,1,-6.474491623193997e-05,0.21873865173799004,-0.4286787116099017,1.582070960507701,5.030176962484518,29.231612344144935,0.016142857142857143,3.41796875,0.0001382397075345482,1.2862285977318173,0.017001541378169616,0.9120941162109375,1.433563232421875,1.1259279597664729,13.180248369924755,0.0,83.3984375,8.100432045313033e-07,5.431562784366238e-07,0.007649980513737227,-0.048469963078603816,0.03842346344015832,-0.1560884983770301,0.4123090757667338,0.29014285714285715,32.8125,1.6683626570886896e-07,-0.014902471243093128,1.048584158799716,-2.191677388156037,2.2458296980700005,0.07567349566251733,-1.0546520704118476,0.0008333333333333334,0.68359375,0.0005174718987788014,32.844517,0.019340817,32.622772,33.022858,0.6641297,7.5729523,0.0,17.7734375,7.939191e-07
S4,1,-6.530186786945868e-05,0.2199354015983638,-0.43122019288922125,1.582070960507701,5.005301407737177,28.834721399747295,0.016142857142857143,3.41796875,0.00014145722550434536,1.286718123299735,0.016975732548344356,0.9464263916015625,1.4293670654296875,1.3115394148545976,8.908571455483617,0.0,30.078125,8.077888246434621e-07,6.862747435150659e-07,0.007545907251678974,-0.048469963078603816,0.03842346344015832,-0.17303216323354917,0.4235909302956222,0.28464285714285714,30.76171875,1.6186995543908976e-07,0.004606057476449419,1.0357162069481285,-2.8217848757417183,3.260174242864231,0.18692967066974023,0.11552821254218859,0.0007857142857142857,0.68359375,0.0004057036613588655,32.858643,0.018128052,32.651154,33.1326,0.9347744,11.293811,0.0,17.7734375,8.0560676e-07
S4,1,0.00036439170325772364,0.22159484607206084,-0.43122019288922125,1.5773690028004905,4.959785838574368,28.258100032531097,0.015666666666666666,3.41796875,0.0001384293243256782,1.2878952843802316,0.017068641275938917,1.024627685546875,1.4293670654296875,1.541387943806662,5.2909331985755905,0.0,33.49609375,8.208802620617699e-07,1.2011598859155237e-08,0.007843713396978516,-0.044807182064888554,0.04277408882799215,-0.15468289537751564,0.43128625041130064,0.27516666666666667,33.49609375,1.7294748507300202e-07,0.0054645346224436045,1.0275723991292054,-2.8217848757417183,3.260174242864231,0.12096949247272464,0.21034599894336203,0.0007619047619047619,0.68359375,0.00037769825057030706,32.861427,0.018534295,32.676575,33.1326,0.81132054,9.666356,0.0,65.625,7.931093e-07
S4,1,0.00012420183265654023,0.21675121703034328,-0.42600629007796076,1.5773690028004905,5.066144983809755,29.66057496665571,0.016047619047619047,3.41796875,0.0001341721937292736,1.289416131519136,0.016869176525959772,1.1241912841796875,1.425933837890625,1.6049913607037058,4.2323466476547855,0.0,12.3046875,8.005998251146502e-07,-1.6591398477783555e-07,0.007662143804257113,-0.044807182064888554,0.04277408882799215,-0.12141326506663656,0.4311885240288942,0.29788095238095236,33.49609375,1.6703327361854356e-07,-0.009612692787755778,0.8831608801288229,-1.746990278016281,1.808221761400365,-0.04354455241499406,-1.0857564986309653,0.0008095238095238096,0.68359375,0.00032603687299063435,32.860195,0.019406114,32.65265,33.234985,0.9094716,10.4478855,0.0,34.1796875,8.0139984e-07
S4,1,-0.0003002926431147435,0.21516553478103292,-0.42568598331664553,1.5722752474674384,5.09341746035674,30.10131249346081,0.016047619047619047,3.41796875,0.00013410091860237015,1.2912091754731678,0.016847324724373995,1.056671142578125,1.4156341552734375,1.5540065445780051,5.0409141551739935,0.0,3.41796875,8.030962841172612e-07,-4.987555809337962e-07,0.00724798381542239,-0.0351468426225401,0.035074824957384794,-0.13600030088241113,0.2816565790560155,0.31352380952380954,32.12890625,1.5016272429325405e-07,0.02441272781839986,0.815196609471713,-1.746990278016281,1.612157546627095,-0.025651668866319425,-1.1721648431564529,0.0008333333333333334,0.68359375,0.00030108061480747995,32.869152,0.019644558,32.65265,33.234985,0.81601894,9.998687,0.0,11.62109375,8.132409e-07
S4,1,8.340981339269136e-05,0.22433611045912544,-0.4418910809938872,1.5918376979781248,4.893054603668273,27.55455956984242,0.015142857142857144,3.41796875,0.00014232793213985343,1.293017223903111,0.016930749808376527,1.056671142578125,1.4404296875,1.575160931361582,5.09571939249447,0.0,23.92578125,8.094530621689602e-07,2.2799829889374583e-08,0.008017764813630007,-0.0465953989468414,0.048982671229319166,-0.12920965758293734,1.2811139120997836,0.3139047619047619,32.12890625,1.8274005176510467e-07,-0.022843754736402665,1.0317803397980456,-3.268296378128809,3.078755053765899,0.0056701594206654505,0.3332788201155248,0.0008095238095238096,0.68359375,0.0004233827815266153,32.870144,0.021223927,32.693024,33.013855,0.24774715,4.914707,0.0,0.68359375,8.0946245e-07
S4,1,0.00010296496593803458,0.2340117970954503,-0.5144147087671154,1.6472040479176173,4.680751643773109,25.09235794101254,0.014571428571428572,3.41796875,0.00015508257200458008,1.297802888779413,0.017809671058096995,1.132965087890625,1.45416259765625,1.5002966017971957,3.654677444589991,0.0,0.68359375,8.146536094853963e-07,5.326812352861584e-07,0.010438368957172046,-0.06035704059920735,0.09896761409103327,0.08487356660019316,2.6354967926937816,0.29045238095238096,43.06640625,3.050439572243883e-07,-0.008398514135899047,2.4900203700738364,-9.599454128064512,10.919798244645415,0.2874932526918364,6.043378603027682,0.0006904761904761905,0.68359375,0.001534724696600632,32.845963,0.033572096,32.70352,33.021362,-0.4869652,0.82706475,0.0,0.68359375,7.837487e-07
S4,1,4.346722578138292e-05,0.23587409598702888,-0.5144147087671154,1.6472040479176173,4.656496569568688,24.78264009942485,0.01588095238095238,4.1015625,0.0001521552411820777,1.311570321945917,0.02092291071975465,1.1020660400390625,1.45416259765625,0.9384490446756826,2.0182969326419817,0.0,0.68359375,8.192512236016041e-07,-7.175083530675811e-07,0.012492055487820352,-0.061245860375698125,0.09896761409103327,0.29772985847656297,2.3501716434456217,0.2717380952380952,43.06640625,4.4790257495708466e-07,0.01531705776117666,2.614089379828715,-9.599454128064512,10.919798244645415,0.23737406230560262,4.627588799527937,0.0006904761904761905,0.68359375,0.001791613557928405,32.860977,0.04390901,32.725952,33.098022,-0.32172042,-0.1718669,0.0,0.68359375,7.9678915e-07
S4,1,-0.0001756980474505124,0.2284483996401308,-0.4983148392906825,1.5998762601718608,4.866218052187967,27.009927440816757,0.015333333333333332,4.1015625,0.00014611213033129494,1.3264318012055896,0.01856148504595257,1.1020660400390625,1.4698028564453125,1.1092011089812004,3.5583544101021864,0.0,0.68359375,8.018246517862847e-07,1.1966571935911216e-07,0.010695784528398663,-0.061245860375698125,0.08613901624507966,0.34048570885384405,3.3656951429848956,0.2708809523809524,34.1796875,3.242651132677102e-07,-0.0031463495329053953,1.4082763154904911,-3.7181656051083527,4.712942696973155,3.628135354699172e-06,0.5894845595162659,0.0007142857142857143,0.68359375,0.0006819741155826773,32.908848,0.026320854,32.676575,33.098022,-0.18032135,2.1735563,0.0,99.12109375,8.265652e-07
S4,1,3.770954362418834e-05,0.22267092638901337,-0.43410488050474944,1.592453794976627,5.011032055657733,28.63093077450074,0.01369047619047619,3.41796875,0.0001436909844089479,1.3276640301658993,0.017181209470380668,1.08795166015625,1.4698028564453125,1.392864127860732,5.104431054938187,0.0,4.78515625,7.8878101489988e-07,4.4104997535346157e-08,0.007350190563300091,-0.04494627534805867,0.04351274525942053,-0.173616222868869,0.7472789145742653,0.2710714285714286,32.12890625,1.5399819933777965e-07,-0.006414394718835484,1.0211108411109204,-2.691523827382231,1.9980937565518369,-0.25749058028522304,-0.6141539431760643,0.0007619047619047619,0.68359375,0.0003678598529662504,32.92979,0.01859052,32.676575,33.07849,0.6613455,9.201192,0.0,128.515625,8.4338023e-07
S4,1,0.00015684622352232875,0.22049152234508815,-0.4184612273458608,1.586034668371231,5.043246956889795,29.022026614366915,0.013904761904761904,3.41796875,0.00013911946552779057,1.3213964643932523,0.016869014018540036,1.058197021484375,1.45416259765625,1.3177488450826145,6.661498595212414,0.0,8.88671875,7.843165670721816e-07,-7.75634621873299e-07,0.007068697201085506,-0.04138664664649068,0.029207026759335383,-0.19659524800088754,0.41766061947078903,0.27426190476190476,32.8125,1.4241973560855844e-07,0.009753761416563533,0.8460791353212015,-2.149383378376908,1.8242443970051778,-0.11944879898558425,-0.7322468964794622,0.0009047619047619047,0.68359375,0.0003448675893969541,32.943413,0.019769868,32.70352,33.20938,0.7755221,8.357127,0.0,200.9765625,8.790117e-07
S4,1,-7.483835822261973e-05,0.2190834849977643,-0.41609382734650463,1.5785377041651776,5.074813535180025,29.468323606483978,0.013761904761904762,4.1015625,0.00013960206166716455,1.3176592236473448,0.01681398798743281,1.058197021484375,1.453399658203125,1.470592644908943,5.617612191313862,0.0,17.08984375,7.969609987888368e-07,5.477342674558584e-07,0.007133204335046083,-0.036409592026554166,0.03186647000252066,-0.1843443732581665,0.4560135918957009,0.2788095238095238,28.7109375,1.4425795158345482e-07,0.0005679078842904089,0.8398384478052235,-1.8364016141679211,1.6584223450404112,-0.04698568533503184,-0.9926913404845465,0.0009047619047619047,0.68359375,0.00037312420927878084,32.959274,0.019644696,32.79486,33.20938,0.7865571,7.468129,0.0,207.8125,8.614489e-07
S4,1,4.5997750251073215e-05,0.22065599372887004,-0.4151486813435245,1.5785377041651776,5.046223907021089,29.083920864189373,0.013666666666666667,4.1015625,0.00014111352386859458,1.3144760949271066,0.016962875168341156,1.152801513671875,1.456451416015625,1.6325979275090445,4.5023869283461115,0.0,89.55078125,8.036858784289179e-07,8.766325932593166e-08,0.007171899255031512,-0.03856476341234513,0.03186647000252066,-0.1873188170499021,0.4029034655627002,0.2814047619047619,28.7109375,1.4716391501150635e-07,-0.012007923741357554,0.9181714762659257,-1.8364016141679211,1.9496590234631161,0.02172751706096782,-1.027965263250739,0.0008809523809523809,0.68359375,0.0004279874059276585,32.96651,0.017735416,32.74539,33.256104,1.0879731,14.15979,0.0,32.8125,8.6362655e-07
S4,1,-5.330775777453874e-05,0.22219984443421997,-0.41975444301571163,1.576126926783912,5.002011353380705,28.558387568173938,0.013904761904761904,3.41796875,0.0001437332926978288,1.311635417029971,0.01679425898689929,1.0814666748046875,1.50299072265625,1.6735174172294591,5.426410215273098,0.0,141.50390625,8.00443127097445e-07,4.2976070124787305e-08,0.0069580066140348985,-0.03856476341234513,0.029042862837756846,-0.20876750814021786,0.36722510826963006,0.2755,32.8125,1.3841222108534624e-07,0.014422615823201344,0.9682773159553888,-1.907496786859448,1.9496590234631161,0.023979638957891465,-1.0991397913921739,0.0008571428571428571,0.68359375,0.0004465864629464351,32.96051,0.018550757,32.74539,33.256104,1.2198619,14.93889,0.0,12.98828125,8.91568e-07
S4,1,-9.709277199001418e-05,0.23623686501118277,-0.5244746279909236,1.612493546023394,4.556941691855257,24.158391282519798,0.015333333333333332,3.41796875,0.00016279655565707514,1.3140990121023997,0.01995015297689281,1.0814666748046875,1.50299072265625,1.3863442406721576,3.7863520666892407,0.0,0.68359375,8.696061029818987e-07,3.071684660343874e-07,0.010424485030086679,-0.15189341836931497,0.15725938635815512,0.28327687869907847,11.843372223139019,0.26104761904761903,36.9140625,3.029805501175249e-07,0.07417413734231111,2.65818104927289,-8.909086330193059,12.07748346139827,0.8518204625864908,5.87646435316784,0.0007619047619047619,0.68359375,0.0018321700223321146,32.956432,0.018541627,32.74991,33.23349,1.0267315,11.898992,0.0,12.98828125,8.628105e-07
S4,3,-0.00010878453536010702,0.20878533875367142,-0.41010781827035436,1.5613782325911487,5.339077281612937,32.23839393571621,0.014738095238095238,4.1015625,0.00012694211933848262,1.3563901174636115,0.01679448772249583,1.1852264404296875,1.4896392822265625,1.5585461077335696,3.8649997643232306,0.0,80.6640625,7.917260254432109e-07,2.7205303034907396e-07,0.006108727230775028,-0.040844868133242396,0.040502341708243225,-0.2798421129529832,1.7970749566520263,0.37285714285714283,25.9765625,1.0528638791280931e-07,-0.03492355066054977,0.9203059844199641,-3.0833671156603293,3.4245682814665037,0.07265734051796796,1.8898005318342364,0.0008809523809523809,0.68359375,0.00036693477239258486,32.642597,0.01849913,32.46747,32.911743,1.3921113,11.090211,0.0,218.06640625,7.104931e-07
S4,3,0.00035904557160087547,0.2187971910497339,-0.5051759017113049,1.667544008215232,4.917910743543845,28.02642848803086,0.014095238095238095,4.1015625,0.0001344289017772196,1.362655258178711,0.018273788336255977,1.26190185546875,1.503753662109375,1.2966433656883307,2.4555741485882834,0.0,0.68359375,7.824451972058478e-07,-1.3214538072375416e-07,0.006792853062354644,-0.05171648033644165,0.06295707806157921,-0.12326904888147563,2.852546264881285,0.3665,25.9765625,1.307847965413218e-07,0.08636788187102133,1.6523152739845126,-4.278324853857698,5.716214284158004,0.6175395978747262,1.7494562853440705,0.0008333333333333334,0.68359375,0.0007470696337787735,32.661747,0.070663005,32.39438,33.033386,2.1950603,3.7757363,0.0,0.68359375,7.3093094e-07
S4,3,0.0001033516907462155,0.23376611519040877,-0.6436532243337393,1.667544008215232,4.491416473511638,23.946427867279823,0.013928571428571429,4.1015625,0.0001519350228134969,1.369613320486886,0.01760697035051396,1.26190185546875,1.503753662109375,1.319811195308896,2.9170296183274216,0.0,0.68359375,7.860768269001408e-07,-4.268716326115493e-08,0.007328265464295886,-0.05171648033644165,0.06295707806157921,-0.0963943273480838,2.509192298713849,0.3576666666666667,26.66015625,1.5257984856536756e-07,0.017509853478770734,2.4399668864372717,-7.830231413720601,7.083135695643308,0.10178176728157509,0.8710030653218075,0.000619047619047619,0.68359375,0.001429755710198972,32.823757,0.1506745,32.39438,33.140137,-0.2995741,-1.6610532,0.0,0.68359375,8.1298816e-07
S4,3,-0.000395882631598757,0.22481388707393812,-0.6436532243337393,1.6045945640914274,4.821518383396574,27.218867636609872,0.0155,4.1015625,0.0001464114352247844,1.3709692001342773,0.016469804662337755,1.2786865234375,1.50299072265625,1.6114319606240533,3.6806986740441303,0.0,0.68359375,7.654701559129836e-07,1.6962740435735616e-07,0.006946981747481086,-0.04311111281215501,0.056873138933554196,-0.16177454469356858,1.4995788242240904,0.3575238095238095,26.66015625,1.3828237160176766e-07,-0.11497839679733068,1.9503307484760406,-7.830231413720601,7.083135695643308,-0.10471966783720771,4.012848636104688,0.0006428571428571428,0.68359375,0.0008951315164055191,32.94922,0.026596375,32.79486,33.1416,0.91075224,2.2431517,0.0,0.68359375,8.584013e-07
S4,3,5.878342794297597e-05,0.21880366874238358,-0.42685236077296296,1.585816780992937,5.155770978685254,29.92892365902086,0.016,4.1015625,0.000136722581634299,1.3721074785505023,0.01641153503097749,1.2786865234375,1.5132904052734375,1.5892845673921125,3.8179996224261945,0.0,124.4140625,7.553516927342449e-07,2.545439636653258e-07,0.006618247038090944,-0.04493957186650032,0.038067987422276975,-0.25093283176109904,0.828031316882393,0.3326904761904762,26.66015625,1.2474807339638185e-07,0.007184395723009595,1.001074833572489,-2.7731898047643995,3.7242939795487,0.29333769980013963,1.0095430791524045,0.0008095238095238096,0.68359375,0.00042479708242789793,32.950535,0.020827759,32.79486,33.25006,0.58577675,5.839861,0.0,314.453125,8.425912e-07
S4,3,0.00017450389677266143,0.22192802471286668,-0.4724871839293673,1.5905721589400135,5.10299673068891,29.150882486552213,0.01588095238095238,4.1015625,0.0001389330528202739,1.3733500435238792,0.01656120670259449,1.2866973876953125,1.540374755859375,1.5550968997644863,4.027238178937257,0.0,1.3671875,7.730228866521224e-07,4.88632198847468e-07,0.006751427972398068,-0.04493957186650032,0.034402748510589415,-0.22919474205997734,0.8826096144752649,0.3213095238095238,26.66015625,1.3007181436215766e-07,0.06344794772924171,1.1909055140867915,-2.6996367339948715,3.7242939795487,0.3341153675465773,0.34226624113790916,0.0007857142857142857,0.68359375,0.000511868693122548,32.96488,0.017988944,32.841278,33.25006,1.0452017,10.544181,0.0,4.78515625,8.315825e-07
S4,3,5.47441000250996e-05,0.21789333888270482,-0.4724871839293673,1.5905721589400135,5.192036507786218,30.23678959178624,0.01623809523809524,4.1015625,0.00013656492247723573,1.373253922235398,0.01666805881322069,1.12762451171875,1.540374755859375,1.4985207526627737,5.051929306173298,0.0,1.3671875,7.777926320172972e-07,-6.601531109794949e-07,0.006746851405667989,-0.035220342304973604,0.034402748510589415,-0.21548414299007276,0.7590650098375091,0.33704761904761904,26.66015625,1.2944319035873622e-07,-0.025164388474619683,1.036390775618327,-2.6996367339948715,3.531470081478217,0.20864024734313807,0.6934410281567143,0.0008333333333333334,0.68359375,0.000388203710616333,32.96953,0.017981231,32.75888,33.240997,1.007218,10.979393,0.0,244.7265625,8.613881e-07
S4,3,-9.940425041449903e-05,0.21691463966305446,-0.4230269502201004,1.579001167357201,5.223423031640238,30.620914737186048,0.015857142857142858,4.1015625,0.0001368384122834004,1.37527954464867,0.016597617930727834,1.12762451171875,1.50146484375,1.4970346804427426,4.941381324642453,0.0,177.734375,7.697489287111544e-07,-3.022359485281263e-07,0.006565195000111954,-0.035220342304973604,0.030374916055229486,-0.2582236936497265,0.5836026128209877,0.3231904761904762,26.66015625,1.2314544227454246e-07,-0.0161812528102528,0.8565804019731021,-2.10481081763168,2.0187092380411626,-0.0888805024052052,-0.6578888480462406,0.0008809523809523809,0.68359375,0.0003130834419127498,32.970093,0.017933464,32.75888,33.240997,0.978879,12.026408,0.0,4.1015625,8.832259e-07
S4,3,-4.0665842467101524e-05,0.22106191811033554,-0.42846680095292533,1.5839678146241292,5.139528739235089,29.50226892637135,0.015428571428571429,4.1015625,0.00014088825578121667,1.3790554319109236,0.01647727382576662,1.2676239013671875,1.50146484375,1.566235888300505,3.80962660760707,0.0,178.41796875,7.577383110114117e-07,5.902605223206873e-07,0.006628196445230018,-0.04520544297143163,0.04456250386448371,-0.2527364347632088,0.8719161057612355,0.3175952380952381,25.29296875,1.2525806445196655e-07,0.021188469533209908,0.9430636111944967,-2.10481081763168,2.0187092380411626,-0.1524392012841931,-1.0347781959969764,0.0008095238095238096,0.68359375,0.0003757884189308624,32.967747,0.017863486,32.76938,33.245544,1.0661227,14.452238,0.0,144.921875,8.7906795e-07
S4,3,-5.479896118214121e-05,0.22058043786132592,-0.4357792338846973,1.5907951857074691,5.1502582472717116,29.648569750628084,0.015047619047619048,4.1015625,0.00014080657036849773,1.3796284811837332,0.016362876060146567,1.2432098388671875,1.5773773193359375,1.5940629964121111,4.353604328912244,0.0,347.94921875,7.496892137281225e-07,-3.014338932876668e-07,0.006645319986838873,-0.04520544297143163,0.04456250386448371,-0.23272027852588245,0.8933986455979115,0.3289047619047619,25.29296875,1.2590086059732997e-07,-0.0008699137881203204,0.8093107209120155,-1.8056357053598808,1.519718053911861,-0.05402062713615804,-0.992971412461729,0.0008809523809523809,0.68359375,0.00032621887910991694,32.96412,0.017565928,32.724426,33.245544,1.0986292,15.367216,0.0,258.3984375,8.583075e-07
S4,3,6.48949688549893e-05,0.22093755647049274,-0.4357792338846973,1.5907951857074691,5.138973536687747,29.58478696328894,0.015023809523809524,4.1015625,0.00013710068824659044,1.3776100431169782,0.0162437174403608,1.1341094970703125,1.5773773193359375,1.5098678436382107,5.608722243609735,0.0,347.94921875,7.473357729897724e-07,-2.1390556728173854e-07,0.00658241765078099,-0.03425550526186843,0.0278674122274552,-0.23514437510910519,0.6183229424440135,0.3297857142857143,27.34375,1.2286871559099533e-07,0.007589615796466317,0.6623343412471564,-1.4975939143922863,1.5733234268990282,0.08743029268842853,-0.44756796392816645,0.0009523809523809524,0.68359375,0.00023521801135272525,32.963,0.017456062,32.724426,33.23349,1.1200447,14.07095,0.0,189.35546875,8.6768154e-07
S4,3,-1.4404955696675055e-05,0.2197369467467409,-0.47614182542170747,1.5927301909518807,5.120697022477981,29.624154207641077,0.014857142857142857,4.1015625,0.0001373866471879593,1.3774856113252185,0.016280690976040717,1.1341094970703125,1.5148162841796875,1.491474193661992,5.0762742977739155,0.0,334.27734375,7.440721019625455e-07,1.7059700170484008e-07,0.006651665437677857,-0.03540255484454423,0.03087028158061253,-0.23113036471583626,0.6734060956453622,0.3392142857142857,25.9765625,1.259502066604154e-07,0.002924798502009457,0.7750586116226375,-3.3362691821403154,1.5733234268990282,-0.5413511288943118,0.8800614736885568,0.0008809523809523809,0.68359375,0.00025055868151756104,32.966312,0.017793959,32.767853,33.23349,1.038409,11.949443,0.0,286.42578125,8.715187e-07
S4,2,7.524649237639602e-05,0.24936837164445724,-0.5954643634547033,1.6621025221439298,3.9798698131137735,19.517887177905703,0.01657142857142857,4.1015625,0.00016987046197932144,2.59593939099993,0.3692978526120474,1.990509033203125,3.5938262939453125,0.4333038112550227,-0.8958867184975263,0.0,0.68359375,3.0789268516937716e-06,-4.904191611174474e-07,0.015328900145493863,-0.07033945955395586,0.12396113252561258,0.4820138419306632,2.0251059294489524,0.24266666666666667,34.1796875,6.695398675782853e-07,0.012271268929484101,1.2761155718033286,-3.280911591651356,3.1959919778326635,0.015318668333682202,-0.396840540651906,0.0006904761904761905,0.68359375,0.000577510134373352,33.182858,0.045010448,32.997314,33.409912,0.646279,-0.13235307,0.0,30.078125,9.185488e-07
S4,2,-2.495922556374273e-05,0.25132309314633433,-0.7833557273284203,1.6621025221439298,4.154105076813203,20.701564141767395,0.017333333333333333,4.1015625,0.00018070264248379894,2.9609516779581706,0.25453783265831176,2.3014068603515625,3.5938262939453125,-0.8223750504211503,0.7009571724351606,0.0,0.68359375,2.977507904247431e-06,-1.8516871864957548e-07,0.01581337476330944,-0.06996904228455485,0.10896053925646068,0.4522570965048293,1.572097969614874,0.2433095238095238,47.16796875,7.039947368726915e-07,0.026410139096406077,1.0982470368069797,-2.4641101910733516,3.1959919778326635,0.13134286928472735,-0.2941057196752279,0.0006904761904761905,0.68359375,0.00038359437056043424,33.28197,0.07674204,33.11908,33.571655,0.13677576,-1.1434007,0.0,0.68359375,9.961874e-07
S4,2,2.758261121676053e-05,0.24232023538074568,-0.7833557273284203,1.6276290746009765,4.319931056945653,22.36244552118236,0.017476190476190475,4.1015625,0.00016680601076571991,3.236538233075823,0.23549427743147008,2.8095245361328125,3.8257598876953125,0.4097668386783929,-0.8940105353200072,0.0,0.68359375,2.221492170905491e-06,9.782092692489238e-07,0.01620909172693779,-0.06996904228455485,0.12142470651778031,0.526442060045989,1.8995631714257728,0.2402142857142857,39.6484375,7.493298389926222e-07,-0.0007365071479914154,0.909779029328206,-2.1025905289581033,2.3647505572486116,0.16268152859682442,0.13004951760193206,0.0007142857142857143,0.68359375,0.0002607381274110935,33.400826,0.066568546,33.23047,33.641327,-0.12360625,-0.8146305,0.0,0.68359375,1.141461e-06
S4,2,-0.00011837494620938977,0.23558920931589186,-0.5744336515198952,1.6360429506182361,4.468347461194459,23.74452828040151,0.01645238095238095,4.78515625,0.00015956924832754085,3.4137885593232653,0.15949482206682172,3.0414581298828125,3.9089202880859375,0.5422748761947863,-0.22494168970523098,0.0,0.68359375,2.730331703627856e-06,8.627625949219267e-07,0.015081375737266381,-0.07557454675015246,0.12142470651778031,0.5363065352159863,2.03162286408729,0.2483095238095238,41.015625,6.509448029279032e-07,0.012936988537959491,0.7161858671484165,-1.8299400115611406,2.3647505572486116,0.3365855430393945,1.0747811274772898,0.0007619047619047619,0.68359375,0.00019393494133461178,33.511406,0.067507215,33.28018,33.73526,0.01803426,-1.0873497,0.0,0.68359375,1.2296376e-06
S4,2,6.604581875335476e-05,0.24215290823654903,-0.5557537830354008,1.6360429506182361,4.414609716861193,22.80121597498784,0.016547619047619047,4.1015625,0.00016084425556161318,3.461906015305292,0.148284672343697,3.2039642333984375,3.9089202880859375,0.7906792146450136,0.030559785214225865,0.0,0.68359375,2.8001215593304983e-06,-3.3722207965364127e-07,0.016274821244965838,-0.07557454675015246,0.12796637056825608,0.6196728398415436,2.8993694086615553,0.2566428571428571,41.69921875,7.547127520138568e-07,-0.02872649983371431,0.7475397620243895,-2.1289280097472387,2.8566843177109935,0.2847070249498628,1.9213447916002888,0.0008095238095238096,0.68359375,0.00020613706810528772,33.607567,0.049091388,33.394836,33.78076,-0.40205052,-0.71849704,0.0,41.015625,1.2447641e-06
S4,2,6.867934507739302e-05,0.24705696391691803,-0.5557537830354008,1.628934733777239,4.3414336616008375,21.89550142068978,0.017452380952380952,4.1015625,0.00017255423957990992,3.5196271896362306,0.1360305095618828,3.167724609375,3.9470672607421875,0.7081098119517327,0.022296516708662395,0.0,0.68359375,2.2850073877906315e-06,1.4597459081373257e-06,0.01774474017062293,-0.08053271536077578,0.12796637056825608,0.6316372994927387,2.6938786830499293,0.25552380952380954,49.90234375,9.001878468215656e-07,0.006887911741783475,1.1267499966424965,-2.6854114079152747,3.317370040651886,0.446225208212833,0.3909913830480436,0.0006666666666666666,0.68359375,0.0003570653892838052,33.64067,0.023204153,33.46585,33.82782,-0.24265529,2.407878,0.0,82.03125,1.2453715e-06
S4,2,9.332399434696258e-05,0.24669244667601364,-0.5399628135402706,1.6305813637728062,4.3571106822862005,22.150962905885972,0.017142857142857144,4.1015625,0.0001734159985357724,3.627829006740025,0.17664970678143896,3.167724609375,4.2331695556640625,0.5410475744890868,0.26097409801162286,0.0,0.68359375,1.8185252628725881e-06,-2.549549332419111e-07,0.01629753394768101,-0.08053271536077578,0.11847425641538643,0.5790583837893787,2.378998975357689,0.2604047619047619,34.86328125,7.56823552046373e-07,0.013057626214103855,1.1066767772035948,-2.6854114079152747,3.317370040651886,0.29867982573838947,0.28731293751697695,0.0005952380952380953,0.68359375,0.0003235723614510971,33.6274,0.023127288,33.46585,33.82782,-0.12796082,2.6001992,0.0,155.17578125,1.2187884e-06
S4,2,5.779905528407396e-05,0.24570743125647812,-0.528363949773781,1.634383676680581,4.413945022283753,22.661353376893715,0.01780952380952381,4.1015625,0.0001611219567243853,3.7890454973493304,0.1517765834137981,3.47900390625,4.2331695556640625,0.4078609508412938,-0.21991137227357793,0.0,0.68359375,1.737292876083355e-06,-8.075554203505336e-07,0.015085739359613813,-0.07574697620163211,0.11222610657685318,0.5165662312387351,2.018478880292175,0.2575,33.49609375,6.438138792625221e-07,-0.02165482559418162,0.8380866236701522,-2.4713970769715052,1.7035362855026779,-0.1914273011207539,-0.3001124949015419,0.0005952380952380953,0.68359375,0.00019784635545029447,33.629528,0.023465663,33.485443,33.811127,-0.18763708,2.2164207,0.0,131.93359375,1.2355678e-06
S4,2,0.00013635161627677066,0.24027201408174298,-0.528363949773781,1.634383676680581,4.554970206886258,24.08079112150411,0.017952380952380952,4.1015625,0.00015490338772822563,3.907966241382417,0.11961559745437836,3.6220550537109375,4.28619384765625,-0.03902073095259159,-0.8017627504601847,0.0,0.68359375,1.3514277369021427e-06,-3.451429830526642e-07,0.013532325630765372,-0.0729474299609414,0.11222610657685318,0.5182051026300103,2.264479050093743,0.2703333333333333,33.49609375,5.23104446927359e-07,-0.0054915970267333915,0.9853600121001871,-3.0773373970118296,2.005597298062706,-0.32348593341714593,-0.09346510095128213,0.0006666666666666666,0.68359375,0.00030656031370850947,33.645737,0.022630777,33.499084,33.811127,-0.27715194,2.531252,0.0,131.93359375,1.283214e-06
S4,2,-5.266677262938377e-05,0.23484287923239977,-0.5321585042274117,1.6080909833153292,4.626452906834759,25.026213963623803,0.01638095238095238,4.1015625,0.0001571618649391962,4.166553697131929,0.24112365474771186,3.78265380859375,4.691314697265625,0.47528408130057415,-1.135466629532687,0.0,0.68359375,1.5867808929995918e-06,-1.4835369508449197e-06,0.010408562173782974,-0.06400605820790288,0.0903556392098565,0.5043739719289991,2.646396832513159,0.2991190476190476,44.43359375,3.0726804973072134e-07,0.01692447874550003,1.1210291350193076,-3.0773373970118296,3.4505446777629416,0.017109239467869932,0.39584997129379484,0.0006904761904761905,0.68359375,0.0003936361119409275,33.6405,0.027469654,33.50815,33.78076,-0.3519521,0.95732594,0.0,149.0234375,1.3108009e-06
S4,2,-0.00010400350665059653,0.24983717516943776,-0.5704809801819627,1.6103669627248214,4.247675384386686,21.35650647488709,0.016095238095238096,8.203125,0.00016813880644345322,4.444348516918364,0.17360977616559062,3.99627685546875,5.0403594970703125,0.09126938413013455,1.1609297662162552,0.0,0.68359375,1.9361324291968316e-06,2.755859624065314e-07,0.00962676652433128,-0.053030170152662155,0.07283512612366388,0.3015675293518088,1.56296477714376,0.30123809523809525,47.8515625,2.6104434681557007e-07,0.058604894876951315,1.2896412542552047,-2.9037450130412874,6.28753740382937,1.3869971140737003,5.5322964766820615,0.0005714285714285715,0.68359375,0.0003308958274364812,33.618427,0.026588792,33.4628,33.802002,0.16810241,1.381393,0.0,169.53125,1.2813985e-06
S4,2,0.00018317345800990994,0.26442159393034337,-0.5708632020896739,1.6103669627248214,3.977989724330539,18.849325490237337,0.0165,8.203125,0.0001970378634794313,4.567404674348377,0.13171020181222437,4.2041778564453125,5.0403594970703125,0.9980689499082906,0.695836231018506,0.0,0.68359375,1.9916847731177038e-06,3.740337617888107e-07,0.010995725279184186,-0.053030170152662155,0.07283512612366388,0.30704018788213333,0.9434295234726338,0.2841666666666667,41.69921875,3.413828446716713e-07,-0.01943953487645698,1.7704673437891796,-5.247495086944161,6.28753740382937,0.41425647351664496,2.352671319475223,0.0006666666666666666,0.68359375,0.0006572820700080076,33.613075,0.023287972,33.45224,33.802002,-0.105176225,2.2095013,0.0,114.84375,1.242943e-06
S4,2,-0.00022715022285032204,0.26315171064109577,-0.575637006104618,1.6390466801176613,4.066141775708938,19.503638846701474,0.017714285714285714,5.46875,0.0002049119774184323,4.570537113008045,0.10798272593172902,4.327392578125,4.90875244140625,0.6086579079197993,-0.3281998599564502,0.0,0.68359375,1.5423665267654922e-06,-1.0738128805915218e-06,0.011845395531374488,-0.05540780177642651,0.059312597354368266,0.2897628840418825,0.5531179932732644,0.2746904761904762,54.6875,4.0108225587225856e-07,-0.05715289224906712,2.1282431048927766,-5.247495086944161,6.478872628053375,0.241665551747252,0.5591188761544119,0.0007142857142857143,0.68359375,0.0010751204570512343,33.64016,0.033110544,33.45224,33.884033,-0.044485565,0.15737009,0.0,218.75,1.2724919e-06
S4,2,-0.0001646423093470389,0.264724639211733,-0.6119391903913538,1.6390466801176613,4.0040665793091685,19.132761429814902,0.016976190476190475,5.46875,0.0001965117197119876,4.613965161641439,0.11098210023310533,4.3659210205078125,4.877471923828125,-0.31443023786532937,-0.9773636011659996,0.0,0.68359375,8.605597318380904e-07,4.974075156145132e-07,0.011919417975995777,-0.05540780177642651,0.06949982444502853,0.3057643211762368,0.6379125573233448,0.2750952380952381,54.6875,4.051074701434958e-07,-0.012074032511714409,2.1880694293774456,-4.913315994529272,6.478872628053375,0.4141095740445039,0.14800937099762868,0.0005714285714285715,0.68359375,0.001087010486290034,33.678463,0.02954268,33.496033,33.884033,-0.090475656,0.8984091,0.0,167.48046875,1.3615979e-06
S4,2,7.027898544583458e-06,0.26847134733814054,-0.6119391903913538,1.6263631784821444,3.8929424261775685,18.32855580312948,0.01630952380952381,5.46875,0.000203152979611722,4.720706939697266,0.04805827898530712,4.4559478759765625,4.9167633056640625,0.049993202993645236,-0.2158572244994339,0.0,0.68359375,5.762886274871846e-07,9.21011423155159e-07,0.01178583218530775,-0.053744051074998404,0.0837743843022994,0.3448945306057654,0.978763526392953,0.2757380952380952,46.484375,3.9502724281799286e-07,0.03252493619426755,2.2573803903641805,-4.7677057102101905,5.601123882908447,0.17410464923757427,-0.6614590661204485,0.0005238095238095238,0.68359375,0.0013085761169921858,33.696136,0.02366938,33.512695,33.833923,-0.23923449,2.574521,0.0,72.4609375,1.3884942e-06
S4,2,9.57155012095467e-06,0.27130751574910195,-0.615523795272871,1.6449227185780708,3.8569338620951257,17.955660398635878,0.01673809523809524,4.78515625,0.00021009275561525797,4.750700977870396,0.07023873867452465,4.5925140380859375,5.1456451416015625,2.967314188263695,10.595475658287407,0.0,0.68359375,8.216748038510138e-07,-4.91395234235611e-07,0.012849520144317459,-0.09074053019423772,0.13458609337737765,0.44080502446903225,3.1579091172850813,0.27135714285714285,56.0546875,4.7314120427222346e-07,0.0835690516306002,2.796464883695648,-4.865226792290326,6.824404091087962,0.15518349169729256,-0.9667410967458507,0.0005952380952380953,0.68359375,0.0019860101057924875,33.697254,0.022250604,33.529327,33.832397,-0.35828722,2.7484226,0.0,198.92578125,1.3534654e-06
S4,2,9.706800570090039e-05,0.2700546155817537,-0.615523795272871,1.6449227185780708,3.90542502656727,18.350423958167703,0.01669047619047619,4.78515625,0.00022206292029468746,4.712553551083519,0.1034906101202454,4.4963836669921875,5.1456451416015625,1.2435700503368465,2.5003019509864544,0.0,0.68359375,1.085163438344518e-06,-4.648636264612244e-07,0.013111703722130049,-0.09074053019423772,0.13458609337737765,0.41726153798068993,2.7842229622568153,0.26630952380952383,56.0546875,4.926106951154996e-07,0.015531603766453546,3.0203348401916683,-4.865226792290326,6.982918784477566,0.31366039249540206,-0.9055474027285557,0.0005952380952380953,0.68359375,0.0019472362010319604,33.698273,0.0222089,33.529327,33.912933,-0.3726844,2.8227134,0.0,181.15234375,1.3426089e-06
S4,2,2.3875811567499145e-05,0.2645508566797011,-0.6045616866499338,1.6523563401712287,4.0525271382302614,19.570857272240737,0.017595238095238094,4.78515625,0.00022930233767170046,4.624512681506929,0.0974155589206899,4.4521331787109375,5.1342010498046875,1.9430141942604267,4.473081406122365,0.0,0.68359375,1.0924436397215418e-06,1.6866283778071595e-06,0.012505080222123299,-0.05205255881841154,0.06720989040326676,0.3184513150482466,0.6858611070453682,0.26766666666666666,43.06640625,4.462941633869858e-07,-0.08073915359126443,2.5519122546142303,-4.510612332132052,6.982918784477566,0.507786743462051,-0.22512979722504145,0.0005714285714285715,0.68359375,0.001401654143835346,33.699284,0.021861078,33.54294,33.912933,-0.34376767,3.0092864,0.0,164.74609375,1.3458085e-06
S4,2,-0.00010619120489780337,0.265179084688447,-0.6255946283548642,1.6523563401712287,4.009332114272128,19.285433271022477,0.01730952380952381,4.78515625,0.00021663498992148644,4.635256758190336,0.12256246192032574,4.3605804443359375,5.1830291748046875,2.073632097306425,4.121691823978854,0.0,0.68359375,1.4101704161256206e-06,2.5762504905305984e-07,0.012432563220077205,-0.048881469806366235,0.08413305454735502,0.360483685883049,0.8551006552351721,0.2695238095238095,43.75,4.407069028736867e-07,-0.023359548975292,2.6455767994789534,-5.351637991842412,7.129861171474596,0.4892500374386635,-0.389418066681368,0.0005714285714285715,0.68359375,0.001533484644529406,33.697468,0.021820618,33.509674,33.93573,-0.3778461,3.4155698,0.0,211.23046875,1.3362187e-06
S4,2,9.165492407427906e-05,0.2677207943545121,-0.6255946283548642,1.63551198758331,3.9531159483545966,18.677713911696753,0.017595238095238094,4.78515625,0.00020413498643003902,4.764168584914435,0.13375588765802393,4.3605804443359375,5.1830291748046875,0.25010451182463633,-0.7486081403463807,0.0,0.68359375,1.3632595860859623e-06,-1.908294275724623e-06,0.01321991246690213,-0.10277231594358133,0.1101748860457348,0.3957244676473047,2.352884454825946,0.26454761904761903,33.49609375,4.990374834000064e-07,0.08642734201808334,2.9414933674795245,-6.405807835833976,7.459536349979913,0.27631256162292567,-0.401197370272389,0.0005952380952380953,0.68359375,0.0018101736943642757,33.695538,0.021997867,33.509674,33.93573,-0.3193785,3.4282537,0.0,30.76171875,1.3337072e-06
S4,2,-3.891255409810649e-07,0.26325065911420475,-0.6145933205706495,1.6370682041230944,4.08117271384803,19.611717917107207,0.017357142857142856,5.46875,0.00018721587275362473,4.826571146647136,0.09129275248575829,4.6295166015625,5.1727294921875,1.0049682289542463,0.7907410249183795,0.0,0.68359375,1.3207008096470114e-06,-1.2095284764490903e-07,0.01448665547516228,-0.10277231594358133,0.11809569786838767,0.4589771340932674,2.3202082507236534,0.25623809523809526,48.53515625,6.049658267402974e-07,0.040675072758589705,2.406348830037141,-6.405807835833976,7.459536349979913,0.08434845441187168,0.6425323540256036,0.0006904761904761905,0.68359375,0.0013851501911594807,33.70553,0.02530957,33.585327,33.92206,-0.1472937,1.6809735,0.0,54.6875,1.3450673e-06
S5,1,0.00010443391097563985,0.2386682926122834,-0.8540638357853835,1.6268407573620487,3.7732054825725383,22.43924515172393,0.014142857142857143,6.8359375,0.00015937053429553903,6.081536429268973,0.2461940462998093,5.6270599365234375,6.7836761474609375,0.5941584634948036,-0.582617217281364,0.0,0.68359375,5.109430422788509e-07,-1.117114923996478e-06,0.024260598590632062,-0.2319902199394956,0.21328677121113743,-0.6379074832706085,5.319422970011866,0.2739285714285714,55.37109375,1.6424198945234283e-06,0.04841291318615766,3.878480432462211,-12.832526998282793,15.40329630027853,0.3937065343574872,2.8853191858192746,0.0006428571428571428,0.68359375,0.0038687707693023,34.37114,0.0555587,34.196198,34.629395,-0.14341171,-0.7285857,0.0,0.68359375,1.9970641e-06
S5,1,-1.6814217010251737e-05,0.23951139050259312,-0.8413097002078257,1.6269080668853153,3.71352963647523,22.25909281749452,0.014809523809523809,6.8359375,0.00016549399701390629,5.775297464643206,0.1472446185708538,5.2524566650390625,6.128692626953125,0.08725591228690542,-1.2496614356512623,0.0,0.68359375,6.942140986579144e-07,7.794221541445614e-08,0.026928172019979286,-0.22987377048226781,0.21328677121113743,-0.7289819850759572,3.480550195087508,0.27954761904761904,69.04296875,2.0674238415490907e-06,0.1040165781456583,2.522091606112843,-7.591439120493662,6.060664543521619,-0.049139084539702775,0.0011438907310381552,0.0007619047619047619,0.68359375,0.0022538874923599328,34.44295,0.04746665,34.264893,34.6463,-0.15424389,-0.3782904,0.0,0.68359375,2.014504e-06
S5,1,8.828553293705873e-05,0.2372630778278895,-0.8413097002078257,1.6269080668853153,3.8399856199051774,22.957559808982634,0.012833333333333334,6.8359375,0.0001612419808424194,5.51898744673956,0.1783487930319795,5.1532745361328125,6.047821044921875,0.204390321326003,-0.5828408134368668,0.0,0.68359375,6.192786340181901e-07,1.2429265520789619e-06,0.023731623478129116,-0.23834709651310426,0.2070374177876144,-0.888700690025592,6.22739971667831,0.27666666666666667,63.57421875,1.6064836244990575e-06,0.01362765690262595,2.3900527916159997,-7.591439120493662,6.060664543521619,-0.20341135438054128,0.20803722168125827,0.0007857142857142857,0.68359375,0.002300835136179355,34.465584,0.03308944,34.34134,34.657043,-0.30704868,0.76289415,0.0,0.68359375,2.0524317e-06
S5,1,-0.00016593706161766774,0.2316902401062771,-0.8107064929319818,1.5955327368389405,4.017202353321398,24.282445450739626,0.010571428571428572,6.8359375,0.00015600949490601008,5.221430124555315,0.17462172413981292,4.7298431396484375,5.6270599365234375,0.1371886355733268,-1.0994037076312526,0.0,0.68359375,3.0722642292520453e-07,-4.2737900612580594e-07,0.016530901532703122,-0.23834709651310426,0.2070374177876144,-0.9196247147185708,14.887263296021555,0.2795,45.80078125,7.789166401740173e-07,-0.043759337421473206,2.063373147593742,-4.417372837165399,4.017117038542728,0.015302391364137694,-1.1132767286749625,0.0007857142857142857,0.68359375,0.001880890418088273,34.47169,0.0334945,34.34134,34.68161,-0.4473037,0.5621941,0.0,129.19921875,2.1315066e-06
S5,1,-0.00018264789897653606,0.23214044764976324,-0.7600501435044504,1.5740839465284837,4.013200900491216,24.23638448515268,0.0105,6.8359375,0.0001563722835796163,4.9439908799670995,0.14777728149117556,4.61273193359375,5.33447265625,0.11817476460335534,-1.1230883563668654,0.0,0.68359375,3.151195011282073e-07,-1.3691423426549397e-08,0.011852510990962808,-0.12621715478197276,0.08219089767458129,-0.404413068986412,3.6405052638966584,0.2790952380952381,51.953125,4.033298942997059e-07,-0.016655247825763133,2.2591292207180973,-4.658289956796514,4.271558754938754,0.01317410998235662,-1.12990066224182,0.0007619047619047619,0.68359375,0.002066122442344997,34.499413,0.030946594,34.38263,34.68161,-0.67366207,0.95140624,0.0,10.25390625,2.1447981e-06
S5,1,-6.469209082456528e-06,0.2315543362434637,-0.7574565734576884,1.5991769091361634,4.069241228542298,24.513671243872004,0.010761904761904762,6.8359375,0.00015437912882813794,4.724692217508951,0.10788937293800228,4.4742584228515625,5.060577392578125,0.31409206029108644,-1.18170179679935,0.0,0.68359375,3.009922044632186e-07,-2.4425720456724416e-07,0.012197797750465438,-0.12621715478197276,0.08219089767458129,-0.43278357797436723,3.196468720045501,0.26602380952380955,51.953125,4.2626881630126665e-07,-0.016442289683164874,2.3657674067672927,-4.658289956796514,4.271558754938754,0.007782937548932122,-1.2583230706713022,0.0007619047619047619,0.68359375,0.002262017596707124,34.52966,0.03484009,34.4209,34.698486,-0.33790168,0.32131553,0.0,75.87890625,2.1824872e-06
S5,1,-3.5001369666319297e-05,0.22883041359660644,-0.7351083411677034,1.5991769091361634,4.14290649795121,25.195934286465278,0.009785714285714286,6.8359375,0.00014924972456300105,4.573148809160505,0.06905671346045894,4.1934967041015625,4.8065185546875,0.2935303426047941,-1.005261805200166,0.0,0.68359375,3.0343293637977524e-07,-4.016237008178028e-07,0.009677000583288173,-0.049444035762728794,0.04185253009694971,-0.26977487565130503,0.6752336519884947,0.2634047619047619,45.80078125,2.664330452185831e-07,0.03499506965519774,2.1267915563802604,-4.056659025257694,3.8512498919130174,-0.011146557087416497,-1.3064631087404432,0.0007619047619047619,0.68359375,0.0018273455987736996,34.567577,0.035828836,34.44232,34.792328,-0.50542665,0.37636542,0.0,60.83984375,2.3034788e-06
S5,1,0.000102903023725405,0.22975485776775323,-0.7502435627917006,1.5956381980150125,4.120558646444389,25.02582782141045,0.009571428571428571,6.8359375,0.00014902398772871747,4.458086068289621,0.064708708910674,4.1934967041015625,4.686737060546875,-0.2271807651622974,-1.0875530510628841,0.0,0.68359375,3.057473863389895e-07,1.1326710220074883e-06,0.010061595967487798,-0.08570881494189717,0.07282587711683397,-0.3446007449197152,2.624649607252718,0.2669761904761905,43.06640625,2.8471124924698855e-07,0.021597235102343293,2.7205464982791607,-10.163231811162776,10.050336545829236,-0.055961857611406166,2.950806101865182,0.0007380952380952381,0.68359375,0.002284578759082157,34.595963,0.030718677,34.44998,34.792328,-0.7184985,1.1229887,0.0,195.5078125,2.3016762e-06
S5,1,0.00019902501015281622,0.23142952746301065,-0.7502435627917006,1.5956381980150125,4.138653059763454,24.844308304793202,0.011,6.8359375,0.0001507080394862283,4.340004484994071,0.07214945199931408,4.1324615478515625,4.582977294921875,0.09355382637015576,-1.2160441380380005,0.0,0.68359375,2.9691899117781496e-07,7.326482608021536e-07,0.010613546343959775,-0.08570881494189717,0.07282587711683397,-0.3117041635009666,2.1981979680854327,0.2706904761904762,43.06640625,3.186466146185978e-07,-0.03120151608935199,2.646492166970934,-10.163231811162776,10.050336545829236,-0.02067641873335557,3.561651404583177,0.0007619047619047619,0.68359375,0.002235938604704473,34.6095,0.028941628,34.509766,34.756927,-0.84780085,1.2000885,0.0,140.8203125,2.2606375e-06
S5,1,-0.00011999394988640724,0.23138085219227203,-0.7374830742271505,1.585394875919308,4.156547188550227,24.888947676667893,0.013761904761904762,6.8359375,0.00015584518482407943,4.227623321896508,0.05979158744011818,4.0485382080078125,4.433441162109375,0.03552340318954191,-1.0140116971603752,0.0,0.68359375,2.9801384980491274e-07,-1.1350280722274524e-06,0.010615870759105415,-0.061154640826475565,0.04824160485337334,-0.1812514011153852,0.5041340097548916,0.2721190476190476,43.06640625,3.2172505072711087e-07,-0.014668093554413796,1.989261110873264,-4.631513152558446,4.714729380027078,0.03639017564468825,-0.87686881533015,0.0008095238095238096,0.68359375,0.0016841924569499472,34.610455,0.028391613,34.51587,34.756927,-0.906801,1.2029977,0.0,146.2890625,2.25373e-06
S5,1,-0.00020474440159914207,0.22821454704115518,-0.7374830742271505,1.5797544849951835,4.193213513098959,25.513202604448924,0.015023809523809524,6.8359375,0.00015185162963996367,4.135983621506464,0.049608219928575135,3.9306640625,4.31671142578125,0.38285441465993014,-1.0395315525239925,0.0,0.68359375,3.0663254759229696e-07,-1.9753027287112193e-07,0.010638331797006864,-0.057505465017010385,0.04824160485337334,-0.19761020537582416,0.5747399771807573,0.2732142857142857,35.546875,3.225482938147028e-07,0.0007824184446545435,2.1200698322239595,-4.631513152558446,4.714729380027078,0.022857785243991388,-1.060333781628035,0.0007857142857142857,0.68359375,0.0018685062875263342,34.60873,0.028966675,34.51587,34.756927,-0.81861806,1.1978478,0.0,145.60546875,2.2772495e-06
S5,1,8.027601774796114e-05,0.22524543830275684,-0.7196885055035049,1.578783136622259,4.274429492709585,26.337471203304023,0.015,6.8359375,0.00014604464382302363,4.071414130074637,0.03138008987310018,3.804779052734375,4.2327880859375,-0.20590279264887593,-0.10819905043321087,0.0,0.68359375,3.191253406214897e-07,-1.4662374732476803e-08,0.01040903461452786,-0.06936715249900435,0.04279609079004265,-0.2538892272951291,0.7096296228632122,0.27773809523809523,35.546875,3.089086457368818e-07,0.008843326432417755,1.8574897048066783,-3.504523732140105,3.5358960554486125,0.03142829881701502,-1.2422968206709273,0.0007380952380952381,0.68359375,0.001406996925676798,34.623222,0.031811018,34.51895,34.769226,-0.6912704,0.6611333,0.0,165.4296875,2.3115965e-06
S5,1,0.0005699439737909122,0.22504243649830957,-0.7273432262725916,1.5879952634879695,4.29027652535406,26.449306182434675,0.014523809523809524,6.8359375,0.00014224269292190307,4.013071705046154,0.04293022047607034,3.7570953369140625,4.2186737060546875,0.014597443062736326,-0.9868363598989323,0.0,0.68359375,3.2860844110313784e-07,-1.1164484908119058e-06,0.010172064951691736,-0.06936715249900435,0.041426165266003526,-0.20459804454083425,0.5196393216421518,0.2795952380952381,54.00390625,2.9546798987746715e-07,0.00456353696116761,1.7937431024790391,-3.0695023032084316,3.1093793324356853,0.04695329813862211,-1.2874565865916348,0.0007380952380952381,0.68359375,0.0013135022098360472,34.636486,0.02889665,34.543488,34.833893,-0.91465974,1.243485,0.0,165.4296875,2.3484683e-06
S5,1,0.00010050738381632629,0.22603653442325095,-0.7412474698135351,1.5879952634879695,4.224010934935092,26.040237247891895,0.013547619047619048,6.8359375,0.00014580847186164707,3.9483788626534597,0.03555117403326914,3.7570953369140625,4.146575927734375,0.37607037532211685,-0.6846017550187571,0.0,0.68359375,3.3202455272204024e-07,2.0172937291150676e-07,0.0098338714285289,-0.051413088228120164,0.042491442136383895,-0.1856733816091686,0.43405992046759945,0.2768095238095238,47.8515625,2.764781295518111e-07,0.030638474272203526,1.8350881150731344,-3.4105920483820507,3.5407408441221992,0.0032127535304423945,-1.28354037738577,0.0007380952380952381,0.68359375,0.0012538179876545666,34.64375,0.03021709,34.543488,34.83542,-0.7779011,1.1738315,0.0,216.015625,2.4101398e-06
S5,1,-0.0003810603148812522,0.22824052737633485,-0.7412474698135351,1.575958460072467,4.159030451024672,25.40420730972256,0.012095238095238095,6.8359375,0.00014903030232136152,3.901855232602074,0.02347021426164665,3.6869049072265625,4.0618896484375,0.14244042430285153,0.5071107330917171,0.0,0.68359375,3.219646341130282e-07,9.55274072961078e-07,0.010047616204587944,-0.051413088228120164,0.05951524172980463,-0.2508229418806508,0.6084992157693865,0.2815,57.421875,2.8912992281541075e-07,0.02094225354306743,1.9448298755971352,-3.6048161112896673,3.997314970590779,0.024870788761393616,-1.2069301354590853,0.0007380952380952381,0.68359375,0.0014297743982199162,34.657406,0.03034597,34.558807,34.83542,-0.8281852,1.1479144,0.0,224.21875,2.4509989e-06
S5,1,-0.00013310638252796056,0.22950109061396548,-0.7782332589772009,1.577039575829237,4.161067232121055,25.166424763479856,0.010595238095238095,6.8359375,0.0001522642812551493,3.86241576785133,0.026788713778279603,3.633880615234375,4.022216796875,0.06812479477282946,-0.391813363405042,0.0,0.68359375,3.1118389676603707e-07,1.9120322264957066e-08,0.009747076246199332,-0.04970817396820769,0.05951524172980463,-0.2725854057373164,0.7251777554821008,0.30057142857142854,43.06640625,2.710964114752612e-07,-0.031854614430742965,3.0279989501287154,-10.78557111046243,11.582495980811675,0.1753496660893095,3.2888219028839947,0.0006904761904761905,0.68359375,0.002324850354103124,34.66872,0.030175978,34.571075,34.889343,-0.8529594,1.2811275,0.0,20.5078125,2.5112674e-06
S5,1,-0.00015804283637351987,0.22699209018910244,-0.7782332589772009,1.577039575829237,4.234422581247069,25.853914085571937,0.010023809523809523,6.8359375,0.00014954632094050613,3.819794800167992,0.025589185148719034,3.633880615234375,3.9699554443359375,0.045536995947996296,-0.3228206512893812,0.0,0.68359375,3.1728361279548376e-07,-2.870618208886893e-07,0.009029806850470707,-0.05246116272310918,0.044213357106026065,-0.3055362509926498,0.6150594697551313,0.31147619047619046,38.96484375,2.3296146389250864e-07,-0.004219509909409283,2.9626572784042082,-10.78557111046243,11.582495980811675,0.15299981351740866,3.7722277746969493,0.0006904761904761905,0.68359375,0.0021624075267965845,34.680504,0.03110745,34.57721,34.889343,-0.8377105,1.1710129,0.0,21.19140625,2.5500835e-06
S5,1,-8.70977484411365e-05,0.22529083035778702,-0.7293522897953556,1.575583944202708,4.265400904231174,26.300362264071882,0.009952380952380952,6.8359375,0.0001474328469728552,3.7848037265595935,0.019904936609996336,3.665924072265625,3.9218902587890625,0.46910027952575367,0.7275550971521252,0.0,0.68359375,3.1809754297557576e-07,4.164973182578834e-07,0.008646751473127236,-0.05246116272310918,0.03545011950305453,-0.3168181063374366,0.6672374660976703,0.30747619047619046,38.96484375,2.14042692651087e-07,0.03368851194665309,1.8421386363388346,-3.7190115532043224,3.631784121403254,-0.01690304871679878,-1.3064555250992622,0.0007380952380952381,0.68359375,0.0012879364758160824,34.698933,0.03204651,34.59256,34.90323,-0.79236704,1.0129471,0.0,339.74609375,2.4924038e-06
S5,1,1.43993945299314e-05,0.22725948928876827,-0.7293522897953556,1.6003057967684633,4.2408384591610195,25.880753381079167,0.01030952380952381,6.8359375,0.0001474799601344487,3.7604166666666665,0.016417384865300328,3.5186767578125,3.89251708984375,0.15049659102575724,3.8957410965990436,0.0,0.68359375,3.100148310665051e-07,-4.0327997352405346e-07,0.009969348737435473,-0.07540720526989951,0.053521541196694354,-0.3036378199059087,1.4311155885790603,0.29,45.80078125,2.8392616893955997e-07,0.008755786859434468,1.9684339776051762,-3.7404368906172327,5.410809797802453,0.16143345466753062,-0.7641560999925487,0.0006666666666666666,0.68359375,0.0011829799660875717,34.72236,0.03438595,34.60788,34.97415,-0.4649015,0.8226607,0.0,337.6953125,2.4759147e-06
S5,1,0.00018386876197087906,0.22659921425095994,-0.7288176714447892,1.6003057967684633,4.2801890997489,26.146162333979756,0.010380952380952381,6.8359375,0.00014381657372787148,3.74141899290539,0.016660178400499315,3.5186767578125,3.88336181640625,0.19452860691593468,3.819718077968883,0.0,0.68359375,3.272120537471277e-07,-6.560153537204463e-07,0.010580159819619229,-0.07540720526989951,0.053521541196694354,-0.2641876511246659,1.0531929181457143,0.2781904761904762,45.80078125,3.213667775149872e-07,-0.01656647598363594,2.0420323829873834,-3.7404368906172327,5.410809797802453,0.1691603799287862,-0.9183613288174541,0.0006428571428571428,0.68359375,0.001202127583893038,34.75081,0.035754595,34.61557,34.97415,-0.6669396,0.5854342,0.0,321.2890625,2.4732456e-06
S5,1,-3.3620064022795664e-05,0.2244183257104349,-0.7208548220178331,1.5826771799587809,4.305345758479864,26.604914216262063,0.009952380952380952,6.8359375,0.00014510719496051955,3.7396613620576407,0.014719035617552275,3.51409912109375,3.885650634765625,0.04839563974939108,7.070298058676986,0.0,0.68359375,3.3270216273890735e-07,2.671315007103579e-07,0.009529676460292942,-0.054401786756549914,0.05210291923669307,-0.21893623643597973,0.49172069674510377,0.2848095238095238,36.9140625,2.598352594363858e-07,-0.007254745965555755,1.9469124765469337,-3.6559423578366173,3.4096508321314842,0.029142749508122418,-1.3958861764769257,0.0006904761904761905,0.68359375,0.0012680205010273408,34.76555,0.029578958,34.664703,34.98651,-0.9485668,1.2953,0.0,340.4296875,2.4831934e-06
S5,1,2.3728507346445302e-05,0.2283841178258739,-0.7350702035644083,1.5834456156914645,4.201462662593458,25.395003262771258,0.01019047619047619,6.8359375,0.00014853969393368083,3.7472339993431456,0.012539102306951414,3.51409912109375,3.89556884765625,0.6498978329693788,13.710520690855752,0.0,0.68359375,3.250822387708422e-07,-8.303648952877991e-08,0.01054519013040124,-0.0855628399069228,0.062033716330688465,-0.31347036346041124,1.4068802054406877,0.285,52.63671875,3.153975328515116e-07,-0.01496742364255145,2.155107145267195,-5.848712345640829,5.225744448320583,0.02678005930235787,-0.637009100324359,0.0007380952380952381,0.68359375,0.0017315570055860528,34.767925,0.029941592,34.664703,34.988037,-0.93101364,1.3013964,0.0,340.4296875,2.4914586e-06
S5,1,0.00020672198439368111,0.23290632125708202,-0.7510690279721582,1.5888103987798272,4.103751097340536,24.32683542191198,0.011023809523809524,6.8359375,0.0001524900596862197,3.7414428983415875,0.013755255662407507,3.5541534423828125,3.89556884765625,0.812644361879244,6.90833692792614,0.0,0.68359375,3.1572789535849004e-07,1.115148222106029e-08,0.012104788046523077,-0.13536395730281445,0.19728066308258524,-0.09541442461246684,5.698788508709015,0.28295238095238096,58.10546875,4.096796423123735e-07,-0.04253806137270738,2.5659295530777735,-5.848712345640829,6.392104929278331,0.053737382740296026,-0.5837210498834042,0.0007619047619047619,0.68359375,0.0024929545498252976,34.765812,0.031317662,34.61557,34.988037,-0.8637455,1.1053824,0.0,346.58203125,2.4817095e-06
S5,1,-0.00015502737549861115,0.22890509604508852,-0.7510690279721582,1.5888103987798272,4.223904988665077,25.52028263731412,0.012238095238095239,6.8359375,0.00015216657736913253,3.7263029825119744,0.015214359162183985,3.574371337890625,3.863525390625,0.1282322088676709,3.552823191921103,0.0,0.68359375,3.0840393824413816e-07,4.588064740325706e-07,0.01162755450315233,-0.13536395730281445,0.19728066308258524,-0.004056505940894987,6.1412927322813555,0.287,62.20703125,3.7966986319071184e-07,0.030165219322556107,2.3397311934838916,-5.67447323604522,6.392104929278331,0.02269942201795375,-0.46088912045039265,0.0007380952380952381,0.68359375,0.001963055710450015,34.75132,0.03166702,34.575653,34.909393,-0.73782575,1.020925,0.0,341.11328125,2.4476121e-06
S5,1,-0.0001520274955565878,0.22735467455736935,-0.7548264784483828,1.5840402442734893,4.250710702471224,25.84726193683716,0.012642857142857143,6.8359375,0.00015005159854509546,3.7103136880057197,0.014119754453661346,3.4427642822265625,3.8425445556640625,0.5466614337566362,8.039216248425705,0.0,0.68359375,3.1752249817886356e-07,-2.3128366338863877e-07,0.010848106402486724,-0.05909573604661919,0.05919552465275056,-0.1658267818947789,0.5363016645979779,0.28345238095238096,67.67578125,3.3492985832715643e-07,0.02699193761325168,2.3137424262286106,-6.511955059945917,5.606661079012377,-0.0012187743373229803,-0.4269114384234718,0.0006904761904761905,0.68359375,0.0016579871850301636,34.737648,0.029893486,34.575653,34.909393,-0.95517665,1.3063912,0.0,348.6328125,2.4339327e-06
S5,1,6.841639520804529e-05,0.22916987598986072,-0.7548264784483828,1.61086902616264,4.187057283788056,25.114337848137517,0.012047619047619048,6.8359375,0.00015023965259801332,3.6991817383539107,0.013789383864568296,3.4427642822265625,3.842926025390625,0.5796950736031061,9.17987694199546,0.0,0.68359375,3.263826401857736e-07,5.735371266961783e-08,0.010831108182512214,-0.09305771525039161,0.05919552465275056,-0.21631112914010783,1.1103036691641455,0.27145238095238095,44.43359375,3.3236621983736094e-07,-0.008877640390862845,2.324568321434801,-6.511955059945917,5.606661079012377,0.004149764839826297,-0.48655118105319417,0.0007142857142857143,0.68359375,0.001822532553379146,34.725967,0.030590022,34.618652,34.920166,-0.88052875,1.1267867,0.0,346.58203125,2.4790118e-06
S5,1,0.0002491701152558176,0.23289998594855985,-0.7938189040927728,1.61086902616264,4.102377285180334,24.264845898806296,0.012857142857142857,6.8359375,0.00015132319885167701,3.70414061773391,0.018257548342447093,3.5747528076171875,3.8692474365234375,0.449700374322954,1.700461472778593,0.0,0.68359375,3.3714141497722007e-07,3.5675736160483376e-07,0.012541399178044407,-0.16773490836457008,0.07959597270500605,-0.5218344631351501,4.790533997090599,0.2740714285714286,60.15625,4.468529938139572e-07,-0.015284247098312179,3.901612640931334,-16.045200442996677,17.475485943061475,0.1949203024881862,7.08974265073682,0.0006904761904761905,0.68359375,0.004082746879737905,34.726963,0.032193817,34.60788,34.92633,-0.67950374,0.97682166,0.0,346.58203125,2.4603733e-06
S5,1,0.00010193580568106942,0.23489761820263494,-0.7938189040927728,1.6016146686023411,4.040155941010451,23.93205235032803,0.012142857142857143,6.8359375,0.00015671871514826634,3.708698299952916,0.014996982472845772,3.577423095703125,3.8692474365234375,0.6782719980230412,4.86119556523031,0.0,0.68359375,3.3734732641437596e-07,1.2045559906384397e-07,0.012364629588148107,-0.16773490836457008,0.07959597270500605,-0.4812389151956433,4.755242600807015,0.2877857142857143,60.15625,4.362839012001992e-07,-0.0184223197364028,4.030918849324065,-16.045200442996677,17.475485943061475,0.17581521192965996,5.911465062762238,0.0006666666666666666,0.68359375,0.004487501907168119,34.75301,0.03646412,34.60788,34.935608,-0.58920014,0.41443825,0.0,317.87109375,2.4437127e-06
S5,1,0.000164008668615585,0.2312186282775844,-0.7483811645748963,1.5981709605899828,4.1071540615162165,24.800884707625862,0.010285714285714285,6.8359375,0.00015288854367272896,3.7019999004545667,0.011592993853216113,3.5350799560546875,3.8333892822265625,1.0912006328386898,15.430033243127117,0.0,0.68359375,3.329098165488573e-07,-3.928946595520642e-07,0.009915149666776186,-0.0832743523715219,0.07512627406435796,-0.12935682844947166,1.189998168186972,0.2949761904761905,52.63671875,2.8005146974238844e-07,0.047860224471925346,2.5208498211932113,-6.959315987980823,7.033824955789055,-0.07157338490437798,-0.4220831598404393,0.0007380952380952381,0.68359375,0.002333356510028597,34.78149,0.031648494,34.669342,34.977234,-0.8412443,0.9055333,0.0,301.46484375,2.4724998e-06
S5,1,-6.075724912775612e-05,0.2323918708387326,-0.7930052106715884,1.6064455819610706,4.038620115797809,24.502492619966027,0.010047619047619048,6.8359375,0.00015327724086556938,3.7086974371047248,0.015650274359401476,3.5350799560546875,3.84521484375,0.5078643448847553,3.625497178333841,0.0,0.68359375,3.24661057279738e-07,-6.005481107427434e-07,0.009227782852153692,-0.0832743523715219,0.07512627406435796,-0.11743079788675934,1.4806266567470523,0.2960238095238095,52.63671875,2.4302576684404114e-07,0.06833737499198407,2.465017380983513,-6.959315987980823,7.033824955789055,-0.031061335131230633,-0.2841077299182535,0.0007380952380952381,0.68359375,0.002258181672098684,34.79395,0.029747833,34.69388,34.997314,-1.0209384,1.2954345,0.0,320.60546875,2.4740893e-06
S5,1,-0.0002648088857567506,0.23619753853440748,-0.7930052106715884,1.6064455819610706,3.9280269368223317,23.525241889300798,0.011738095238095238,6.8359375,0.00015857389750036232,3.7122716358729773,0.013918086558855665,3.59649658203125,3.84521484375,0.6002100311019574,5.126252169967463,0.0,0.68359375,3.211651423164228e-07,1.1033174860551774e-07,0.013334531490222113,-0.12003965509667741,0.14897347776335676,-0.564219476414552,5.7109402928247945,0.2925,60.83984375,5.018580232504188e-07,-0.021410655527064365,2.585230035805314,-6.832186187718783,8.572374365488361,0.16753728137979787,0.4620503955385069,0.0007380952380952381,0.68359375,0.0022083637121493474,34.793373,0.031199325,34.669342,34.997314,-0.9009699,1.0178542,0.0,305.56640625,2.443671e-06
S5,1,9.880475850858001e-05,0.23453605184206927,-0.7788136248120527,1.5867763996144015,4.01882305736386,23.911064420039832,0.012476190476190476,6.8359375,0.0001573689953916881,3.711217398870559,0.014046867088488206,3.5945892333984375,3.8463592529296875,0.7058961260366153,5.389410853864986,0.0,0.68359375,3.1709773364485554e-07,7.485913565875108e-07,0.01611455625705985,-0.14353413161991335,0.14897347776335676,-0.6119248777792864,4.29612143740154,0.2925714285714286,64.2578125,7.467179816131076e-07,-0.027757970289601364,2.751253665956029,-6.832186187718783,8.572374365488361,0.08244520738939519,0.3071499897414731,0.0007380952380952381,0.68359375,0.0023489964609351077,34.783356,0.033077467,34.663177,34.98651,-0.71441585,0.7349844,0.0,259.765625,2.4269973e-06
S5,1,0.0003755601429692458,0.2292083148700203,-0.7434425592555971,1.6082787352299586,4.178502674110261,25.209864743066728,0.010476190476190476,6.8359375,0.0001501072095184185,3.719860585530599,0.014066558701174741,3.5015106201171875,3.917694091796875,0.16697157929159367,7.963363726418866,0.0,0.68359375,3.19545438327497e-07,1.2167995178205437e-06,0.012889600967218058,-0.14353413161991335,0.09785663819593957,-0.6671259186039159,5.792401432655701,0.30378571428571427,49.21875,4.71543587589252e-07,0.01652971215740911,2.294948275186859,-6.515138319719335,5.237522961297246,-0.07249901510349459,-0.5340440263661397,0.0007380952380952381,0.68359375,0.0019146379026960267,34.784634,0.03207808,34.6463,34.98651,-0.865401,0.89363265,0.0,237.20703125,2.4740025e-06
S5,1,-7.882599477811666e-05,0.22772290320816874,-0.73069222579771,1.6082787352299586,4.141257298106629,25.274539997061556,0.009642857142857142,6.8359375,0.00014820264219772073,3.719168508620489,0.012706433224537806,3.5015106201171875,3.917694091796875,0.763385886398022,13.330145598761636,0.0,0.68359375,3.3374314540150214e-07,-4.935937740517924e-07,0.009438380244449606,-0.06898716617025265,0.04096147073903724,-0.39504665960599167,0.7524852987810249,0.3152142857142857,55.37109375,2.5340227594242233e-07,-0.0006121996394818899,1.9924500105891756,-3.575151788165472,3.540301707225432,0.013752050085150104,-1.3850029880138184,0.0007619047619047619,0.68359375,0.001604861954063951,34.786495,0.03046634,34.6463,34.977234,-0.9537411,1.126698,0.0,218.06640625,2.5085785e-06
S5,1,-0.0003618244448994399,0.22748000895574794,-0.7419952230647476,1.5753436074499843,4.138251162361659,25.291800115239763,0.009452380952380952,6.8359375,0.000148105328729206,3.708507928394136,0.01294705439069465,3.5907745361328125,3.8616180419921875,0.9235284797526558,10.296612329462663,0.0,0.68359375,3.3320775409762034e-07,-6.077937032358524e-07,0.008979729100187418,-0.04935168788935181,0.036668182029937324,-0.34443844889750774,0.6937164441956187,0.31726190476190474,55.37109375,2.2882465059825327e-07,-0.0024274123300956707,1.9909777450423425,-4.039673002845563,3.879666489054479,0.01262755854822818,-1.2017401676576012,0.0007619047619047619,0.68359375,0.0015767864067891288,34.78142,0.029872546,34.684692,34.915527,-0.9896751,1.2127872,0.0,242.67578125,2.5079776e-06
S5,1,4.3622535925042385e-05,0.22831708191416936,-0.7753674891973824,1.5757122450207302,4.137704158504162,25.10979996122311,0.00969047619047619,6.8359375,0.00014888254043721934,3.6958948771158853,0.013303121903320465,3.4027099609375,3.833770751953125,0.45364498673113995,14.172230869538463,0.0,0.68359375,3.366841628102824e-07,8.815374662422958e-07,0.010722373399146343,-0.13134825890364263,0.09448726782107825,-0.4070709377114609,6.806002280195182,0.3102142857142857,53.3203125,3.251470078558721e-07,-0.09237849553790171,2.321891838979895,-7.2109690263636,6.40076803358359,-0.08237548934371046,0.17142087559551777,0.0007380952380952381,0.68359375,0.0017102461106130971,34.78716,0.030114857,34.684692,35.001923,-0.9884313,1.2329721,0.0,265.234375,2.5013167e-06
S5,1,4.345255381793622e-05,0.22597651748560424,-0.7753674891973824,1.5951041119587503,4.201765999754514,25.760340791157414,0.01,6.8359375,0.00014643959722537557,3.6986711047944567,0.015389272015045046,3.4027099609375,3.8360595703125,0.256182423379082,8.687703800376001,0.0,0.68359375,3.3634337761593523e-07,-3.750899178780313e-08,0.0112033656135208,-0.13134825890364263,0.09448726782107825,-0.3002829542298698,5.604414046462422,0.30204761904761906,61.5234375,3.57134972759833e-07,-0.0397022646371332,2.316646506163104,-7.2109690263636,6.40076803358359,-0.0770999477992946,0.20015979193728217,0.0007142857142857143,0.68359375,0.0017050989160401575,34.796963,0.0302402,34.66162,35.001923,-0.96720207,1.2094316,0.0,226.26953125,2.5065997e-06
S5,1,-4.6824164231922194e-05,0.22639667007980954,-0.744517349509641,1.5951041119587503,4.193910182603263,25.748669573321774,0.009571428571428571,6.8359375,0.00014699681165907273,3.706629689534505,0.013786255770200479,3.4564971923828125,3.856658935546875,0.614653334637165,9.643055443790002,0.0,0.68359375,3.3445032790802123e-07,-8.051186984662424e-07,0.00959338022862147,-0.06286386697087112,0.05263109928813113,-0.09267165142432136,0.8951475850716202,0.3018571428571429,61.5234375,2.6284939752150594e-07,0.01038376522291469,2.3531264815353854,-4.5806512359923675,6.325849733175338,0.328286268442891,-0.47568530101061013,0.0007142857142857143,0.68359375,0.0017590609448464958,34.80503,0.030127075,34.6463,34.952545,-0.9455484,1.1067381,0.0,224.21875,2.506151e-06
S5,1,-0.00013762556126478587,0.22995766537960613,-0.7649330395808309,1.5937493792198338,4.12359099914082,24.849331814169137,0.010095238095238095,6.8359375,0.00015213364928490645,3.727636582510812,0.02683485278146194,3.5228729248046875,3.900146484375,0.027348919665293386,-0.5491492732105012,0.0,0.68359375,3.368206892897403e-07,-4.536124714407224e-07,0.008714909853635138,-0.06286386697087112,0.05263109928813113,-0.15804670839322293,1.1118092203473608,0.30502380952380953,51.26953125,2.1832900533204437e-07,0.05015687631799502,3.0933005974448076,-8.274695256808934,9.458251604956288,0.23126702528447185,0.2522269970871571,0.0006428571428571428,0.68359375,0.0023686983930439726,34.8126,0.030736662,34.6463,35.00656,-0.89590126,1.0311341,0.0,223.53515625,2.5441354e-06
S5,1,-7.119814995247015e-05,0.23801644467591399,-1.163107430488108,1.6293553077034675,3.776282289118015,22.33095049735589,0.012714285714285714,6.8359375,0.00016025919347823978,3.7954282034011113,0.08789906123908749,3.5228729248046875,4.1095733642578125,1.595167074324746,1.0778036850799344,0.0,0.68359375,7.126124561363924e-07,-7.09534825858852e-07,0.017309467789391898,-0.2162470966475962,0.17025275461158856,-0.41314883274209624,10.832704168229993,0.29404761904761906,62.20703125,8.566577943438754e-07,0.07743988237386804,5.862182388052621,-16.12871687041649,23.270482372122608,0.41836724172463113,2.9887718093653985,0.000619047619047619,0.68359375,0.007117586708722221,34.810123,0.042476352,34.610962,35.00656,-0.9591125,0.7331338,0.0,0.68359375,2.536868e-06
S5,3,0.0001428230318864337,0.2340088479623758,-0.7506793550548472,1.5958749275055168,4.130878784795489,24.33178526133702,0.011285714285714286,6.8359375,0.0001557765898353247,5.952760423932757,0.1367632862352048,5.6339263916015625,6.280517578125,0.313409354333022,-0.9691024493241782,0.0,0.68359375,4.1140132410949635e-07,1.3972324903670288e-07,0.006611347812290294,-0.0496531095644574,0.038612054241422125,-0.22959924089354938,1.1541914905945774,0.3077142857142857,23.92578125,1.2505014033989614e-07,-0.011801382404992167,2.12627045612043,-5.083063663777025,5.474230553096904,0.011645566397222938,-0.7130366205958447,0.0007857142857142857,0.68359375,0.0018509656075797077,34.904697,0.03073192,34.798492,35.102325,-0.9594826,1.1192751,0.0,31.4453125,2.6306232e-06
S5,3,-8.463320533623235e-05,0.2336724899749739,-0.7924309089147739,1.6432283250923474,4.088405456845123,24.418159969169782,0.012547619047619047,6.8359375,0.00016013122800767526,5.8831940878005256,0.22747386552470322,5.4592132568359375,6.5937042236328125,1.0009346171457407,0.10155975635448344,0.0,0.68359375,1.3031910573646862e-06,-8.235640700164938e-08,0.006175245821176133,-0.03329697458392111,0.029627186286050527,-0.15848291492441088,0.5215482299417284,0.33366666666666667,23.2421875,1.0861339223411504e-07,0.009828230309728873,2.1689007654443238,-5.822136457743478,6.087726864163186,0.08160299683580957,0.18550701532634406,0.0007619047619047619,0.68359375,0.0016689196191575753,34.900803,0.030693483,34.77231,35.102325,-0.9880184,1.1330652,0.0,6.8359375,2.6276273e-06
S5,3,-0.00021551152030562995,0.23385608594263302,-0.7924309089147739,1.6432283250923474,4.0615723091997635,24.314293820960017,0.011619047619047619,6.8359375,0.00015938650490116043,5.937451544262114,0.23058583719171208,5.4592132568359375,6.5937042236328125,0.36777779561677587,-0.6664673254804789,0.0,0.68359375,1.392081418829823e-06,4.1081360821252114e-08,0.008237275600407217,-0.09409273587497222,0.08827822625017587,0.11594991637974318,10.120228586074711,0.3369285714285714,46.484375,1.950088666854336e-07,-0.04643710917186199,2.415584145879588,-5.822136457743478,6.087726864163186,0.12174228151671061,-0.052324355397734834,0.0007380952380952381,0.68359375,0.0018270365097965598,34.898823,0.030540692,34.77231,35.10852,-1.0164396,1.3484058,0.0,6.8359375,2.6209768e-06
S5,3,-1.4687686465042969e-05,0.2328791316694154,-0.7744012608758312,1.6041155415904884,4.0840480731667,24.443828026059858,0.012214285714285714,6.8359375,0.00015648043141977078,5.897799373808361,0.11334525667331319,5.5896759033203125,6.1946868896484375,0.24490724334866107,-1.0453387858261367,0.0,0.68359375,4.452901396378621e-07,-7.230603820112934e-09,0.010543799009726604,-0.17259195559944646,0.15231657509133656,-0.35388064343509124,27.202158235846326,0.31676190476190474,62.20703125,3.2202577787381297e-07,-0.011058175794865325,2.0545466426642114,-4.921978689236568,5.284676108697014,-0.048370068827893534,-0.014554667647233455,0.0008095238095238096,0.68359375,0.0015283394260341967,34.908207,0.031717774,34.78,35.10852,-0.8974907,1.0390239,0.0,7.51953125,2.648382e-06
S5,3,0.00023590694663943074,0.23263911408522397,-0.7744012608758312,1.6060856817743474,4.110319269560733,24.613095383754754,0.012952380952380953,6.8359375,0.00015182411548756268,5.795618148077102,0.0966672197504446,5.53436279296875,6.145477294921875,0.6994295116958402,-0.2519152549626624,0.0,0.68359375,5.670834878136049e-07,1.9295462707318965e-07,0.008879571138515344,-0.17259195559944646,0.15231657509133656,-0.7255973516691901,48.03353295020374,0.328,62.20703125,2.2763008652995297e-07,0.037614545830542356,1.907569193785771,-4.419193216315807,4.139370854281507,-0.016295788261721077,-0.8937605338918182,0.0008095238095238096,0.68359375,0.0016176042959653986,34.916573,0.030743891,34.78,35.105408,-0.9940728,1.0408893,0.0,265.234375,2.6697137e-06
S5,3,0.00013158149210382497,0.2327086213976101,-0.7586770494723882,1.6060856817743474,4.117426410469921,24.643237120881782,0.012619047619047618,6.8359375,0.0001503983924570353,5.6947500501360215,0.09958903591289708,5.3211212158203125,6.145477294921875,1.0960419350680253,1.644045772201837,0.0,0.68359375,5.733026403987616e-07,-1.459166334118768e-07,0.005703236209528387,-0.027137640015220843,0.02610154618363026,-0.16658827624125983,0.4246800131479227,0.3577619047619048,23.92578125,9.23022200623909e-08,-0.030544468778216503,1.8429157304396044,-3.9385895215385345,4.139370854281507,0.0313498985636192,-1.0649434551116443,0.0008095238095238096,0.68359375,0.0015338538186717885,34.915207,0.030378206,34.818512,35.105408,-1.0356181,1.1288157,0.0,18.45703125,2.6180282e-06
S5,3,-0.00018257287334470822,0.23197027898741823,-0.7586770494723882,1.5911515901264612,4.105376617158747,24.733527571049404,0.01219047619047619,6.8359375,0.00015564241520022996,5.536652474176316,0.1096414126602936,5.2783966064453125,5.8422088623046875,-0.10290058810391595,-0.9930061388729672,0.0,0.68359375,2.894076105202962e-07,-1.971540762064892e-07,0.005514699054423132,-0.029091234155973533,0.0344188522239554,-0.13812507383282546,0.6261541946048612,0.369952380952381,23.92578125,8.703555842110642e-08,-0.02211822222794303,1.5489412252174115,-3.495170066579553,3.1697239423636363,0.02947746598282349,-1.1284832085959786,0.0008571428571428571,0.68359375,0.0012243848496601955,34.914097,0.030497037,34.809265,35.12552,-1.0120478,1.1318455,0.0,10.25390625,2.6464668e-06
S5,3,-4.495098246423433e-05,0.23519533002509865,-0.7668735105380954,1.6063972980137862,4.047360354224,23.994384672231448,0.011095238095238096,6.8359375,0.00015916363141070736,5.4717513311476935,0.10581675870712982,5.2280426025390625,5.9856414794921875,1.5687927915918891,3.16139912237324,0.0,0.68359375,6.521586623693644e-07,-3.483437503654266e-08,0.00587911991353336,-0.04870025824636667,0.03617246789764902,-0.1616965072726206,1.1600350834605075,0.3621904761904762,23.2421875,9.868263885937589e-08,0.022446183761646612,1.8743697700844912,-6.566770028722975,5.97510374272375,-0.1225416211142126,1.3163115596025357,0.0008571428571428571,0.68359375,0.0014332763060395841,34.916153,0.030787561,34.796967,35.134796,-0.96450937,1.1356101,0.0,28.7109375,2.6824357e-06
S5,3,-3.7418689045203165e-05,0.23531160103004412,-0.7895549922658344,1.6063972980137862,4.016107428561281,23.826697987485833,0.01119047619047619,6.8359375,0.00016260436014571626,5.42847968510219,0.12810971822868017,5.1685333251953125,5.9856414794921875,1.2887968877079399,1.8590815182025793,0.0,0.68359375,7.918791832894806e-07,2.615361508235812e-07,0.005726379791850805,-0.04870025824636667,0.03617246789764902,-0.20186212804274464,1.656032372846358,0.36723809523809525,23.2421875,9.343885494741524e-08,0.052043391920444146,2.091550604432981,-6.566770028722975,5.97510374272375,-0.1368384739345983,0.48786635646865717,0.0008333333333333334,0.68359375,0.0017016742810871941,34.922337,0.031385135,34.789246,35.134796,-0.92518073,1.098125,0.0,41.69921875,2.6976682e-06
S5,3,0.0002826842870469739,0.2319945257276322,-0.7895549922658344,1.6197625058341094,4.055747630957484,24.624627004118434,0.01119047619047619,6.8359375,0.00015612802673960235,5.388635453723726,0.07950144925141532,5.1685333251953125,5.6888580322265625,0.6198726971046931,0.19438248444869544,0.0,0.68359375,5.427703247065364e-07,-1.6271306943854273e-07,0.005112695332717075,-0.040608885087520225,0.03501859609809832,-0.1992554179041692,1.277556907182963,0.3786904761904762,23.92578125,7.441220402582935e-08,-0.017605960435634557,1.7473428962711635,-4.682315330979419,4.217296675700139,0.005349886435298226,-0.5600277153025961,0.0008571428571428571,0.68359375,0.0014545669657991616,34.932304,0.031293526,34.789246,35.12088,-0.97945404,1.1493034,0.0,33.49609375,2.6851433e-06
S5,3,0.0001181345887490264,0.2307596764484564,-0.7679663340712996,1.6197625058341094,4.070263709303851,24.868989784172527,0.010952380952380953,6.8359375,0.00015340444514801678,5.382781909760975,0.08760459603114532,5.1700592041015625,5.6888580322265625,0.502655884706752,-0.23305155116905407,0.0,0.68359375,4.436456436173561e-07,1.9957211237336507e-07,0.005356174602906462,-0.032161007122335335,0.03219743121719773,-0.1725334638005467,1.0211216828190945,0.37633333333333335,24.609375,8.179397571648054e-08,0.24412369300676126,2.818352094017322,-5.761550650554664,16.68003768610495,2.9783070197865547,13.81733545071712,0.0008333333333333334,0.68359375,0.002373655755375745,34.93985,0.03054857,34.83542,35.069885,-1.0509847,1.2014971,0.0,2.734375,2.6403168e-06
S5,3,-0.0001989667388763401,0.23114523211095547,-0.8002201020184141,1.6032626016978426,4.140256145623347,25.131252928869298,0.010880952380952382,6.8359375,0.00015202950611283773,5.3066832224528,0.08278610804197745,4.9228668212890625,5.6304931640625,1.0464974979225778,0.6045939232368354,0.0,0.68359375,2.944346623603745e-07,2.9950814430769616e-07,0.006412614133424996,-0.1081640654535773,0.08730445853981217,-0.4841342734304326,14.441196098040574,0.36466666666666664,41.69921875,1.1543146178700035e-07,0.005458745255914282,3.735817344355633,-16.04986119774238,16.68003768610495,0.07706496030122516,8.103673525438133,0.0006428571428571428,0.68359375,0.003490510400474679,34.937775,0.031199021,34.821594,35.066803,-0.99687713,1.0964184,0.0,41.69921875,2.6718806e-06
S5,2,0.0001922070671736799,0.2993441504115535,-1.0250358489075346,1.66117856937706,2.2873067054379366,12.384427735033501,0.020714285714285713,8.203125,0.0002563633798855627,9.718260628836495,0.11824586388683829,9.521102905273438,10.182952880859375,1.3825055554162475,1.4222332411682865,0.0,0.68359375,1.90631430344437e-06,-2.5818558573969723e-07,0.01186637836052917,-0.10098841033407079,0.08418123999150742,-0.3919169091962835,1.886520135039091,0.2907619047619048,42.3828125,4.0431531027188126e-07,0.1760483433782405,6.841013142768132,-12.352279092575827,17.173388964382223,0.40684769799795856,-0.7930648363042816,0.0005,0.68359375,0.009781990464998553,34.65916,0.03536545,34.537323,34.860077,-0.5872598,0.31844926,0.0,22.55859375,2.3716404e-06
S5,2,8.799075677935358e-05,0.3023665486675926,-1.0462243976851662,1.6962015955339418,2.2221337203747975,12.166311692455132,0.019809523809523808,8.203125,0.00025939760608248625,9.862253897530692,0.19955891456200708,9.569931030273438,10.623550415039062,1.4680934738356783,2.220873622453772,0.0,0.68359375,6.265936982023622e-06,1.1376995714336298e-06,0.012046205309111624,-0.10098841033407079,0.08418123999150742,-0.3645354321884574,1.6482698477138928,0.30233333333333334,48.53515625,4.1546835451978e-07,-0.049842156653750365,5.547567608129721,-11.307328756878062,12.448825745315283,0.27176728411088663,-0.747242417093894,0.0005714285714285715,0.68359375,0.007423731286483307,34.666504,0.049159173,34.537323,34.89395,0.29357156,0.07735133,0.0,34.86328125,2.3545745e-06
S5,2,-0.00019327134866841373,0.2944471398319473,-1.0462243976851662,1.6962015955339418,2.272319146001997,12.851288655631954,0.018,8.88671875,0.00023875623648815343,9.86656977335612,0.20799083389156456,9.463119506835938,10.623550415039062,1.376114491416218,1.7334031728816388,0.0,0.68359375,6.244006266854806e-06,7.706159096591532e-07,0.012317986624545233,-0.07132754002002531,0.07491110454236544,-0.3474223962300711,1.3071883887561935,0.30897619047619046,49.21875,4.3433078758533285e-07,-0.0667602005616533,4.5662833283004405,-11.307328756878062,12.448825745315283,0.37667011698468267,-0.2036640343738947,0.0005476190476190477,0.68359375,0.00466428081773849,34.786972,0.11212736,34.537323,35.057526,-0.03373262,-1.3404162,0.0,0.68359375,2.4865421e-06
S5,2,-0.00010128713129928796,0.29338874337541254,-1.0601310251061227,1.6630009445417253,2.3244675493839235,13.145752949336138,0.016928571428571428,8.203125,0.00024208123767314468,9.889604105268205,0.29182443456946916,9.3963623046875,11.046600341796875,1.56100078792099,2.273652699868099,0.0,0.68359375,8.21806001334947e-06,-1.4461340266223805e-06,0.01246304210632786,-0.07051515001358513,0.0795844135559149,-0.3376773603917389,1.3185707849912776,0.306952380952381,44.43359375,4.448014678162048e-07,-0.23615400102561537,4.363137196692826,-7.57629574921264,11.020256529574038,0.6409041047682017,-0.5932999992712493,0.0004761904761904762,0.68359375,0.0038328079269436418,34.971153,0.13410561,34.695465,35.423035,0.8123406,-0.42977667,0.0,0.68359375,2.6861621e-06
S5,2,0.0001553728083142061,0.2993974536037229,-1.0636283152975818,1.7020034563779622,2.3090012893966234,12.76612827441096,0.016714285714285713,8.203125,0.00026265040822995474,9.780802726745605,0.3796242351129458,9.194183349609375,11.046600341796875,0.8824131479435207,0.38039762327926185,0.0,0.68359375,8.964795943346811e-06,-2.1293263695918415e-07,0.013438424445411714,-0.12909202064550712,0.0795844135559149,-0.37328974187754516,1.5643462638787398,0.29692857142857143,51.26953125,5.164957579335132e-07,-0.06501572642382092,5.575335405786297,-11.65204845766151,17.150251639459768,0.8397236814251849,0.05777380055640924,0.0004047619047619048,0.68359375,0.006220732168284513,35.15203,0.13912724,34.801544,35.461884,-0.8587289,-0.6418812,0.0,0.68359375,2.895324e-06
S5,2,5.2245650317898055e-05,0.297820860772735,-1.0636283152975818,1.7020034563779622,2.353754575444748,12.84886776836928,0.016761904761904763,8.203125,0.0002631181849425692,9.421594047546387,0.2540806599492708,9.064102172851562,10.405731201171875,1.6048158694387054,2.407777225772471,0.0,0.68359375,4.0471820204707135e-06,-1.2798323795930338e-07,0.01365079348384917,-0.12909202064550712,0.07598440842960394,-0.45027589083415154,1.655568153261025,0.29145238095238096,51.26953125,5.366626546106071e-07,0.0872013342037642,6.326323580423163,-16.31021735314772,19.128650743616113,0.6334529615278796,0.5069784340220052,0.00035714285714285714,0.68359375,0.008175007156264931,35.14374,0.119006604,34.853912,35.461884,-0.2511688,-1.2431486,0.0,0.68359375,2.881914e-06
S5,2,-3.487904403862461e-05,0.2938971530815609,-1.022295678406785,1.707140680396193,2.408793599618212,13.164454035435078,0.016428571428571428,8.203125,0.0002529325920046668,9.309404745556058,0.23774440775254183,8.969497680664062,10.272979736328125,1.6021725189257856,2.393482012823249,0.0,0.68359375,4.966672553655142e-06,-3.947698539222947e-08,0.012450597435484797,-0.08312100237093407,0.08847829023651836,-0.5080835251183258,2.095729999428375,0.2965,51.953125,4.4280241953140804e-07,0.10104944711305298,5.543612855572755,-16.31021735314772,19.128650743616113,0.40370226337204446,1.1793074988144756,0.00042857142857142855,0.68359375,0.006601168301090338,34.97347,0.092749365,34.74002,35.280304,0.16457984,-0.7249141,0.0,0.68359375,2.6756743e-06
S5,2,-0.0001071689700814496,0.291446958022535,-1.0301032314043088,1.707140680396193,2.423328779430667,13.448349891386975,0.01638095238095238,8.203125,0.00024438198624067995,9.185721451895578,0.3045455083112146,8.538436889648438,10.272979736328125,1.2435952700596535,1.1179582525291467,0.0,0.68359375,6.563398685379729e-06,2.4023083474299214e-07,0.011367693425233527,-0.08312100237093407,0.08847829023651836,-0.4236781270218765,2.3125511048382785,0.30697619047619046,45.80078125,3.6824643862835157e-07,0.13419571584283335,5.273843442977466,-9.279518519576964,18.015027096317198,0.6621756632401928,0.5402283459708177,0.0004047619047619048,0.68359375,0.005420412386682579,34.980602,0.09033204,34.74002,35.250885,-0.2735661,-1.0545442,0.0,0.68359375,2.6762243e-06
S5,2,1.6802914337208566e-05,0.3150442680032805,-1.415032923316604,1.6851955071390243,1.9982802820024497,10.872689517976811,0.01507142857142857,2.734375,0.00028672474957451306,8.954945936657133,0.1638556089428674,8.538436889648438,9.575271606445312,1.4693370122336653,2.1116871358622964,0.0,0.68359375,3.3188570712822084e-06,-5.629529236447164e-07,0.012052438309046988,-0.16929586250927764,0.1825801553757242,-0.4481893790799837,7.551907290267437,0.30283333333333334,55.37109375,4.2217661732934647e-07,-0.04295984374711818,5.305453307761398,-9.279518519576964,18.015027096317198,0.7293142291208793,0.41375341348107675,0.00045238095238095237,0.68359375,0.005690203749345632,34.963177,0.11272958,34.637054,35.250885,-0.5552311,-0.7536478,0.0,0.68359375,2.6613216e-06
S5,2,4.223110349113545e-05,0.3053356897490341,-1.415032923316604,1.6492804668100445,2.087602306541186,11.532454461769014,0.014261904761904762,2.734375,0.0002578174025929877,8.989035679045177,0.18005403345323892,8.560562133789062,9.79156494140625,1.7172192163102349,4.368259445661323,0.0,0.68359375,1.8199444927445284e-06,7.111726223995874e-07,0.011252087561848513,-0.16929586250927764,0.1825801553757242,-0.4742208244524871,9.908574796086164,0.3036190476190476,54.00390625,3.6950508838081574e-07,-0.1338876866445561,3.52138287834384,-8.608979256268807,10.331999987947608,0.34466799899414485,0.607159631252741,0.0006904761904761905,0.68359375,0.003075220235681947,34.723595,0.16702393,34.40866,35.10385,0.101503745,-1.3815962,0.0,0.68359375,2.362535e-06
S5,2,-6.602058988364683e-05,0.27512658701786613,-0.9849481198927547,1.653469145871404,2.6701069987231683,14.940018124125327,0.015428571428571429,8.203125,0.00020493876355277414,9.187143207731701,0.17856195109937764,8.852386474609375,9.79156494140625,0.47962369487113904,-0.06519947240461921,0.0,0.68359375,1.6409877991128199e-06,1.4319774067669343e-06,0.010212240097030603,-0.10707361510276403,0.0941839915032603,-0.34743939776490096,3.3025780288727784,0.30797619047619046,51.953125,2.9833329229942263e-07,0.14662182946338617,2.597912118350036,-8.383816034382908,11.223394551011204,0.5979400040901596,4.264042721465719,0.0007857142857142857,0.68359375,0.0023795599549197486,34.5318,0.07125408,34.35968,34.813873,0.7331272,0.32078934,0.0,0.68359375,2.1629937e-06
S5,2,0.00011279103811080146,0.2861307058801847,-0.9849481198927547,1.65967110109808,2.5474719648896853,13.82974387867775,0.01685714285714286,8.203125,0.00022844377495025858,9.44117800394694,0.19604762196027556,9.03472900390625,10.101699829101562,0.06361714151973027,-0.7217618572794531,0.0,0.68359375,1.0235001956789028e-06,-2.4179728389447235e-07,0.010768027564374788,-0.10707361510276403,0.0941839915032603,-0.35583953631897297,2.4380729372422785,0.3030952380952381,53.3203125,3.3117891401070746e-07,0.04417831651256527,3.4702285763300944,-10.502095544138186,11.223394551011204,0.1947275112503961,1.2510173629122523,0.0006666666666666666,0.68359375,0.003551644620824204,34.459755,0.044503894,34.3291,34.69388,0.13041824,-0.29880524,0.0,21.19140625,2.1220455e-06
S5,2,-1.0018878069885444e-05,0.28336078700621653,-0.9810193588189561,1.6709472957617537,2.570248540385902,14.212381071140413,0.01673809523809524,7.51953125,0.0002274294103103953,9.754090917678106,0.20594952151515486,9.367752075195312,10.503387451171875,0.705601739661442,0.5561091760647576,0.0,0.68359375,2.1296932600050007e-06,-1.035743719554925e-06,0.010599828470058848,-0.07092263827998863,0.06792289529606131,-0.33921172842771063,0.9940900481409285,0.3048095238095238,40.33203125,3.2070756371515655e-07,-0.14591286926165972,3.6244058504438046,-10.502095544138186,7.861930157908543,0.07884509679394285,-0.3525073788579247,0.0006428571428571428,0.68359375,0.003742393867318048,34.447727,0.03344469,34.3291,34.604828,-0.37186265,0.4194951,0.0,21.19140625,2.1238307e-06
S5,2,-5.635307880594723e-05,0.2766345029930735,-0.9726408083423614,1.6709472957617537,2.6494889485818054,14.824241257376542,0.01519047619047619,8.203125,0.00019884989188543282,10.032591002328056,0.2552121903985411,9.642410278320312,11.113739013671875,1.7366397265870472,3.822482942224326,0.0,0.68359375,4.710109012892021e-06,-6.710478558564241e-07,0.010950430836858227,-0.08525932537548765,0.07049879588373095,-0.27379269595365324,1.7015233681815198,0.30366666666666664,58.7890625,3.425531457596766e-07,0.085661510805611,3.465119759800474,-6.963777316184084,8.290299759313232,0.2822425452993415,-0.691423721664592,0.0006428571428571428,0.68359375,0.003732778934358713,34.470085,0.0416704,34.342865,34.66623,0.27702698,0.3623743,0.0,0.68359375,2.1240267e-06
S5,2,-0.0001011356186222006,0.2894523676132443,-1.5471839017114264,1.659200131743241,2.369992634588971,13.43303241409538,0.014904761904761905,8.203125,0.00022113327593889664,10.206055732000442,0.26352150648061345,9.773635864257812,11.113739013671875,1.2256004129161948,0.9988387623850707,0.0,0.68359375,8.277356594434605e-06,-2.63251660098112e-07,0.010278536558344424,-0.08525932537548765,0.07049879588373095,-0.2380751757448083,2.5811678601463948,0.3048571428571429,51.953125,2.9992271580027954e-07,-0.04456642844019381,3.9851526363469207,-7.637926388232395,8.566602154869535,0.13149377880472135,-0.7561193604982583,0.0006428571428571428,0.68359375,0.004458465299208401,34.500122,0.052476976,34.34897,34.773834,-0.06884506,-0.53394127,0.0,0.68359375,2.1716537e-06
S5,2,1.4051175048133632e-05,0.29113022715090814,-1.5471839017114264,1.6665530512685864,2.377787979811544,13.503610412655128,0.014904761904761905,8.203125,0.00023185819375593303,10.094716989426386,0.3134523593106857,9.495925903320312,11.060714721679688,0.4159414552629713,-0.12404006077196206,0.0,0.68359375,8.84732895635793e-06,4.6401938982533435e-07,0.009748331419066456,-0.10570047414712114,0.09471624828053544,-0.27594853642754885,3.7872705706936776,0.3092857142857143,51.953125,2.704838317699189e-07,-0.15021950917658974,4.646817027666686,-7.637926388232395,12.21350167390661,0.46993252230489074,-0.5477265722045459,0.000619047619047619,0.68359375,0.005429007992748646,34.583817,0.08357917,34.399475,34.924805,0.80545986,0.6630628,0.0,0.68359375,2.283096e-06
S5,2,0.0003144959353011114,0.2796867192982044,-0.974873172300386,1.6792955034494996,2.6676291504159253,14.924185384315837,0.015166666666666667,7.51953125,0.00021604926666288367,9.821385883149647,0.26484147736080155,9.427261352539062,10.904693603515625,1.545758365460551,2.3637094681904633,0.0,0.68359375,5.998430852762164e-06,-5.23860932751664e-07,0.00986187558577645,-0.10570047414712114,0.09471624828053544,-0.2626031200198678,3.5255938582880653,0.3090952380952381,39.6484375,2.7718503976146394e-07,0.009076285209725364,4.810722643049876,-8.356932875858202,12.21350167390661,0.49779847418447726,-0.620478159108008,0.0005476190476190477,0.68359375,0.00582442515839609,34.678192,0.08688767,34.499023,35.014282,0.43088531,-1.0187042,0.0,0.68359375,2.3719956e-06
S5,2,-0.00018412976521223,0.2828958778645221,-1.0072944469500378,1.6792955034494996,2.6538644574285395,14.662952779950338,0.01661904761904762,7.51953125,0.0002319897693628302,9.701657313392277,0.22291139166941895,9.295272827148438,10.649490356445312,1.8391383118051703,4.583469327928299,0.0,0.68359375,6.466895175893064e-06,2.979055693732864e-07,0.009568012734745562,-0.11172181623651775,0.09495836703405616,-0.2784928790812369,3.950246644484398,0.30516666666666664,52.63671875,2.587511073476975e-07,-0.024254856291535815,5.318986944345699,-14.028384909366942,13.576717269760069,0.2759934019123134,-0.38354945193172396,0.0005476190476190477,0.68359375,0.007406122199510322,34.681095,0.08758651,34.494415,35.014282,0.33713382,-1.0684817,0.0,0.68359375,2.3453829e-06
S5,2,-5.0820386290381137e-05,0.28372131740152573,-1.0072944469500378,1.678682877212114,2.642316098375389,14.537412011220827,0.01657142857142857,7.51953125,0.00022515061583702406,9.599966821216402,0.23523171158159947,9.28802490234375,10.649490356445312,1.7357655100555394,4.292660477550284,0.0,0.68359375,6.270739221586552e-06,9.117278587354816e-07,0.009273130687539852,-0.11172181623651775,0.09495836703405616,-0.29531478656997306,4.24618918439846,0.30223809523809525,36.23046875,2.4358951246052647e-07,0.06424233507493816,5.537376520479295,-14.028384909366942,14.338666417503791,0.2479832231622791,-0.18285005801964216,0.0005952380952380953,0.68359375,0.007947823083485066,34.716385,0.0911204,34.494415,34.941772,-0.315915,-1.2606537,0.0,0.68359375,2.3682485e-06
S5,2,0.00014153334644735147,0.28344684599103637,-0.9759805851985481,1.678682877212114,2.636812192695219,14.533512771689391,0.01561904761904762,7.51953125,0.0002248536096897722,9.4998351869129,0.15846206378701355,9.120559692382812,10.187149047851562,1.7950989549745922,3.300412347184153,0.0,0.68359375,3.653884983635145e-06,-9.940992845962387e-07,0.00901660744116853,-0.06590941173264464,0.05834236890843672,-0.22329177975457704,1.6928409692426065,0.3009047619047619,44.43359375,2.310122502061316e-07,0.03373102933929964,5.491574497698292,-12.408002101335875,14.71848917701299,0.33591412479664295,0.24845082328632273,0.0005714285714285715,0.68359375,0.00714123262365189,34.7219,0.073350705,34.540375,34.941772,0.052903045,-1.1243782,0.0,2.734375,2.4152275e-06
S5,2,-4.93357496936755e-05,0.28350210745275123,-0.9865742407571286,1.6660393619936933,2.6721736339147646,14.639377749736887,0.01635714285714286,7.51953125,0.0002424032636183493,9.503792390369235,0.16732160555739725,9.120559692382812,10.187149047851562,2.094098347750808,4.368808348012529,0.0,0.68359375,3.260914349641377e-06,-6.086421150222241e-07,0.009099714034459624,-0.06590941173264464,0.05834236890843672,-0.20452051128476284,1.6301447152819684,0.29933333333333334,51.26953125,2.3628421049788564e-07,-0.02457985375636582,4.944163622772361,-12.408002101335875,14.71848917701299,0.3783366451316776,0.6582461871651328,0.0005476190476190477,0.68359375,0.0055834160503441255,34.632538,0.046871874,34.47757,34.829254,-0.2504057,-0.27095866,0.0,13.671875,2.3350394e-06
S6,1,-0.0006674493525338363,0.2911321742342854,-0.47983078949493146,1.7186702963965195,3.5897726172819127,15.390415288386379,0.015571428571428571,4.78515625,0.0002426009222102568,9.48176763625372,0.09590487845192491,9.273147583007812,9.722137451171875,-0.06612079003564718,-0.9349337551301065,0.0,0.68359375,5.874200996634473e-07,2.8775764353825425e-06,0.02368285547189429,-0.35131959892039843,0.28538332904701197,-0.01257852796454576,11.193487025532162,0.2627380952380952,77.9296875,1.5834800155903836e-06,-0.0955491689787905,3.6289198457187712,-8.362930920572747,13.72564010087865,0.9043566010715071,2.0319074046251258,0.000619047619047619,0.68359375,0.002769856335967823,33.54965,0.052956723,33.295258,33.826294,-0.7333547,0.005425453,0.0,0.68359375,1.2047013e-06
S6,1,-0.0002609383685441454,0.2841766330303094,-0.41829466711089225,1.595378482690659,3.6887038519318094,16.288662837428948,0.014261904761904762,4.78515625,0.0002341968167975611,9.272868864876884,0.16900635604678713,8.90045166015625,9.592819213867188,-0.34346706905120167,-1.058477546573041,0.0,0.68359375,1.9159396536159637e-07,5.700843567709466e-07,0.018522400496380244,-0.24682942578459657,0.21656266950532635,-0.05575976285342043,8.531025056493572,0.2648809523809524,71.09375,1.0047681239796728e-06,-0.006419809386867666,2.183938598502645,-4.962885017349103,5.1395997647761344,-0.06501853625620724,-0.48988697594119923,0.0007619047619047619,0.68359375,0.0016261097555754886,33.571377,0.024238626,33.440155,33.730713,-0.20094423,2.173583,0.0,9.5703125,1.1993368e-06
S6,1,-4.9972026060512826e-05,0.2913935962858199,-0.42485482561690696,1.601130528209103,3.6713495293487117,15.845023690937296,0.012809523809523809,4.78515625,0.00024150619669396111,8.926271365937733,0.23382514316692543,8.24737548828125,9.410858154296875,-0.06583756941075845,-1.2558291071451633,0.0,0.68359375,1.8481696520289156e-07,-1.8047455710340093e-06,0.01995009786888506,-0.24682942578459657,0.21656266950532635,0.09424777031962076,6.153999721057692,0.26321428571428573,71.09375,1.1505368865702577e-06,0.043650496061287306,2.2542127658182123,-5.779061316959449,5.059068620449617,-0.06229496287800329,-0.6634545136145946,0.0007619047619047619,0.68359375,0.001884364005784939,33.560978,0.023879182,33.440155,33.71405,0.03077733,2.296041,0.0,26.66015625,1.1907598e-06
S6,1,3.6899082788990046e-05,0.29458695390006745,-0.42485482561690696,1.6150403181620936,3.658956554109452,15.658799540278462,0.012928571428571428,4.78515625,0.00024798382312623743,8.534622019813174,0.217881604571563,8.154678344726562,8.962249755859375,0.1547673548033944,-1.1575335346197495,0.0,0.68359375,1.703403338910836e-07,1.5584069545895696e-08,0.020626459432169036,-0.21200521118780313,0.20505685875423063,0.19641042471815567,3.4773728206400474,0.26011904761904764,83.3984375,1.222394947844203e-06,0.07347077238901814,2.2247659111006755,-5.779061316959449,5.059068620449617,-0.03911910158776547,-0.6907912880974427,0.0007142857142857143,0.68359375,0.0017102486047695842,33.57128,0.027005672,33.44919,33.730713,0.067684904,1.2285938,0.0,35.546875,1.1937236e-06
S6,1,3.561525557130608e-05,0.28684154017386365,-0.4199319042389684,1.6150403181620936,3.7473907569452423,16.64770240468909,0.01180952380952381,4.78515625,0.0002417139775573489,8.183964665730795,0.1872505810150387,7.85064697265625,8.568572998046875,0.059541405726879486,-1.1790722426732945,0.0,0.68359375,1.456602239991982e-07,3.9876772992094074e-07,0.018249314403890597,-0.21200521118780313,0.20505685875423063,0.15938414631890996,4.238848086998881,0.2643333333333333,77.9296875,9.711082860328586e-07,-0.01757327077639877,1.8217374611966686,-3.9871322281279986,3.7955521318315597,-0.007141794741700049,-0.798447379876531,0.0007619047619047619,0.68359375,0.001306528002167121,33.56914,0.02897164,33.426544,33.730713,-0.009904499,0.69749475,0.0,20.5078125,1.1876308e-06
S6,1,0.00025023083672443165,0.28541026309472295,-0.41010246397007577,1.6064317037086224,3.762058175734605,16.854858342366363,0.011285714285714286,4.78515625,0.0002337311012296127,7.8771526245843795,0.16603512974373655,7.5855255126953125,8.220672607421875,0.11507395553420699,-1.268488269614502,0.0,0.68359375,1.400954806936397e-07,7.596288063543107e-07,0.0172738054570368,-0.11629101909588033,0.1075690450504188,0.17107062751460134,1.586432675182528,0.2663333333333333,71.09375,8.617069241086253e-07,-0.06393310098581029,1.6530600747882316,-3.8677722963530643,3.6822143353417323,-0.08636340310243794,-0.7057945165432034,0.0008095238095238096,0.68359375,0.0011368166483245498,33.57094,0.029252065,33.426544,33.726166,-0.12077587,0.37192822,0.0,200.9765625,1.1540961e-06
S6,1,0.0001186711722752505,0.2896281452095069,-0.41674045067179866,1.609666567160167,3.7226053133294466,16.375726887211144,0.011952380952380952,4.78515625,0.00024025994620209003,7.611161259242467,0.14149102296852642,7.331085205078125,7.9242706298828125,0.0634268305901155,-1.0751828578939,0.0,0.68359375,1.4076448673386378e-07,2.56437910145904e-07,0.015171506570191362,-0.08493579034572427,0.1075690450504188,0.2663909764708036,2.4602414199210916,0.2696190476190476,71.09375,6.600289752696053e-07,0.03633684186105667,1.9947942564479177,-3.922664702982763,4.129981593866267,0.05857731292782385,-0.9422975808582641,0.0007619047619047619,0.68359375,0.0013910121257984871,33.588516,0.02344386,33.499084,33.726166,-0.1489437,2.0554333,0.0,206.4453125,1.189742e-06
S6,1,0.00042841513942827456,0.28731464776578347,-0.41674045067179866,1.609666567160167,3.7505331158800663,16.659681768473185,0.011714285714285714,4.78515625,0.00023659482017025524,7.387149047851563,0.11870952478928946,6.972503662109375,7.6602935791015625,0.21173499697072803,-1.2287224289853986,0.0,0.68359375,1.4141596116752926e-07,-2.8329397591347396e-07,0.013011699643002944,-0.0919071362095003,0.1721355643796756,0.6345686417948307,3.8518883586572947,0.2720238095238095,62.20703125,4.815337716635028e-07,0.008725761033916661,2.074144538352473,-3.960975166431419,4.129981593866267,0.03692662050670631,-1.0905626448311165,0.0007142857142857143,0.68359375,0.0013679136326941424,33.54398,0.05674053,33.378235,33.726166,-0.5108457,-0.6380515,0.0,0.68359375,1.2033006e-06
S6,1,-4.6317756596095695e-05,0.28573815662779106,-0.4047680810492357,1.6058267617207374,3.7604491136655067,16.827682779287905,0.011666666666666667,4.78515625,0.0002251031662222941,7.213298625037783,0.08532815790437266,6.9477081298828125,7.4230194091796875,0.13406309411318276,-1.1341685792532858,0.0,0.68359375,1.3656021335206538e-07,-6.492067125748991e-07,0.014175439296716465,-0.0919071362095003,0.1721355643796756,0.6004913391181019,2.7015761823499043,0.2665952380952381,62.20703125,5.711068553680311e-07,-0.01929855137573794,2.0152928144806808,-4.72878203637169,4.657279259970938,-0.051828093507551826,-0.7835989578813463,0.0007619047619047619,0.68359375,0.0013965402148908037,33.4633,0.050218496,33.33899,33.676147,0.65131277,-0.5495403,0.0,161.328125,1.1416338e-06
S6,1,-0.000640577995600241,0.28595139094581096,-0.4149224213172768,1.6090065328278584,3.770288081226718,16.881970979650006,0.011761904761904762,4.78515625,0.0002356019745876252,7.082375117710659,0.07049627277010583,6.9240570068359375,7.3089599609375,0.2895494184934085,-0.8824651263815246,0.0,0.68359375,1.3110126829541923e-07,-1.0109207533956498e-08,0.012570322741153531,-0.06303054092320054,0.07094819913523052,0.4560114809593265,1.5461124257739858,0.2662857142857143,63.57421875,4.5196309906936787e-07,0.0334839614370367,1.9949177958964892,-4.72878203637169,4.657279259970938,-0.05195776881641381,-0.8093787315119259,0.0007619047619047619,0.68359375,0.0014222656088426575,33.427216,0.020227453,33.334473,33.579224,0.18310653,4.981731,0.0,174.31640625,1.120437e-06
S6,1,1.6155988567174178e-06,0.28350432185609875,-0.4149224213172768,1.6090065328278584,3.7970613568356155,17.19013135943595,0.011666666666666667,4.78515625,0.00023342780379658924,6.970143181937082,0.059695374375487616,6.6211700439453125,7.1441650390625,0.14106749308264002,-1.2458602202262863,0.0,0.68359375,1.3121653699084034e-07,6.097007619363992e-07,0.012012586943781297,-0.06303054092320054,0.07172087304269117,0.4474176865479449,1.6310735610300648,0.26785714285714285,54.00390625,4.1395510160003983e-07,-0.00695395257111213,1.5249236816585128,-3.1234720323296234,3.1856933838881196,0.018456003219072092,-1.132296811532825,0.0007619047619047619,0.68359375,0.0009615616216072056,33.451004,0.033061318,33.334473,33.624664,0.28148645,0.09205294,0.0,149.0234375,1.149128e-06
S6,1,-8.183419957007631e-05,0.2837202605638321,-0.41749209263624754,1.6085196309039054,3.7920274960777833,17.13777393945338,0.012071428571428571,4.78515625,0.00022889163801123006,6.879772031874884,0.0449968574501213,6.6211700439453125,7.02056884765625,-0.10248927080888798,-0.9181227853731149,0.0,0.68359375,1.2947305806688785e-07,-9.165248945987711e-07,0.015054567103471505,-0.1084865513700598,0.13109547873940688,0.6354006533002927,4.979096936920712,0.2696190476190476,67.67578125,6.522899405151045e-07,-0.04289199927286143,1.6388162712667866,-3.4454601949844976,3.339783240880068,-0.00995970037287071,-0.8972634203301886,0.0007619047619047619,0.68359375,0.001042468250540388,33.509903,0.049473472,33.385773,33.729218,0.48270154,-0.2990067,0.0,136.03515625,1.200257e-06
S6,1,7.987134090478419e-05,0.2867512844104986,-0.41749209263624754,1.618600880821034,3.767156183375346,16.795271666751546,0.012142857142857143,4.78515625,0.0002345122993882281,6.796960322062175,0.05220070596357132,6.61773681640625,6.9545745849609375,-0.02072530286629095,-1.3341378078148467,0.0,0.68359375,1.2897340711437583e-07,-6.325067497161276e-07,0.014301344151135122,-0.12537510466922802,0.16557297065295737,0.6810555597769244,7.629686036885989,0.27635714285714286,68.359375,5.842570687632895e-07,0.030198615987586507,2.055718179053236,-3.609473480980744,3.733734130341039,-0.031219523749289553,-1.18780473910646,0.0006904761904761905,0.68359375,0.0012288615152974403,33.59603,0.060636718,33.41446,33.82782,-0.33457348,-1.0534444,0.0,189.35546875,1.2462459e-06
S6,1,0.00021911240496366396,0.28677401885441567,-0.39437650215677733,1.618600880821034,3.7706729368443757,16.81041502117792,0.011595238095238096,4.78515625,0.000231327103662628,6.70614078158424,0.05199927131055676,6.5090179443359375,6.8996429443359375,0.10972871685419816,-1.2430928637267689,0.0,0.68359375,1.3241028864341588e-07,9.71377747405089e-07,0.010186602968450776,-0.12537510466922802,0.16557297065295737,0.38187895238461556,6.8332404160937,0.2790238095238095,68.359375,2.923301348506993e-07,-0.00014959947339444906,2.110655087041376,-3.6395720414338846,3.733734130341039,0.021219598862153875,-1.2558337647759,0.0006428571428571428,0.68359375,0.001135749410817551,33.666237,0.033648867,33.547455,33.847595,0.1581689,0.4512229,0.0,162.6953125,1.284723e-06
S6,1,-7.054529675214358e-05,0.2858296359051905,-0.4015596957627761,1.6150702997575541,3.783321622936081,16.916109490970154,0.011833333333333333,4.78515625,0.0002320934348504277,6.63132610321045,0.03617684576638569,6.5090179443359375,6.7962646484375,0.3320882184364591,-0.7330369610305927,0.0,0.68359375,1.2710200508340306e-07,1.4615804651075828e-09,0.015122782567479936,-0.15791590698403227,0.2706329932084279,0.38391949516135926,11.809261563836793,0.2730714285714286,75.87890625,6.475197619029558e-07,-0.03540189471434855,1.864793011511276,-3.6395720414338846,3.677167757051576,0.03203386266944525,-1.1930969591453346,0.0007380952380952381,0.68359375,0.0012343149951287665,33.719868,0.043650657,33.598907,33.915924,-0.15288854,-0.6991172,0.0,177.734375,1.3104551e-06
S6,1,-0.0001087604761049329,0.2861281048304243,-0.41573447815137876,1.6193456115839486,3.777111409169512,16.88015862275301,0.012619047619047618,4.78515625,0.00023456840890832123,6.575192760285877,0.03356835934015091,6.4807891845703125,6.6986083984375,-0.07863936989687836,-0.8269028694337583,0.0,0.68359375,1.199457095099483e-07,-7.458968904955822e-07,0.01818246043859538,-0.18134732481482702,0.2706329932084279,0.14120515877236509,7.967738759963769,0.2685238095238095,71.09375,9.479018728820691e-07,0.07447376388201693,1.9281119777305482,-4.80591152927477,4.745587670028785,0.06065494535650377,-0.7021772761964815,0.0007857142857142857,0.68359375,0.0014121347564472,33.751846,0.024144033,33.632233,33.915924,-0.28690386,1.942585,0.0,201.66015625,1.3362448e-06
S6,1,-9.28776923902386e-05,0.28663450879025554,-0.41573447815137876,1.6323157324003488,3.768258518162396,16.82308938301648,0.012071428571428571,4.78515625,0.00023528300565319095,6.520883169628325,0.032343591941226935,6.4296722412109375,6.6410064697265625,0.45612985559869895,-1.0359894912904992,0.0,0.68359375,1.1887285269897549e-07,2.460250939422061e-07,0.015287902048285569,-0.18134732481482702,0.15205375807193455,-0.06124170173802609,6.1418072359958025,0.27221428571428574,74.51171875,6.726910983622561e-07,0.044500399071676626,1.9508706562213267,-4.80591152927477,4.745587670028785,0.011614496404091004,-0.47259905323839835,0.0007380952380952381,0.68359375,0.0011765351205045608,33.74941,0.022702185,33.633728,33.89618,-0.326269,2.5974069,0.0,159.27734375,1.3591017e-06
S6,1,-0.00012534958821807906,0.28623684286601925,-0.40739851166972074,1.6323157324003488,3.779024779637766,16.878567172006477,0.011166666666666667,4.78515625,0.00023511140263239946,6.472264326186407,0.025419856806474614,6.3938140869140625,6.5746307373046875,-0.25374028072080124,-0.9783404062790013,0.0,0.68359375,1.2184168502770873e-07,-3.48746783267969e-09,0.01187139585347557,-0.09022841115175495,0.08610846529274994,0.11857319938620149,1.2463878557675985,0.2763809523809524,64.2578125,4.0328826146001533e-07,-0.06751460198872924,1.9480471523428515,-4.43265645126523,4.263121381852436,-0.040218024170853246,-0.8214991900598299,0.0007142857142857143,0.68359375,0.0011379798493577219,33.734043,0.027021557,33.632233,33.887085,-0.17658989,1.040607,0.0,256.34765625,1.3308498e-06
S6,1,-1.8270000298465567e-05,0.28636530375955477,-0.4062545936889476,1.617333704737123,3.7749196470532005,16.846506327723617,0.011523809523809523,4.78515625,0.0002355584195166341,6.438658705211821,0.01861852049112686,6.3709259033203125,6.5265655517578125,0.6308805001650103,-0.044668732690352986,0.0,0.68359375,1.2070534059374218e-07,6.04244373181751e-07,0.012036255420389077,-0.1615100099109643,0.13251167633338845,-0.014079981235230021,6.68579573630484,0.2755952380952381,62.890625,4.1816845565212855e-07,-0.03225227478709695,2.0471206214193574,-4.445111337021304,4.263121381852436,-0.048661463416511674,-0.942418654160496,0.0007142857142857143,0.68359375,0.0012755974713450262,33.74198,0.032467734,33.632233,33.912933,-0.07742521,-0.0383265,0.0,231.73828125,1.3179516e-06
S6,1,2.3994315492531535e-05,0.2896064588952765,-0.4062545936889476,1.6173222823867235,3.7265200381375423,16.390594135342976,0.011166666666666667,4.78515625,0.00023799547657179292,6.4030676887148905,0.02692984546700443,6.105804443359375,6.505584716796875,-0.31372453264347994,-0.6687090903266646,0.0,0.68359375,1.2564118217782462e-07,1.2011764458358613e-06,0.016992415237906525,-0.1615100099109643,0.1447371372435872,0.47995297862480063,6.076957387085194,0.2735,71.09375,8.188547829770176e-07,0.027448577637248166,1.9190263106726184,-4.445111337021304,4.07315604848675,-0.08911976123295456,-0.9447242119708559,0.0007142857142857143,0.68359375,0.0010991112279278628,33.797913,0.045567386,33.648865,34.005676,0.3253161,-0.5304842,0.0,0.68359375,1.3750384e-06
S6,1,0.00018497253136562694,0.29589281121365185,-0.39974830541486117,1.6305380511759606,3.675354847260098,15.735984426389603,0.010928571428571428,4.78515625,0.0002507938701353737,6.352542477562314,0.03234446862900034,6.105804443359375,6.4670562744140625,-0.08450959195729568,-0.9123955878613588,0.0,1.3671875,1.31726492188873e-07,-1.1693494715216531e-07,0.020034469339543032,-0.12038951724137377,0.16926696316826167,0.5347800990573793,3.9682479985318597,0.2721190476190476,71.09375,1.1480657559397676e-06,-0.0147592089199178,1.7794481902813384,-3.348469171187811,3.6296836129254784,0.07121076852631668,-1.033813472603057,0.0007142857142857143,0.68359375,0.0010389583200758436,33.80428,0.047309913,33.645844,34.005676,-0.13549078,-0.4947145,0.0,0.68359375,1.385666e-06
S6,1,6.563610247966438e-05,0.2910886117504896,-0.39974830541486117,1.6305380511759606,3.742395462682748,16.380572537330245,0.011571428571428571,4.78515625,0.000248014782659264,6.307756551106771,0.02301062362262735,6.1222076416015625,6.4060211181640625,0.40258320557133365,-0.34680551160445416,0.0,1.3671875,1.2966830427816502e-07,-2.0387891625817989e-07,0.019041655397716125,-0.13581304017554346,0.16926696316826167,0.43561051154262986,3.7776783776931397,0.26761904761904765,61.5234375,1.017207421531144e-06,0.002929944961014885,2.02800403963882,-3.819693471132609,3.7184578030800544,0.057037802823435034,-1.1484391076918137,0.0007142857142857143,0.68359375,0.001500281130366018,33.809326,0.049191862,33.645844,34.04834,-0.17726041,-0.43439412,0.0,0.68359375,1.3752375e-06
S6,1,-9.942605890060624e-05,0.2875176438376293,-0.4683664804680279,1.6193240550461192,3.758976076511304,16.709249431496204,0.012595238095238095,4.78515625,0.00023953965345179553,6.2849821363176614,0.013968740132534439,6.0092926025390625,6.3854217529296875,0.20205827719801292,4.101340906716697,0.0,0.68359375,1.3108998985587984e-07,-1.6113419050816025e-06,0.02528255525450085,-0.3608188251854054,0.4394499599858353,0.3041736832711507,13.584107389462677,0.2619047619047619,60.15625,1.8236406749395956e-06,-0.07060725217224029,2.397637211363687,-6.218249114615391,5.3502424539676,-0.09777356389867523,-0.8501722150608422,0.0007380952380952381,0.68359375,0.0020578255564327507,33.85153,0.03403298,33.674652,34.04834,-0.28259692,0.1770482,0.0,52.63671875,1.4576601e-06
S6,1,-7.009407461270882e-05,0.3069862566667381,-0.47015887625818054,1.6371539732532816,3.5112826802278048,14.333238821198982,0.013547619047619048,4.1015625,0.0002763364044441501,6.284993108113607,0.028645698534636548,6.0092926025390625,6.4899444580078125,2.1443386731351914,6.913932478603023,0.0,0.68359375,4.7094532264538737e-07,-3.6290074221357755e-07,0.026094720772048448,-0.3608188251854054,0.4394499599858353,0.2775408251401621,13.054051019680127,0.2703809523809524,62.890625,1.9754966649896938e-06,0.0410422248635753,4.118659595289944,-12.943978453531567,13.175384611829191,0.2790212832407099,1.4653315692715916,0.0006666666666666666,0.68359375,0.004361852598276747,33.83914,0.043055072,33.644318,34.005676,-0.41443765,-0.29541492,0.0,0.68359375,1.4886633e-06
S6,1,5.787484290822156e-05,0.30772101146070424,-0.47015887625818054,1.6371539732532816,3.4997854647717657,14.221554581855987,0.014571428571428572,4.78515625,0.0002834226459905266,6.269790376935687,0.0341061467744807,6.04400634765625,6.4899444580078125,1.999589068045731,5.035466748559871,0.0,0.68359375,4.7143809613392535e-07,1.0940234784312131e-06,0.016741588830796777,-0.20267944992643036,0.22426506502811686,0.2061356507775959,11.32194779796951,0.28454761904761905,57.421875,7.879762730403597e-07,0.029128714124612293,3.9836921333619304,-12.943978453531567,13.175384611829191,0.3405798000169927,1.9789371664345001,0.0006666666666666666,0.68359375,0.003983721733985757,33.853336,0.050235506,33.644318,34.042236,-0.50738204,-0.6162336,0.0,0.68359375,1.5035947e-06
S6,1,1.1460160268954302e-05,0.29269295503879006,-0.43752871910632923,1.619349770361805,3.6858278184071187,15.959350782975672,0.014452380952380953,4.78515625,0.00023822816507039626,6.241884467715309,0.012227363347911285,6.04400634765625,6.333160400390625,0.3112038129580026,2.6482457157488675,0.0,0.68359375,1.2728091944889536e-07,-4.701238774546439e-07,0.011325837538492959,-0.13814988616454782,0.11144255894566837,-0.20701954238182543,6.630750560861198,0.29554761904761906,70.41015625,3.6579385668127935e-07,-0.06986170133115031,1.9950882057857688,-4.375843359473855,4.749276970259544,-0.011708312338221026,-0.7563455708040432,0.0007857142857142857,0.68359375,0.0014694291775996372,33.90859,0.032918125,33.802002,34.09555,-0.04086382,0.35606885,0.0,154.4921875,1.556723e-06
S6,1,8.03293505866662e-06,0.2891388949344299,-0.42679673921788586,1.6225825775754465,3.756292809296653,16.550914796040264,0.011952380952380952,4.78515625,0.00023078320702494645,6.22905140831357,0.011273292688098815,6.0840606689453125,6.3198089599609375,0.14658514899743125,1.8230999421840322,0.0,0.68359375,1.2331023135961123e-07,-1.7966349993912287e-08,0.009314931571288303,-0.13814988616454782,0.11144255894566837,-0.16625879156499987,4.87215603377895,0.30414285714285716,25.29296875,2.4172705799456433e-07,0.05981266017441742,1.7987529565721254,-4.375843359473855,4.749276970259544,0.050282863776059554,-0.5532323812938302,0.0008095238095238096,0.68359375,0.0011976770951964905,33.936726,0.028677763,33.821747,34.09555,-0.54026717,1.2799344,0.0,103.22265625,1.5844886e-06
S6,1,0.0001506804998571506,0.2899276082593696,-0.412223893752594,1.6225825775754465,3.7595696019570606,16.500202902462863,0.01119047619047619,4.78515625,0.00024082822276313623,6.22260076432001,0.011260423049206476,6.0298919677734375,6.3159942626953125,0.07979898084762525,3.555995728181344,0.0,0.68359375,1.2737219313491697e-07,1.597423454182978e-07,0.007664594695377805,-0.05623408297670533,0.03651972264838815,-0.09657809148425121,1.106095805336773,0.31142857142857144,25.9765625,1.6660417943961173e-07,-0.011205172220506841,1.8073116019584474,-3.716893020321772,3.861694215013174,0.062110254377004064,-0.8270392404406746,0.0007142857142857143,0.68359375,0.0009603604521169223,33.951775,0.024450662,33.862762,34.091003,-0.44837686,1.8812208,0.0,120.3125,1.5987305e-06
S6,1,-0.00013313041107329085,0.2996741977883535,-0.4240482193688615,1.6238828088203008,3.6319558592861694,15.235363859470443,0.012761904761904763,4.78515625,0.00025927421181841116,6.234008380344936,0.02769883138624648,6.0298919677734375,6.4785003662109375,2.651500157522522,12.04942561495434,0.0,0.68359375,6.066192862014349e-07,-1.3191073616191166e-07,0.011610552854184261,-0.1463179657640779,0.2666088397674246,0.8212664967350642,30.930401693006665,0.3131904761904762,60.15625,3.8933848442700045e-07,-0.07605664737021288,3.050763510701767,-11.769179192487151,9.826495357784669,-0.44993008972079984,2.0752298492115173,0.0006904761904761905,0.68359375,0.0031898838356515012,33.940212,0.053340897,33.709473,34.094055,-1.675634,2.524932,0.0,0.68359375,1.5786163e-06
S6,1,0.0006056035864449499,0.2994345552015713,-0.4255450610626499,1.6238828088203008,3.6287923784176486,15.239585887612783,0.01219047619047619,4.78515625,0.0002593290382586394,6.246907152448382,0.02504166665059028,6.04705810546875,6.4785003662109375,2.4306978775729218,12.962903157174903,0.0,0.68359375,6.082049822052606e-07,8.375963865196065e-07,0.011982861951883793,-0.1463179657640779,0.2666088397674246,0.8035389325082521,27.100746932389384,0.30516666666666664,60.15625,4.155732930121648e-07,0.05467711701666892,3.0911405838111428,-11.769179192487151,9.826495357784669,-0.5203830496282954,2.075713021980672,0.0006666666666666666,0.68359375,0.003137932874100343,33.799603,0.1365946,33.57318,34.094055,0.1283695,-1.5931531,0.0,0.68359375,1.4504715e-06
S6,1,5.139633026024165e-05,0.2984471555974402,-0.4255450610626499,1.6194300739833063,3.6312725008961837,15.34665037127698,0.011666666666666667,4.78515625,0.00026101583126254173,6.2349128269013905,0.016657132397781098,6.04705810546875,6.3381195068359375,0.4401873857449548,-0.06187836919615597,0.0,1.3671875,1.2485497509294162e-07,6.652430261150105e-07,0.012479991289106148,-0.12812512667902742,0.1515068335508195,0.6814707994006793,11.113575505714772,0.29528571428571426,73.14453125,4.4851174310626484e-07,0.21348462640755428,2.416862924639567,-5.889478741179142,7.436348327229496,0.2256356425081937,0.3800220270765906,0.000619047619047619,0.68359375,0.0011715541382705393,33.652004,0.043527167,33.533875,33.884033,0.99502337,1.0233574,0.0,184.5703125,1.2901925e-06
S6,1,-0.000546645679724162,0.303304785955334,-0.4324534656082858,1.633825838691996,3.5423247465804697,14.640598170682551,0.01319047619047619,4.78515625,0.0002706514183628552,6.225600951058524,0.015967950933396747,6.079864501953125,6.339263916015625,1.6142774288859814,3.7390401521918886,0.0,0.68359375,1.364676336182259e-07,-7.623422708396392e-07,0.014896198570725942,-0.23470061765591538,0.1810222689903225,0.4431223003785417,12.439292574087617,0.28235714285714286,59.47265625,6.37978725500477e-07,-0.06781180701180103,3.1755665214739457,-8.183653846626244,7.436348327229496,-0.06553563878524457,-0.3854514182327873,0.0005714285714285715,0.68359375,0.0018565507156919944,33.610764,0.032063622,33.477905,33.776245,-0.30119798,0.33716393,0.0,0.68359375,1.2555848e-06
S6,1,4.1622747811061686e-05,0.3086582348455218,-0.4324534656082858,1.633825838691996,3.4845665087682867,14.058649724630552,0.014857142857142857,5.46875,0.0002559813084138081,6.220259294055757,0.0201753595568951,6.02264404296875,6.3457489013671875,0.8874244807101799,1.695674476423525,0.0,0.68359375,1.3814295226225866e-07,-3.0023861256148246e-07,0.014758483277183763,-0.23470061765591538,0.1810222689903225,0.4306322698960758,10.118873026011446,0.27595238095238095,66.30859375,6.265567078039337e-07,-0.19152377564899178,2.987632120606689,-8.183653846626244,6.245753502167122,-0.2517416233381741,-0.48545032791158516,0.0005238095238095238,0.68359375,0.0016473678896842458,33.63334,0.048984077,33.477905,33.82782,-0.11679526,-0.8329377,0.0,0.68359375,1.2735219e-06
S6,1,-0.0002166723337481422,0.303325433043745,-0.4159108633227135,1.6193379472951044,3.5891157966944847,14.832377734251384,0.013880952380952381,5.46875,0.00024916163837999017,6.196137646266393,0.02227703777091368,6.02264404296875,6.3457489013671875,0.2515746998304448,-0.6626007388259194,0.0,1.3671875,1.248427569493272e-07,2.2567059351535416e-07,0.013535577058982978,-0.08094839160081005,0.1284334369092159,0.5750217529949181,3.8030958207624392,0.2694285714285714,49.90234375,5.181976795415281e-07,0.04883288148334696,1.9258399139190845,-5.105835051874148,4.2530192043229444,-0.2727053799686807,-0.3991717513712856,0.0006904761904761905,0.68359375,0.0010571529936118519,33.732014,0.070878305,33.55652,33.981354,0.41899118,-0.9716232,0.0,144.23828125,1.3472494e-06
S6,1,0.0005413361012723659,0.2943691482110136,-0.4111657472621606,1.6165060952964037,3.7155981631720323,15.924920289399925,0.011523809523809523,4.78515625,0.0002456317105037884,6.188677369980585,0.016938949452534536,6.053924560546875,6.2793731689453125,0.34779469168294624,-0.3559482359276558,0.0,0.68359375,1.1879662043461636e-07,-1.1655232653893718e-07,0.011825434353587119,-0.07741439646164378,0.11239597037894672,0.47105961928628753,2.0833441361137295,0.26226190476190475,59.47265625,3.993088724688929e-07,0.0642871035127014,1.6675695135120103,-3.555477397203163,3.2960580716378076,-0.07096392057101202,-0.9383717424760532,0.0007142857142857143,0.68359375,0.0009039390162068869,33.84284,0.06654743,33.641327,34.045288,-0.45400798,-0.72590756,0.0,157.91015625,1.4653821e-06
S6,1,0.00012901776005805622,0.2961741531663658,-0.3993351504620083,1.6131847153340078,3.6922746234690855,15.739761095206102,0.010952380952380953,4.78515625,0.0002449453724131775,6.191177268255324,0.013621969613643946,6.1283111572265625,6.3083648681640625,0.2886958258564704,0.20591693838667702,0.0,1.3671875,1.1961347363354266e-07,-8.503265483400176e-07,0.011444078708603755,-0.07741439646164378,0.11239597037894672,0.46755053092207816,2.2241623013908347,0.2633809523809524,62.20703125,3.738767560730943e-07,-0.013315725811286903,1.639336772607057,-3.1258999581846147,3.1859829883958906,-0.04920911236540251,-1.11044173696722,0.0007380952380952381,0.68359375,0.0009916554684152885,33.873466,0.041325506,33.69586,34.045288,-0.27805763,-0.41246772,0.0,209.86328125,1.5032832e-06
S6,1,-0.0006002816206961721,0.29836970571547644,-0.3993351504620083,1.6297866108381631,3.6432203621763826,15.42220514359369,0.011,4.78515625,0.0002527298381055837,6.1891908373151505,0.013157738928751139,5.9970855712890625,6.3083648681640625,0.463680838534818,1.3826158355519276,0.0,1.3671875,1.2743132308870217e-07,5.987733878467631e-07,0.016277113429691962,-0.18773213337894146,0.204505947867484,-0.02701201168604861,12.288861285572407,0.2677380952380952,64.2578125,7.706786918989238e-07,-0.01787825481546354,1.6008911150416105,-3.4669776957620377,5.318843907604212,0.3089260983115409,0.04483990197176935,0.0008809523809523809,0.68359375,0.0011352064746138705,33.819973,0.046523422,33.673126,34.031586,0.42816275,-0.13274121,0.0,29.39453125,1.4441381e-06
S6,1,3.220800922666792e-05,0.30132359259220837,-0.42791096183472316,1.6297866108381631,3.5927929476424763,15.02783638324188,0.01130952380952381,5.46875,0.00024647162224093635,6.201635787600563,0.015869989181130726,5.9970855712890625,6.28509521484375,0.015831080035028196,0.3874900954122955,0.0,1.3671875,1.2748696862585178e-07,1.3649629987602499e-06,0.019356107752163683,-0.18773213337894146,0.21102336968837124,0.15584669190821815,8.743296027365052,0.26711904761904764,64.2578125,1.0765877450167343e-06,-0.0009218631340652256,1.9737611410389553,-3.9303919525901625,5.391747793757206,0.3085640273676444,-0.3194444609740583,0.0008095238095238096,0.68359375,0.0014691834252586488,33.816414,0.047013827,33.65796,34.017883,0.36745587,-0.49823737,0.0,23.92578125,1.4405312e-06
S6,1,8.527951287558636e-05,0.29330584022013223,-0.42791096183472316,1.6053326706489266,3.681949401252374,15.991092486697706,0.01130952380952381,4.1015625,0.00023825892926543344,6.2139830271403,0.011333322472201382,6.069183349609375,6.33087158203125,0.05947928213193608,1.9436455192783653,0.0,0.68359375,1.2773558208751215e-07,-8.050854094159076e-08,0.016866697316564833,-0.1476211956434188,0.21102336968837124,0.4725477990120196,6.38619820780546,0.26254761904761903,75.87890625,8.044318489411445e-07,0.0048662102095708305,1.8507873375216004,-3.9303919525901625,5.391747793757206,0.15016679490865306,-0.48208322596501363,0.0008095238095238096,0.68359375,0.0013320301910166195,33.88454,0.054702003,33.65796,34.06967,-0.6116834,-0.2625103,0.0,321.2890625,1.4997559e-06
S6,2,0.00010980711674791266,0.33885549541192733,-0.5045204941004424,1.7277105052624464,2.8829794734218934,10.160342916303716,0.01,6.8359375,0.00031593353537467283,8.970440919058664,0.13726595171634318,8.654403686523438,9.3597412109375,0.32371672851505195,-0.3869679250680922,0.0,0.68359375,2.1564555369559246e-06,1.0912723991597836e-06,0.010731447572511429,-0.1323978550337725,0.1609271896297525,0.2699719641423105,12.943014674779706,0.2806904761904762,56.73828125,3.375586441937825e-07,0.10099082760792281,3.698025154212777,-10.36019273380828,9.68426548468208,0.14599966661498986,-0.13310497626389894,0.0006428571428571428,0.68359375,0.004034169917517484,33.750587,0.08106305,33.53534,33.9859,-0.2764636,-1.1426282,0.0,0.68359375,1.3847734e-06
S6,2,-5.9391386784652817e-05,0.3299990476872024,-0.5045204941004424,1.7277105052624464,2.9609495603742726,10.861201129108785,0.01042857142857143,6.8359375,0.00030002893514791227,8.876428313482375,0.12902572807551313,8.542251586914062,9.28192138671875,0.34150575066327676,-0.12267060005935981,0.0,0.68359375,2.383318862124472e-06,8.193065564691711e-08,0.009325523826637469,-0.06404353055318354,0.09993583452274651,0.17107067255374667,3.085823239031267,0.27804761904761904,47.16796875,2.394232280917748e-07,0.13602981596032804,4.006329571056781,-14.237967907040362,11.104518354074093,-0.21899423267313142,1.3216244728470201,0.0007142857142857143,0.68359375,0.004096208750523974,33.838474,0.03476469,33.701935,34.002655,-0.560901,0.45478773,0.0,22.55859375,1.4751371e-06
S6,2,-8.300716031693579e-05,0.3317046364876078,-0.4925006818111903,1.7197860613319806,2.9449805450815045,10.754477432329518,0.011023809523809524,6.8359375,0.00033244262856417815,8.679730805896577,0.2440704923032627,8.090972900390625,9.1644287109375,-0.49063471604629133,-0.5331564735548175,0.0,0.68359375,3.298675746336209e-06,-1.1666043567810877e-06,0.01701071341669451,-0.19806344502049728,0.24284985109767915,0.8978822444213198,15.406180166230474,0.2705714285714286,76.5625,8.216861227603695e-07,-0.10484304369491577,4.052576690067239,-14.237967907040362,11.104518354074093,-0.119404417755968,1.5215483516585522,0.000619047619047619,0.68359375,0.003829933003468792,33.892693,0.059675578,33.765594,34.19165,1.2155004,1.0923729,0.0,0.68359375,1.5187554e-06
S6,2,-0.000255822191703519,0.32929599875603055,-0.5405032982167172,1.7159571136011837,2.940462294594178,10.803164987986932,0.010785714285714286,6.8359375,0.0003254100334885984,8.314083353678386,0.28005550005683977,7.7579498291015625,8.966827392578125,0.3942426070284337,-0.8389164559545752,0.0,0.68359375,3.9726275987343465e-06,1.3149334142572668e-06,0.01911028508932478,-0.19806344502049728,0.24284985109767915,0.7933813030463273,11.175201975274364,0.2675238095238095,60.15625,1.0381365591618703e-06,-0.05343205019652398,3.4781012743761988,-7.275822580100497,9.78986370329007,0.234210822994502,-0.2586098684926359,0.0005,0.68359375,0.0023142658742121586,34.05513,0.142296,33.765594,34.384155,-0.00970689,-1.4696343,0.0,0.68359375,1.6275561e-06
S6,2,-0.000204819557377822,0.32034755791991726,-0.5405032982167172,1.708430073780528,3.0309972009749737,11.50200842390262,0.010476190476190476,6.15234375,0.0003058284986611119,7.9965605054582864,0.19123778472498953,7.70263671875,8.829116821289062,1.3237162115175805,2.983852025285822,0.0,0.68359375,2.850562458749028e-06,6.254136072683029e-07,0.013475946550651846,-0.14335719508039624,0.16532536160026023,0.5634249170247849,11.322601309092793,0.26754761904761903,49.90234375,5.197445255029008e-07,0.025605394259816276,3.667970276705666,-7.48953138479365,9.787841171565837,0.3109957286234751,-0.6931187001675552,0.0005476190476190477,0.68359375,0.0030260436748377893,34.229153,0.071483746,33.987457,34.4653,-0.53929955,-0.26275516,0.0,0.68359375,1.8148822e-06
S6,2,0.00023032786403363325,0.31682823658077225,-0.4849678801965244,1.708430073780528,3.094913373067621,11.910926792726523,0.010809523809523809,6.15234375,0.00028686188266270694,7.906412760416667,0.10107037833437413,7.6251983642578125,8.21685791015625,0.5215783907381176,-0.6011518748445495,0.0,0.68359375,1.6053773373814087e-06,-5.322265426880767e-07,0.011218680659942023,-0.17121269854575577,0.248971058631651,0.6578868098402076,23.940119648164092,0.26376190476190475,58.7890625,3.70574888954132e-07,0.06796028101507715,3.417448973864543,-7.48953138479365,9.787841171565837,0.3592328482456806,-0.4063187900667451,0.0005952380952380953,0.68359375,0.0030046273014410563,34.25334,0.04728638,34.11844,34.4653,-0.007432874,-0.51270413,0.0,0.68359375,1.8640546e-06
S6,2,0.00040999343856472505,0.3118823951650213,-0.4634483993402766,1.7167080117309204,3.172336354777352,12.41203423157261,0.010976190476190476,6.15234375,0.0002586865951631677,7.975898742675781,0.09731675875852747,7.6251983642578125,8.295440673828125,0.7025288146298423,0.6992498081361096,0.0,0.68359375,1.2050904436700468e-06,-5.225815207093188e-07,0.011021744357979217,-0.17121269854575577,0.248971058631651,0.5377194621568714,23.662830187204435,0.2670238095238095,60.15625,3.540079680766078e-07,0.02295916210685712,3.38144741724613,-7.051143055307094,10.543400761990213,0.520056211583517,-0.0945515548283069,0.0005476190476190477,0.68359375,0.0027936674817469194,34.19762,0.047477208,34.06967,34.401,0.22053304,-0.38123488,0.0,0.68359375,1.7957435e-06
S6,2,-0.00016670264145369725,0.31052071613074794,-0.4378387154634586,1.7167080117309204,3.1892566225585663,12.484287333495498,0.010880952380952382,6.15234375,0.00026109417869309956,8.14683286576044,0.1846986067371894,7.8907012939453125,8.783721923828125,0.9232497584141968,0.6670744901392509,0.0,0.68359375,9.128304850705681e-07,-9.96289320706641e-07,0.009511374535970122,-0.14817696920171808,0.10604583927500832,-0.1733733094616611,9.582142810292112,0.277,50.5859375,2.5123946098209147e-07,-0.09495197850651176,3.4300742577962593,-7.217764857400681,10.543400761990213,0.6102803249417186,0.19550094671858043,0.0005952380952380953,0.68359375,0.003098998686346783,34.12894,0.051243786,33.970703,34.313812,-0.47343376,-0.41240788,0.0,0.68359375,1.7237021e-06
S6,2,-0.0003216154824638499,0.3164730526877522,-0.4933276682406827,1.7362468565300184,3.1038533188656614,11.827140093577224,0.010571428571428572,6.15234375,0.0002752532150981434,8.518051665169851,0.3058403658498737,8.023452758789062,9.286880493164062,0.44183162688109834,-0.6933144243137899,0.0,0.68359375,2.1304729772933003e-06,-1.285563802884384e-06,0.009071475030179783,-0.14817696920171808,0.10604583927500832,-0.043678261050773416,9.976357282848547,0.2801666666666667,65.625,2.297841986271745e-07,0.0384047805845135,3.2359329711503158,-7.217764857400681,7.330975621654339,0.22264976127784664,-0.44452826637749254,0.0006428571428571428,0.68359375,0.003225878444925236,34.04784,0.061389267,33.87796,34.27411,0.11003367,-0.6023519,0.0,0.68359375,1.6297535e-06
S6,2,3.01316699161106e-05,0.3133841362891668,-0.4933276682406827,1.7362468565300184,3.1460510447496044,12.130004561912276,0.010880952380952382,6.8359375,0.0002806594927167757,8.748202033269973,0.1703313493670922,8.467483520507812,9.286880493164062,0.8257049328732697,0.0018607694449812584,0.0,0.68359375,2.4002244159643937e-06,-2.196635573847777e-07,0.00984743836403223,-0.10578589986180634,0.12300057273618809,0.30137913741596845,9.723173659023706,0.29442857142857143,58.10546875,2.730966545664603e-07,0.016928862577483668,3.356736098242437,-6.84338553119912,7.008420561285023,0.2065331680555337,-0.8880942786185146,0.0005476190476190477,0.68359375,0.002525858140545944,33.958057,0.05542835,33.81418,34.167206,0.14006719,-0.84272647,0.0,146.97265625,1.5531125e-06
S6,2,-0.00010796311133677487,0.3017805934531153,-0.42851763945506066,1.6874048637462045,3.3336005638720496,13.502813678860338,0.010976190476190476,6.15234375,0.0002618883036658527,8.857321848188128,0.16196194429402083,8.593368530273438,9.222030639648438,0.22378205394608863,-1.2669376008703404,0.0,0.68359375,7.889799525517001e-07,1.4660689539806263e-06,0.008498482961456928,-0.09402079868244619,0.12300057273618809,0.34344961945639735,12.75603085145761,0.3186904761904762,58.10546875,2.0255013809209376e-07,-0.029175518791201272,2.4343103003442104,-6.014325110047754,6.797673914690974,0.3215362939533314,0.17433677702236539,0.0006904761904761905,0.68359375,0.001247398414691759,33.882793,0.046944838,33.729218,34.068115,-0.41416544,-0.26545787,0.0,38.28125,1.5104772e-06
S6,2,0.00014374862987736722,0.31365464198153287,-0.4336528767480144,1.6592934191458348,3.194139502819083,12.315747662257893,0.01030952380952381,6.8359375,0.0002836641296961864,9.221729705447242,0.2826973709472376,8.72039794921875,9.852218627929688,0.2115841766630388,-1.0208889468527953,0.0,0.68359375,5.46818179997983e-07,1.6311287914346255e-07,0.006636775756674579,-0.04751633601364459,0.03991656083082535,-0.03773774124646448,2.145370964019243,0.321547619047619,25.29296875,1.2527081839575178e-07,-0.019961378118373452,2.41440967397164,-6.9769493053531155,7.117966663150356,0.21691490097114935,0.8474428546122317,0.0007619047619047619,0.68359375,0.001736165124540112,33.798534,0.06354902,33.653442,34.01181,0.18969323,-1.0723318,0.0,0.68359375,1.4214563e-06
S6,2,0.000344160768625132,0.326772221004736,-0.4403556546486948,1.6592934191458348,3.0053483846912483,10.941959268301606,0.009833333333333333,6.8359375,0.00031301626012027645,9.644285737900507,0.22664959252710654,9.125900268554688,10.286331176757812,-0.12957061601507022,-0.7490875436295652,0.0,0.68359375,9.38602711925752e-07,-9.155784159247007e-08,0.007073457125175524,-0.04874406130794504,0.0412727639518298,0.039474035378508944,1.5504281751318736,0.30666666666666664,26.66015625,1.4320176605231316e-07,-0.033899314045230985,2.915328937153407,-6.9769493053531155,7.117966663150356,0.16835887140901437,-0.44196844852734074,0.0006428571428571428,0.68359375,0.0022516870562378755,33.7305,0.03516508,33.60498,33.91443,-0.17888968,0.46032786,0.0,252.9296875,1.3324271e-06
S6,2,8.454672538407412e-05,0.3192843387633078,-0.45524641460327386,1.6855290230889945,3.1044622846429557,11.7392063995805,0.011,6.15234375,0.00029565974254256084,10.068329938252766,0.28698185943446597,9.475326538085938,10.662078857421875,0.19972410646064404,-1.264934818424859,0.0,0.68359375,1.432467517882251e-06,-1.386539161591302e-07,0.007496283046109697,-0.04874406130794504,0.04412595286883511,0.09764576305316729,1.2891393685365564,0.29645238095238097,26.66015625,1.602380498876654e-07,0.054680258509386896,3.3849901081589726,-7.250417749470306,9.982716004327527,0.32795969707205713,-0.14704498719977854,0.0005476190476190477,0.68359375,0.002434748110563781,33.697758,0.033493873,33.603485,33.871887,0.2757538,0.18456483,0.0,239.2578125,1.3053788e-06
S6,2,-0.0003186234573622657,0.3168804879935754,-0.47225499379089875,1.6855290230889945,3.2029315890599532,12.420721200349156,0.012476190476190476,6.15234375,0.00028696035853948635,10.47951881771996,0.22088423675131114,9.981155395507812,11.035537719726562,-0.20456356734433462,-0.3380821795764768,0.0,0.68359375,1.6007549341070808e-06,5.416599698219628e-08,0.0072240713521302905,-0.03542616668548269,0.04412595286883511,0.11874221869677938,1.4792940762728746,0.2995238095238095,24.609375,1.4939672083834505e-07,-0.036340773580726175,3.6545672019631454,-7.250417749470306,9.982716004327527,0.32205135139575264,-0.4694241007202553,0.0005714285714285715,0.68359375,0.0028213382527436334,33.67755,0.022960752,33.59738,33.8248,-0.2207852,2.3157506,0.0,284.375,1.2877389e-06
S6,2,-0.0001618928885765129,0.32142018891280427,-0.47225499379089875,1.7276560649423391,3.1693315476694695,12.096629233539351,0.012928571428571428,6.15234375,0.00028025323998570254,10.624714070274717,0.15004845580886,10.370254516601562,11.130523681640625,0.8933697658127537,0.4270328981404643,0.0,0.68359375,2.215321629752952e-06,9.87417855502282e-09,0.0082520448313427,-0.07809655946123079,0.08956960008297354,0.04598604499402842,6.1616841528383866,0.29683333333333334,39.6484375,1.9285401680416574e-07,0.015331411837131652,3.127487458317097,-6.877630758468642,7.156793044646121,0.09631674440315009,-0.8747944408538033,0.0005952380952380953,0.68359375,0.0022876892132585405,33.673737,0.026140982,33.561066,33.82025,-0.28513825,1.4173207,0.0,328.125,1.3050749e-06
S6,2,0.0006069729764763148,0.32196659862296767,-0.4544177573792148,1.7276560649423391,3.139435180120362,11.874887429602156,0.013047619047619047,6.15234375,0.0002808833952677892,10.49957669576009,0.20212492714907904,10.110092163085938,11.130523681640625,0.4072630627142635,-0.053737493398533065,0.0,0.68359375,2.8499307574936374e-06,-1.2328489332043007e-07,0.008570587178611238,-0.07809655946123079,0.08956960008297354,0.04047638704338617,5.1869650603020805,0.29133333333333333,39.6484375,2.0895676453412053e-07,0.004139118089777769,3.1727625145692993,-5.365725884357275,7.593829058997977,0.16116731769562123,-0.9734649422080204,0.0005476190476190477,0.68359375,0.0019782826326470806,33.653305,0.032900333,33.555023,33.82025,0.0642391,0.03722143,0.0,276.171875,1.2672895e-06
S6,2,2.5580249731998053e-05,0.3250387009049096,-0.4544177573792148,1.699359139662052,3.0413811713998915,11.257573210819654,0.011476190476190477,6.15234375,0.0002937138505108786,10.268719636826289,0.19209318139180376,10.008621215820312,10.791778564453125,0.8360564832135072,-0.21929430121634086,0.0,0.68359375,1.9413840745473775e-06,3.50858272311952e-07,0.007863063870764358,-0.0645031145366246,0.08464234580731529,0.18054066478686817,4.4917648313665905,0.3100952380952381,25.9765625,1.7789082605494845e-07,-0.04713327777429518,3.4588655788294815,-7.124933585556599,8.62804531173047,0.3007106490240288,-0.6297005816893511,0.000619047619047619,0.68359375,0.0025649961357731435,33.65762,0.034529977,33.555023,33.82782,-0.017520742,-0.16088367,0.0,216.69921875,1.2703192e-06
S6,2,0.00022072896131537589,0.32425649057376243,-0.43109653859064806,1.6734807295010437,3.0258534288219803,11.219605879447647,0.011095238095238096,6.15234375,0.00027434103795312886,10.209343692234585,0.12044563361750137,9.820175170898438,10.549163818359375,0.15496844869415788,-1.2547103416092675,0.0,0.68359375,8.292154468092615e-07,-5.03253640625939e-07,0.01100154027587158,-0.10358716170796839,0.14903598073747204,0.902641076620564,16.828204429800365,0.31247619047619046,58.10546875,3.4967152792928965e-07,0.02904673074078188,3.827411479679342,-7.363189129711096,8.62804531173047,0.1444695190818348,-0.7653470051820506,0.000619047619047619,0.68359375,0.003223373839840344,33.639545,0.049695,33.49002,33.82782,-0.08233802,-0.97982264,0.0,242.67578125,1.2695715e-06
S6,2,-6.562407695059457e-06,0.3127512171203731,-0.45788499405453603,1.6376952752992826,3.1811956615284913,12.439493585135233,0.013166666666666667,6.8359375,0.00025797810833842917,10.407652246384394,0.155815326668489,9.820175170898438,10.696029663085938,-0.32655499424429596,-0.7624447151878737,0.0,0.68359375,4.942962066420234e-07,8.99182225091814e-08,0.01089402710234286,-0.10358716170796839,0.14903598073747204,0.9157052284798751,17.423034320820083,0.30923809523809526,58.10546875,3.4181464390024247e-07,-0.08452553241816516,3.648646542677592,-7.363189129711096,7.876183071428183,0.11489754965505924,-0.8636229787685088,0.000619047619047619,0.68359375,0.0028378487690224195,33.611347,0.030334,33.49002,33.77469,-0.04851332,0.5213959,0.0,197.55859375,1.21559e-06
S6,2,-0.0007535366423475242,0.3074926582534647,-0.45788499405453603,1.6376952752992826,3.2478920521513763,12.972477133244551,0.012404761904761905,6.15234375,0.0002669694664040004,10.633954638526554,0.11874096410348249,10.406494140625,10.916900634765625,0.2897048362502256,-0.8777916977589952,0.0,0.68359375,4.811388832059266e-07,9.41009789169275e-07,0.007869185841051477,-0.09364905740928992,0.14445234676533397,0.4367410504828782,11.944747875095553,0.31723809523809526,24.609375,1.7950395907400463e-07,-0.013282269056662244,3.5126448826727317,-5.751040006981443,8.637130763368413,0.38755663569373433,-0.7642854841060416,0.0005238095238095238,0.68359375,0.0021877199338720702,33.607838,0.029285181,33.517212,33.77469,0.1741469,0.64368916,0.0,248.14453125,1.2077109e-06
S6,2,1.2035422699420055e-05,0.3115694270388133,-0.4733732273815894,1.6623578950574514,3.218407722106332,12.638357948044614,0.01107142857142857,6.15234375,0.0002696045961112645,10.841253198896135,0.19768447722136673,10.57891845703125,11.449432373046875,1.438087104840787,1.2679216463254006,0.0,0.68359375,1.2223528592384569e-06,-8.898061036629277e-07,0.01149879166185348,-0.1382625230925722,0.14445234676533397,0.10497023219594348,11.089338943488901,0.2994047619047619,59.47265625,3.7211062010963236e-07,0.060484813868607205,3.7042651518710232,-11.641127111170004,11.75484074939541,0.29721835106660877,0.8156965934204932,0.0005952380952380953,0.68359375,0.0035363736662270013,33.580795,0.03519529,33.41446,33.733765,-1.2714082,2.622097,0.0,0.68359375,1.2029549e-06
S6,3,-9.242689603688781e-05,0.28057882267534046,-0.4460058071066169,1.6296881571565183,3.767701265527025,17.312741920669556,0.009714285714285713,4.1015625,0.00022962463040906625,8.690256264096215,0.08049254324480423,8.528518676757812,8.902359008789062,0.02070006545679362,-1.1133695056772848,0.0,0.68359375,1.8022325547699267e-07,-4.6870306923979415e-07,0.007108066451206228,-0.052436714299050106,0.05830377414907337,-0.10206719395573302,2.604724347527771,0.31473809523809526,23.2421875,1.441725632195506e-07,0.028227409980479002,1.7560623082403504,-5.0729643995888,3.990844990002262,-0.1058689501723599,-0.2685025570832358,0.0007619047619047619,0.68359375,0.0010028114206516935,34.188656,0.04062469,34.05139,34.347473,-0.49085253,-0.1571691,0.0,125.09765625,1.7537258e-06
S6,3,0.0001659713270999078,0.28658350837165386,-0.4727849421539116,1.6137756477559888,3.661392920859992,16.382177244193276,0.012880952380952382,4.78515625,0.00023353940918005909,8.580713399251302,0.05190837698183765,8.472824096679688,8.7249755859375,0.5456663603197839,-0.798810606513451,0.0,0.68359375,1.7604389151334033e-07,-1.7211858903325015e-06,0.021217013742357606,-0.266426821621991,0.23921670599309508,0.19496107382406844,17.68828046519228,0.3082857142857143,101.171875,1.2268240204147689e-06,0.08754581264816685,1.8860074250372498,-5.491197302697854,6.1555267203364155,0.15043413487931834,0.8395186508780159,0.0007857142857142857,0.68359375,0.0012689607481211475,34.218945,0.032431334,34.075775,34.45459,0.39800528,1.9743047,0.0,0.68359375,1.7895293e-06
S6,3,0.0007495354753986733,0.29669449422835215,-0.4727849421539116,1.625807556279688,3.5851469020455644,15.310074298611902,0.014023809523809523,4.78515625,0.00025259089966236774,8.486017862955729,0.06196357795466123,8.143234252929688,8.644866943359375,-0.23033138407632964,-1.2273824562911322,0.0,0.68359375,1.898638417891024e-07,-1.1152199728866872e-06,0.022314118854643898,-0.266426821621991,0.23921670599309508,0.19985430746185343,14.474008865959092,0.30552380952380953,84.08203125,1.4215108497658266e-06,-0.030676121962192448,2.3085969959124806,-5.67935833548944,6.1555267203364155,-0.04541389240632555,-0.20437983990502984,0.0007142857142857143,0.68359375,0.0018214015183138437,34.26104,0.05296444,34.075775,34.45459,-0.055344146,-0.80186605,0.0,0.68359375,1.8748395e-06
S6,3,0.00047688143019467916,0.2919585408661118,-0.42948912677030077,1.625807556279688,3.6570364718924244,15.914185344473278,0.01119047619047619,4.78515625,0.00024773789311394905,8.413252639770509,0.03251685130295946,8.143234252929688,8.5418701171875,0.8047837181553782,-0.04696989091131476,0.0,0.68359375,1.798115131120975e-07,1.341488321651253e-06,0.009573219823980092,-0.13660252913243637,0.10999745868757174,0.35667467726684055,15.042147294837207,0.32226190476190475,62.890625,2.3777407072925493e-07,-0.07175376213191757,2.141972393302284,-5.67935833548944,4.541836498806852,-0.20537587109236083,-0.3402753199865014,0.0005714285714285715,0.68359375,0.0012452417742129299,34.28098,0.035738017,34.153503,34.45459,0.025041616,0.3221736,0.0,144.23828125,1.9215977e-06
S6,3,-0.000724492019170562,0.2919586750262223,-0.5245602300552717,1.6345444117875432,3.6326773296871506,15.824043875825101,0.010738095238095238,4.78515625,0.00024460174698844777,8.382525752839587,0.027493530621508784,8.195114135742188,8.525466918945312,-0.2818092498592168,-0.4635464556599853,0.0,0.68359375,1.6795496465432977e-07,1.6730767709124918e-06,0.006661066672716372,-0.057529006908524465,0.0714463329290877,-0.1685345969186794,3.504690421796476,0.3283333333333333,27.34375,1.2732990824602914e-07,-0.00777230777226576,2.1272187577567707,-6.189098609041611,5.310641336089739,-0.15758496872063485,0.0651700233130077,0.0005952380952380953,0.68359375,0.001273754305648529,34.258606,0.026435273,34.153503,34.399475,-0.66382754,1.2281866,0.0,155.17578125,1.8812486e-06
S6,3,-8.803861338049859e-05,0.29161617461020345,-0.5245602300552717,1.6345444117875432,3.655105250192036,15.942856512201022,0.010333333333333333,4.78515625,0.0002433158193708972,8.348374303181966,0.03342971052729457,8.000564575195312,8.482742309570312,0.6496248358923058,0.18619741005135282,0.0,0.68359375,1.6858473364105627e-07,6.266440879295218e-08,0.006928192505749146,-0.07282147376820272,0.0714463329290877,-0.1852874705638572,4.050922333918738,0.31916666666666665,23.2421875,1.379496370400881e-07,0.02024025313566064,1.9216893685630412,-6.189098609041611,5.310641336089739,-0.3091865465018908,1.0213799260457614,0.0007857142857142857,0.68359375,0.001385894803452765,34.255608,0.026154319,34.16873,34.399475,-0.68808925,1.3290491,0.0,155.17578125,1.8606779e-06
S6,3,0.00011038210934074874,0.2858759088945558,-0.4070973032563827,1.6186137681887007,3.754706013501551,16.80559750715852,0.010166666666666666,4.78515625,0.00024010843439523438,8.30720297495524,0.026781687929158186,8.000564575195312,8.418655395507812,0.21035893127309993,0.2760192261711616,0.0,0.68359375,1.6055917316975032e-07,4.807547081490528e-07,0.006601824959272756,-0.07282147376820272,0.06431339337748529,-0.19787728886495565,3.0992167496133396,0.30604761904761907,26.66015625,1.2529323873386109e-07,0.02103328197615117,1.779393489816492,-5.258787661992372,5.072254963420761,-0.1484555797028371,0.8089193880777299,0.0009047619047619047,0.68359375,0.0013018295032375565,34.249546,0.02663419,34.164154,34.399475,-0.59546643,1.2761455,0.0,149.0234375,1.8437441e-06
S6,3,4.175469106524264e-05,0.2882832396136902,-0.416271677539637,1.6185902489895103,3.7211714098309563,16.48211049934995,0.011142857142857144,4.78515625,0.00023599378306342242,8.282276044573102,0.016117498861601097,8.199310302734375,8.41217041015625,0.4306601485105539,-0.24585647249975384,0.0,0.68359375,1.432223857555496e-07,2.3268036844538014e-07,0.011129713905537667,-0.16091712944929273,0.12700107500884367,-0.7414416899296072,26.665930749535498,0.2917142857142857,78.61328125,3.524291918008395e-07,-0.005684765086223203,1.5082913304904457,-4.5040058386286965,5.072254963420761,-0.0031796731550995426,1.5129773642935591,0.0008809523809523809,0.68359375,0.0009194128124254544,34.23246,0.028861688,34.12146,34.381134,-0.60730803,0.8803098,0.0,136.03515625,1.8139311e-06
S6,3,0.0005255600815673621,0.29049839276459544,-0.416271677539637,1.6185902489895103,3.6938305893497825,16.20425267284699,0.010928571428571428,4.78515625,0.0002369359606361211,8.256325658162435,0.025131343710035878,8.16802978515625,8.374786376953125,0.012999488662828108,-0.867880329745109,0.0,0.68359375,1.440884941061481e-07,-9.859383413855095e-07,0.011169196918548754,-0.16091712944929273,0.12700107500884367,-0.7377912537957972,26.25674988225554,0.29957142857142854,78.61328125,3.3272444306268213e-07,-0.014290950575465207,1.4550721004573703,-3.7712757444708562,3.7604218767675777,-0.053749841667391274,-0.0247752523898761,0.0008095238095238096,0.68359375,0.0008781956225128902,34.209618,0.02938166,34.115387,34.381134,-0.3306258,0.77655244,0.0,123.73046875,1.7938584e-06
S6,3,-0.0004572758842506493,0.284127637484283,-0.4001410424249442,1.6138704593312536,3.771720361349859,17.032858498258474,0.009857142857142858,4.78515625,0.00023333669045008575,8.225006648472377,0.0168778517903035,8.065414428710938,8.3160400390625,0.5467673602722766,0.35688140906355015,0.0,0.68359375,1.419518459913692e-07,8.019097955045558e-08,0.006465120242998039,-0.04676166333675556,0.032699304727995385,-0.20334334552684724,1.7173980190277147,0.31652380952380954,26.66015625,1.1931694887671516e-07,0.008224755627902336,1.5406474235065502,-3.7712757444708562,3.7604218767675777,-0.06338541519125997,-0.31337478315183764,0.0008095238095238096,0.68359375,0.0010230376016753227,34.195705,0.0255249,34.11081,34.338287,-0.62357825,1.6756735,0.0,175.0,1.7700297e-06
S6,3,-0.0005096973174754954,0.2851685072931031,-0.434945558200284,1.6119205322275931,3.736213690032759,16.79246801573936,0.01011904761904762,4.1015625,0.00023221451085826515,8.21314704531715,0.01461418323843303,8.065414428710938,8.307647705078125,0.10376943846829798,0.5999788393219814,0.0,0.68359375,1.4938445079790694e-07,5.565315192361693e-07,0.010479935319148627,-0.2733968502064077,0.1894313802321152,-1.4377446028302858,79.88965175418222,0.31511904761904763,70.41015625,3.3738552974376006e-07,-0.016557439398171676,2.393005372556973,-10.71605143407142,10.99312712699038,0.04086585348764101,8.58409753043581,0.0008333333333333334,0.68359375,0.0019173096433099176,34.184746,0.027206983,34.042236,34.338287,-0.51792306,1.2562618,0.0,140.13671875,1.7813704e-06
S6,3,0.0005607859512171536,0.2908591676519153,-0.434945558200284,1.612240231959591,3.6690325306062563,16.08813420545686,0.010261904761904762,4.1015625,0.0002435985387786165,8.213353002639044,0.015156565056607441,7.91473388671875,8.307647705078125,-0.04235144889382497,3.641495267731755,0.0,0.68359375,1.56768332095603e-07,-1.2316668141560056e-06,0.012378243821083199,-0.2733968502064077,0.1894313802321152,-0.9389037608331543,41.5273194991235,0.28495238095238096,70.41015625,4.626000791597469e-07,0.03648417431241933,2.5420399631290778,-10.71605143407142,10.99312712699038,0.09064285778098247,6.3190378052370235,0.0007619047619047619,0.68359375,0.0019983814240664417,34.17371,0.025867779,34.042236,34.327576,-0.5578239,1.7330513,0.0,140.13671875,1.8026582e-06
S7,1,0.0003174271376451817,0.26139776115116065,-0.8390340825228811,1.6285801445826025,3.0878338679081847,16.731586913692414,0.011714285714285714,7.51953125,0.00019041626721969998,12.95405660356794,0.06851618806166204,12.770843505859375,13.130569458007812,-0.3256553087437273,-0.6722777906544013,0.0,0.68359375,3.9814440193306727e-07,5.650277559947197e-07,0.021864822145934257,-0.18013479241944585,0.2803608755200329,0.6407575983237347,11.15711689574566,0.22876190476190475,45.1171875,1.3447325289931964e-06,-0.0015335574239385107,2.660671544410347,-5.441914264213099,6.67508279911639,0.07334910637815024,-0.7265463001796273,0.0007142857142857143,0.68359375,0.0022245121176827903,34.2268,0.038396116,34.042236,34.399475,0.0058473223,0.09231925,0.0,295.3125,1.7997729e-06
S7,1,-9.873912135872154e-05,0.258813278949713,-0.8517320640642577,1.6062606753912994,3.149753983992189,17.116698323803842,0.011023809523809524,7.51953125,0.0001867625788282672,12.812582324800037,0.1526470190369725,12.511444091796875,13.130569458007812,-0.09726966720767395,-1.216985645731965,0.0,1.3671875,3.766215408841615e-07,-6.049206545942739e-07,0.011619726933879606,-0.09488549553003622,0.10713638017903683,0.03817376212541938,4.239633237454898,0.23092857142857143,36.9140625,3.819638627444914e-07,-0.020727184661921357,2.8816598654695924,-5.441914264213099,6.67508279911639,0.2552443911727787,-0.753190224775151,0.0006666666666666666,0.68359375,0.002320613976786021,34.27756,0.040724616,34.141327,34.433136,-0.3779308,-0.29876924,0.0,294.62890625,1.9013705e-06
S7,1,-0.0002951634974214178,0.26030168042591906,-0.8517320640642577,1.5994910238857765,3.1322356844586845,17.070762378103495,0.010690476190476191,7.51953125,0.0001957923936655958,12.559804952712286,0.14780431068048955,12.242507934570312,12.886428833007812,0.2521481568029886,-1.0810194394193546,0.0,1.3671875,3.770166521710261e-07,-1.0736877266809837e-06,0.010649882381429443,-0.09488549553003622,0.10713638017903683,0.013938127972005207,5.815271098676524,0.2332142857142857,45.80078125,3.212569970316796e-07,-0.0026384138636667233,2.592997661126658,-4.74011612457771,6.577118774365067,0.2530913109716288,-0.92564078301438,0.0006666666666666666,0.68359375,0.0019689654955107033,34.311665,0.02785974,34.205383,34.445404,-0.7494526,1.0345774,0.0,265.234375,1.934461e-06
S7,1,0.0003753005664817416,0.2665671055182448,-0.8067345397469279,1.614845214091974,3.1259791788828326,16.635800390576698,0.010785714285714286,7.51953125,0.00018638332760434313,12.342096773783366,0.1103846545105282,12.108612060546875,12.612533569335938,0.1859815008941145,-1.0401305530883707,0.0,1.3671875,3.5507953436250583e-07,5.261455049349753e-07,0.007943701182157677,-0.06090450008520794,0.09162992545006485,0.07916169289379642,3.44062254616272,0.2386904761904762,34.86328125,1.761446268916806e-07,0.01917183775910952,2.185284891861954,-4.345747462993638,3.927809355791316,-0.004461111655613137,-1.3167880534237555,0.0007142857142857143,0.68359375,0.0016477147447536077,34.326912,0.028260257,34.222168,34.471405,-0.59786654,0.90220857,0.0,246.77734375,1.9564986e-06
S7,1,-0.00010057203409319951,0.266891949900387,-0.8067345397469279,1.614845214091974,3.1423418813851556,16.68486932467303,0.010809523809523809,7.51953125,0.00019430131704303974,12.18348900931222,0.080438896037939,11.97357177734375,12.42218017578125,0.3464686385548864,-0.7706081404278544,0.0,1.3671875,3.639063793791155e-07,-6.243819288276898e-07,0.009352710664871762,-0.21954546155939514,0.2042263450101685,-0.44696569086920623,34.72918916029757,0.23923809523809525,34.86328125,2.435676391065011e-07,0.0018189200541661853,1.9433136403290727,-4.345747462993638,3.5425739496609534,-0.011452450209793784,-1.2441480001441265,0.0007380952380952381,0.68359375,0.0014468891056427012,34.357258,0.03624224,34.222168,34.51587,-0.21866854,0.078323364,0.0,247.4609375,1.979119e-06
S7,1,-0.00035704629331466614,0.2637488336066696,-0.8116154226896181,1.6131367792516538,3.1751674542269663,17.094027515112632,0.010714285714285714,7.51953125,0.00020402089764858425,12.055780755905879,0.07180851958618784,11.882781982421875,12.234878540039062,-0.06832757863781332,-1.285722291247802,0.0,1.3671875,3.606263053916001e-07,6.659469351812761e-08,0.009935877036720223,-0.21954546155939514,0.2042263450101685,-0.16744870847229007,35.64624068879765,0.23233333333333334,37.59765625,2.745148568645135e-07,0.052928773098975396,1.9596702504925447,-4.488898177068917,4.445445904534767,-0.026722869563792585,-1.129593252464796,0.0007142857142857143,0.68359375,0.0014492460786157727,34.391315,0.030722417,34.249634,34.535797,-0.5797413,0.6824317,0.0,6.15234375,1.9945792e-06
S7,1,8.784184787817953e-05,0.26227866320198373,-0.8116154226896181,1.6105209091115529,3.190912613867931,17.315233968268096,0.010857142857142857,7.51953125,0.00019528154764084904,11.93490681421189,0.0692809800677083,11.753463745117188,12.1307373046875,0.09993742750099097,-1.0314998840712934,0.0,1.3671875,3.3835639696170334e-07,7.994741426105312e-07,0.012425700809476171,-0.13275944972004639,0.1968155006220893,0.3917777377923572,8.439620167882918,0.23152380952380952,37.59765625,4.3130619742574103e-07,-0.029023127401071526,1.9541683604852444,-4.488898177068917,4.445445904534767,-0.008574099434692607,-1.0437756485454468,0.0007619047619047619,0.68359375,0.0015652321065606461,34.40716,0.028845744,34.29242,34.54959,-0.5901146,1.0417318,0.0,13.671875,2.0008683e-06
S7,1,-7.123327421265737e-05,0.26276500935731245,-0.8031014714599491,1.603786161757622,3.220760408783405,17.307785995189327,0.010904761904761905,7.51953125,0.0001964484471492302,11.814727810450963,0.072670216182734,11.576080322265625,12.013626098632812,-0.22681328690931143,-1.1547259942035102,0.0,1.3671875,3.3100812492352285e-07,6.340320995703484e-07,0.013957208290414745,-0.09012839617058122,0.11896785370339544,0.1300990165590436,3.0820395120059656,0.2347857142857143,39.6484375,5.536580800729997e-07,-0.050367475746697934,1.6707667765301781,-3.664619000251187,3.276134672550756,0.007851043196921903,-1.1825660081074225,0.0008333333333333334,0.68359375,0.001308250092152433,34.415375,0.028781025,34.29242,34.54959,-0.689409,1.0073423,0.0,216.69921875,2.0118703e-06
S7,1,-6.981610972285326e-05,0.25958080369329467,-0.8031014714599491,1.603786161757622,3.277919835610556,17.757261742696258,0.011357142857142857,7.51953125,0.00018945459112541222,11.708553468613397,0.05663295892301783,11.576080322265625,11.891555786132812,0.6846841902284543,-0.7961720412150255,0.0,1.3671875,3.106231439328017e-07,2.55566048208081e-06,0.016521492150358186,-0.12292716798123729,0.15499720868726025,0.22369952985064537,3.33509414321364,0.23214285714285715,60.15625,7.808522868605418e-07,0.04857313175447798,1.745371941373456,-3.3225985113979584,3.5748794345376416,-0.010278261390101231,-1.263814801320642,0.0008333333333333334,0.68359375,0.0014503837686568577,34.429714,0.029491978,34.313812,34.5849,-0.5276955,0.87713003,0.0,138.0859375,2.018342e-06
S7,1,0.00013502254910429488,0.25576880384956036,-0.8001082215821739,1.5961997242807135,3.3143657548176866,18.29544735934182,0.011261904761904761,7.51953125,0.00019380984503579687,11.637652651468914,0.03078448615817949,11.489105224609375,11.769485473632812,-0.0411744464607982,-0.8703627667224345,0.0,1.3671875,3.154903593057944e-07,-1.2118321537890502e-06,0.020968719404820268,-0.12292716798123729,0.15499720868726025,0.26373473091368593,2.0387830182821043,0.22797619047619047,37.59765625,1.2704096126312164e-06,-0.0032886104988300584,1.6211817885729298,-3.3225985113979584,3.5748794345376416,0.011078856298358638,-1.1446632226063553,0.0008571428571428571,0.68359375,0.0012812086506994085,34.45107,0.030435028,34.313812,34.601746,-0.5926094,0.8172662,0.0,237.20703125,2.0034224e-06
S7,1,0.00010605815991156669,0.258344343115764,-0.8001082215821739,1.6039306467249845,3.3018842859165165,17.979421331800253,0.010904761904761905,7.51953125,0.00019234473825882977,11.597849064781553,0.027149181250172003,11.431503295898438,11.717605590820312,-0.922688061963991,1.2549475306268896,0.0,1.3671875,3.17788033187584e-07,-2.012358564258791e-06,0.02026901642547074,-0.11473726444221169,0.1219430100031419,0.16278320689450282,1.4473080377416174,0.22597619047619047,47.16796875,1.1824938724675324e-06,-0.010003178998028505,1.4029716375691905,-2.5425682886397576,2.6286926412973406,0.031232921488616498,-1.2801657432959932,0.0008571428571428571,0.68359375,0.0009846010278208002,34.467274,0.028355014,34.350525,34.609436,-0.71734905,1.1037469,0.0,187.3046875,2.0132493e-06
S7,1,8.723457710168354e-05,0.2533968913648262,-0.7955052047174805,1.6039306467249845,3.3942923142418793,18.94146486916,0.010642857142857143,7.51953125,0.0001734733900197598,11.544144248962402,0.04576424880405769,11.388778686523438,11.71112060546875,0.19656809795432012,-1.3873998279188793,0.0,1.3671875,2.9491904764772396e-07,4.024092294027307e-07,0.01572616766484249,-0.08510344311875133,0.09609720423951071,0.1487926718444814,1.2815133281490745,0.22895238095238096,43.06640625,7.005995633987917e-07,0.045333416386632575,1.5919859383626123,-2.981587222414981,2.7988522466469195,-0.016960551957441818,-1.3128072323068039,0.0008095238095238096,0.68359375,0.0011151727696704049,34.453636,0.033624403,34.338287,34.609436,-0.43010056,0.29195595,0.0,6.15234375,2.0403427e-06
S7,1,3.1336805516376955e-05,0.2557961260798162,-0.8152184969031554,1.6031715830065243,3.3397356959457056,18.518239728846893,0.010714285714285714,7.51953125,0.0001910037232025434,11.482381402878534,0.02779695587806863,11.37237548828125,11.60888671875,0.0924288531847675,-0.7124895537339948,0.0,1.3671875,2.988695553944155e-07,2.2719505197956123e-06,0.016713574843574153,-0.10976307012666506,0.1273613314096132,0.41965560573434546,2.330968434601541,0.23040476190476192,44.43359375,7.875660045566832e-07,-0.019606082083291607,1.6453527522276812,-2.981587222414981,3.882775393891423,0.14711232062810561,-1.1461350170317097,0.0008095238095238096,0.68359375,0.0012436662012255658,34.433163,0.028012894,34.31073,34.58026,-0.7111967,1.0693336,0.0,6.15234375,1.9949932e-06
S7,1,-2.5847073614265947e-05,0.2576738022315969,-0.824973868069886,1.6031715830065243,3.252125388581512,18.018666574086893,0.011285714285714286,7.51953125,0.0001966721469450687,11.431217793055943,0.03416986814503407,11.217880249023438,11.563491821289062,-0.18328186852830727,-0.8849612562397264,0.0,1.3671875,3.0178754314434377e-07,1.842245926549458e-07,0.019062255076541815,-0.11865588711935833,0.13650680221704126,0.3350320192349123,2.122244001528993,0.2261904761904762,40.33203125,1.043597048507897e-06,-0.005410297970425674,1.486798610488737,-2.949205623371743,3.882775393891423,0.17550319791889385,-0.9850816920350596,0.0008333333333333334,0.68359375,0.0010852250409094512,34.461704,0.042155266,34.31073,34.632446,-0.12964268,-0.34059238,0.0,13.671875,2.0168989e-06
S7,1,-6.561463269999464e-05,0.24888284427908125,-0.824973868069886,1.604258652218874,3.404590396266622,19.68785694808027,0.010952380952380953,7.51953125,0.00018026688505155366,11.36978484562465,0.03656693865834567,11.217880249023438,11.50054931640625,0.2464156530585182,-1.3025857939794923,0.0,0.68359375,2.920837312960482e-07,-3.5910125436662137e-06,0.017199860636828716,-0.11865588711935833,0.13650680221704126,0.24621752297276173,2.167830733073707,0.2254047619047619,47.16796875,8.409417399768905e-07,0.033036022191462074,1.6607130266086862,-4.379057389720357,4.467496714589389,0.01697156895266972,-0.6677689216794738,0.0008095238095238096,0.68359375,0.0011848218211093708,34.493557,0.028934231,34.376526,34.632446,-0.71942115,1.2228498,0.0,38.28125,2.098903e-06
S7,1,-6.598028267634986e-05,0.24711729663207796,-0.7801606055019005,1.604258652218874,3.5421380145306927,20.572644416361275,0.01042857142857143,7.51953125,0.00017678802200295923,11.331979579017275,0.014141178824334648,11.254119873046875,11.442947387695312,0.333536907255363,1.5829859050183757,0.0,0.68359375,3.028408865561179e-07,6.62554384789689e-07,0.016310700421854812,-0.08054856273941127,0.08649374974823835,0.12589275092673263,0.9970880689878188,0.2266904761904762,43.06640625,7.542737465453455e-07,-0.011267855241641003,1.6405188880870527,-4.379057389720357,4.467496714589389,0.05662822866220431,-0.640355323995792,0.0007857142857142857,0.68359375,0.001123006391020483,34.50049,0.028114045,34.401,34.6463,-0.74544054,1.3119206,0.0,108.0078125,2.0650286e-06
S7,1,0.00025332546411312954,0.2638583277450381,-0.8661741370411238,1.6048471788628191,3.1807457521245563,17.29588465121542,0.011119047619047619,7.51953125,0.00020584960065107228,11.318579037984213,0.017814594655668963,11.168289184570312,11.420059204101562,0.0037766431272373423,0.5929671114054966,0.0,0.68359375,3.241407706920164e-07,1.64242855745506e-06,0.01878951059297055,-0.14167001869820428,0.13304088845739254,0.015423994866731058,1.8690871780855076,0.22785714285714287,54.6875,9.917568290198347e-07,-0.04081441980999397,1.3499906959469203,-2.7204873036985475,3.165477208911464,0.16387252668624516,-1.055838748699475,0.0007857142857142857,0.68359375,0.0007898042799261183,34.510006,0.029381668,34.39029,34.66623,-0.66328347,1.0360432,0.0,60.83984375,2.0718037e-06
S7,1,0.00027969288155512415,0.25990986409838107,-0.8661741370411238,1.6048471788628191,3.116930186386915,17.497812410831028,0.01130952380952381,7.51953125,0.00020212593479306096,11.301460302443731,0.019835890528651843,11.168289184570312,11.41815185546875,0.2127621816377905,0.5922013565045776,0.0,0.68359375,3.2067922098450524e-07,-6.258452433857712e-07,0.01674788716946804,-0.14167001869820428,0.13304088845739254,-0.017904735313975854,3.418294513985841,0.23742857142857143,54.00390625,7.939610694516967e-07,-0.02212128771037727,1.8036561079979754,-4.393224298024483,4.172587393486406,0.07015071805425932,-0.7637169345387478,0.0007619047619047619,0.68359375,0.0013385397085644863,34.508602,0.02953114,34.39029,34.66623,-0.67204064,0.9933779,0.0,71.09375,2.082295e-06
S7,1,3.6497569983261003e-06,0.24508359278589842,-0.8639400933312004,1.5968125832017444,3.355012531577206,20.176845531693846,0.010928571428571428,7.51953125,0.00017380351102648083,11.272931743803479,0.025652821902201313,11.16943359375,11.406326293945312,0.15855601196757407,-0.5242355521990754,0.0,0.68359375,3.0988747469407105e-07,-1.0682996318439691e-07,0.011515248421745923,-0.10520570323905704,0.1525231868971938,0.1119920287481465,4.713956272340299,0.24552380952380953,54.00390625,3.682447835410589e-07,0.06677285021029644,2.0406429524234517,-4.393224298024483,4.172587393486406,0.04070362946314178,-1.0647667500275235,0.0008095238095238096,0.68359375,0.0017425334357596633,34.491882,0.03183989,34.376526,34.641663,-0.66721064,0.55544305,0.0,54.00390625,2.0741516e-06
S7,1,-6.023310057412502e-05,0.25507580669141705,-0.8496742616261371,1.6007857871696487,3.2477043668958196,18.39538383922774,0.01107142857142857,7.51953125,0.00018741719785412932,11.232306843712216,0.027433123673234118,11.09466552734375,11.354446411132812,-0.12102282354763011,-0.7285325665081444,0.0,0.68359375,3.04709608442851e-07,-5.014437277531701e-07,0.01800331961150455,-0.24060851764013158,0.2451940861204548,0.7544164251438721,14.116373140782006,0.23757142857142857,49.21875,9.15822253364439e-07,-0.00862079120684822,2.2174228531714135,-5.181952133420205,5.283934975265687,0.07583294675528406,-0.8202300210147762,0.0007619047619047619,0.68359375,0.0018319029560985571,34.47929,0.033045515,34.353546,34.629395,-0.41328838,0.40833426,0.0,137.40234375,2.074481e-06
S7,1,-0.00032318233003793934,0.26005412148440327,-0.8336344943746844,1.6007857871696487,3.2428848187560044,17.604573942708466,0.011047619047619047,7.51953125,0.00020105587908597852,11.211609304518927,0.01725650467332075,11.074447631835938,11.346817016601562,0.15007886774421358,0.7136368879343244,0.0,1.3671875,3.03104626074738e-07,1.8883898106898583e-07,0.01889112954218715,-0.24060851764013158,0.2451940861204548,0.6715888870619685,11.203646054354493,0.2275,49.21875,1.0255482800281206e-06,-0.055271977763891894,2.3003935394875903,-5.181952133420205,5.283934975265687,0.0016100169140326071,-0.9605702842695858,0.0007142857142857143,0.68359375,0.0019360727722079498,34.47936,0.033915676,34.353546,34.629395,-0.3971051,0.30998206,0.0,137.40234375,2.055976e-06
S7,1,-0.00025833425841564374,0.25947906263241205,-0.7719582681052558,1.6080711717648897,3.3535432003147867,18.054459273887524,0.010857142857142857,7.51953125,0.00019747694840420609,11.195732180277506,0.02477094630540621,11.047744750976562,11.299514770507812,-0.34130916157829,-0.3581533791540128,0.0,1.3671875,3.1066718632037044e-07,7.189723164824747e-07,0.014261273121734802,-0.09644097973172379,0.12058513474563126,0.3127699773007981,2.1813269960478863,0.22630952380952382,36.23046875,5.836127654761533e-07,-0.010227686142884695,2.1047089014706852,-4.424481799966304,3.6808221743147693,-0.06415196773508419,-1.1959298209167066,0.0007380952380952381,0.68359375,0.00168983341960611,34.503586,0.03875864,34.37039,34.660095,-0.48281646,0.033377886,0.0,174.31640625,2.1102785e-06
S7,1,0.00012350845247473486,0.26211414537004846,-0.7735620460383148,1.6080711717648897,3.354557994469419,17.911129207673223,0.010857142857142857,7.51953125,0.00019482494364093892,11.17898554120745,0.019329561241585795,11.037445068359375,11.299514770507812,0.09955515771781602,0.39204538720313,0.0,1.3671875,3.1716543057121696e-07,-8.72950406072771e-08,0.013167307884355285,-0.1442189849545518,0.12058513474563126,0.2614766320130607,3.186470255265715,0.23445238095238094,44.43359375,4.952295284243456e-07,0.029070733392400634,1.8397367035479493,-4.117899079213293,3.6417787653063436,-0.04781995932694692,-1.1162822604916292,0.0006904761904761905,0.68359375,0.001157512021071714,34.52942,0.028567044,34.40866,34.66162,-0.7868171,1.0775318,0.0,159.27734375,2.1809772e-06
S7,1,4.2409403880664345e-05,0.26486416212210506,-0.7759101764665898,1.606385575414085,3.296847467077905,17.368567321007628,0.010952380952380953,6.8359375,0.00020061488431345558,11.194023840767997,0.02862676432689625,11.0260009765625,11.321640014648438,0.7652138155424248,0.2383251568166389,0.0,1.3671875,3.296226771449109e-07,-6.994632581847272e-07,0.010469113189697947,-0.1442189849545518,0.1073479022794156,0.010958100891903294,2.9375070649742767,0.2379047619047619,29.39453125,3.1352610528067097e-07,0.030222960071023694,2.1572922862533757,-6.876887784146665,7.273076511426401,0.06982599473907806,1.0024347010426595,0.0007142857142857143,0.68359375,0.0014762446384261883,34.53238,0.028562808,34.428528,34.66623,-0.82051015,1.0646296,0.0,190.72265625,2.1790565e-06
S7,1,-2.850243659037776e-05,0.2568517116703144,-0.7778249046826812,1.6029643510425542,3.381524314627118,18.537895224958998,0.011761904761904762,6.8359375,0.0001881145576107929,11.213544554937453,0.023758569700518917,10.982894897460938,11.327743530273438,-0.05620755288078588,0.40491449468942875,0.0,0.68359375,3.3062547347536334e-07,-1.326598512020988e-07,0.011412075515548485,-0.09137485372679963,0.10746101040450806,0.03303764351433106,2.7662322033706968,0.23397619047619048,47.16796875,3.753975334338368e-07,-0.007578599760587676,2.175005740108471,-6.876887784146665,7.273076511426401,0.14316323721733631,1.0593643838064821,0.0007857142857142857,0.68359375,0.0015912775497925011,34.542862,0.04137443,34.40866,34.74771,0.16623597,0.32824993,0.0,190.72265625,2.137399e-06
S7,1,-0.00016486986324854429,0.2515304804983992,-0.809041418944796,1.6051148919861609,3.4491450784780677,19.50111277885453,0.01180952380952381,6.8359375,0.00018229742520411713,11.198321524120512,0.026036741930105963,10.982894897460938,11.327743530273438,-0.3911326160331588,-0.08048865134760952,0.0,0.68359375,3.0944610972138236e-07,1.2373399923608096e-06,0.013920066835379816,-0.1148967858645437,0.11671569160321756,0.10979991184084446,4.665490351146327,0.23602380952380952,53.3203125,5.550633836892465e-07,0.014497909671939991,1.8249889184519386,-3.7037833695116604,4.723529614804722,0.14076207556933223,-0.7529126284238497,0.0007857142857142857,0.68359375,0.0014022605533679903,34.591835,0.05612567,34.40866,34.770813,-0.5287164,-0.5143759,0.0,171.58203125,2.2301685e-06
S7,1,0.00026463521468849066,0.2571681467875004,-0.809041418944796,1.6051148919861609,3.415032940634014,18.650753731735808,0.011,6.8359375,0.00018878516228724938,11.172470338003976,0.018776534596083146,11.075592041015625,11.287307739257812,0.12362705129758879,0.7601397174711306,0.0,1.3671875,3.047485840866655e-07,-8.942745545239015e-07,0.01572023443801248,-0.1148967858645437,0.11671569160321756,0.11228462353365,2.5662094034688057,0.23711904761904762,52.63671875,7.048257250275566e-07,0.0009402252539837372,1.7531650072157179,-3.7037833695116604,4.723529614804722,0.09080879117297024,-0.9130833941894836,0.0007857142857142857,0.68359375,0.0013548296905177685,34.610207,0.035753723,34.494415,34.770813,-0.29734942,0.29212904,0.0,153.80859375,2.236715e-06
S7,1,0.0003681505592691747,0.25956632862294693,-0.7962826724562587,1.6082490533933471,3.3943425818312862,18.32049654129984,0.010738095238095238,6.8359375,0.00019230753658042217,11.171893573942638,0.01667875456810691,11.02294921875,11.278915405273438,0.05549970140590261,1.483299867493412,0.0,1.3671875,3.157151307937e-07,-1.4405853796742846e-06,0.016357774289777433,-0.09449354943073765,0.09404194583342367,0.07604645544877434,0.6626988262065479,0.23361904761904762,49.90234375,7.594850909121584e-07,-0.010187715435334041,1.432965464150971,-2.6476451164578174,2.7710401478572724,0.03719718596046271,-1.3380707163630894,0.0008333333333333334,0.68359375,0.0010090708191275403,34.591328,0.027948186,34.494415,34.73236,-0.873575,1.4394808,0.0,166.11328125,2.14963e-06
S7,1,-0.00021240751373206659,0.25890302452610264,-0.8116109762840382,1.6082490533933471,3.3294559710174263,18.188966446452035,0.010833333333333334,6.8359375,0.00019228340785986094,11.168547212509882,0.01723674372279472,11.02294921875,11.278915405273438,0.47479335002699846,0.6901102624080488,0.0,1.3671875,3.0879647790195e-07,-8.495709265763496e-08,0.015886158927582113,-0.09449354943073765,0.08014849036191889,0.04700811906862794,0.9352010393356993,0.23302380952380952,35.546875,7.227755340502901e-07,-0.04078527573787715,1.604712047154797,-2.957903740654754,3.2579398891563303,0.06143518212366336,-1.2764627958112134,0.0008333333333333334,0.68359375,0.0012302680887809226,34.57557,0.033330668,34.45764,34.73236,-0.56358576,0.4931581,0.0,132.6171875,2.170381e-06
S7,1,-0.00033421068741925665,0.2553859258439016,-0.8567433531010398,1.609285538304878,3.2897463432203646,18.44316528512395,0.010833333333333334,7.51953125,0.0001841952944087368,11.168220165797642,0.018758798726511153,11.05804443359375,11.282730102539062,0.607394534121526,0.34203737461190764,0.0,0.68359375,3.210989485056848e-07,6.363880268959193e-07,0.019023545778560868,-0.16060869917967655,0.24934228346189458,0.3841270232359287,7.888683590154217,0.23338095238095238,49.90234375,1.03791158005069e-06,0.012104214294896963,1.8213398664536233,-4.832712651682771,4.136753202933035,-0.02403303367782883,-0.7277888430848405,0.0008333333333333334,0.68359375,0.0014118962962266048,34.532734,0.046153177,34.371918,34.69388,-0.5632788,-0.31401634,0.0,135.3515625,2.1163714e-06
S7,1,-0.00012888753399649644,0.2569934308505176,-0.8567433531010398,1.612422944649598,3.180462029857714,18.11565722371082,0.010452380952380953,7.51953125,0.00019026967552279034,11.180685025169735,0.018021713046966908,11.043548583984375,11.306381225585938,-0.06794499521456747,0.7085597233952448,0.0,0.68359375,3.3131963607936655e-07,-4.600623198082581e-08,0.021100480020754795,-0.16060869917967655,0.24934228346189458,0.6180293965421181,8.753127483668186,0.2330952380952381,49.21875,1.2800914838769586e-06,0.017961781845428598,1.7541441871497019,-4.832712651682771,4.136753202933035,-0.06768454366088963,-0.4963101351733048,0.0008333333333333334,0.68359375,0.0012263356225218412,34.491474,0.04087406,34.34134,34.687744,0.3090164,0.3410852,0.0,136.03515625,2.1018993e-06
S7,1,0.00010234809695821631,0.2624622772712143,-0.8462977377722274,1.612422944649598,3.192971416899061,17.60507229590869,0.010976190476190476,7.51953125,0.00018473615527221318,11.159838849022275,0.028442116144960384,11.043548583984375,11.306381225585938,0.11839513442321134,-1.0277266747149068,0.0,1.3671875,3.138389245861864e-07,1.4335549194646012e-07,0.01798886186989324,-0.15360055448424415,0.23302771083392992,0.6892391042744648,7.933132217591552,0.2314047619047619,41.69921875,9.337031229542568e-07,-0.03265160468268056,1.8563228902762323,-4.040907346490563,3.4689027147510085,-0.07837884964203272,-1.0569922325514491,0.0007857142857142857,0.68359375,0.0014272431486956033,34.50239,0.03892875,34.34134,34.663177,-0.266581,-0.10996771,0.0,21.19140625,2.1106232e-06
S7,1,0.00013827177130244593,0.2683433501175927,-0.795897693061644,1.6170462759988746,3.2187752721245486,16.99485262647,0.011476190476190477,7.51953125,0.00019243872630537046,11.157090868268694,0.028872408692042655,11.06414794921875,11.288833618164062,0.3043582554096599,-1.0001705725897159,0.0,1.3671875,3.2795045672321693e-07,-2.895603994215387e-08,0.014943672317319296,-0.10960375483232376,0.09138508317593735,0.4200768152766317,1.481229753857952,0.2315952380952381,42.3828125,6.33137587204378e-07,-0.0257236237599364,1.9475935972607354,-4.040907346490563,3.4689027147510085,-0.10356124145992182,-1.1561341217658576,0.0007380952380952381,0.68359375,0.0014864621486982853,34.53598,0.029292352,34.404053,34.670868,-0.7757516,1.0117846,0.0,216.69921875,2.087228e-06
S7,1,0.00010334710624240888,0.2745322193800966,-0.795897693061644,1.6170462759988746,3.137091710775444,16.01709503174123,0.0115,6.8359375,0.0002009481598260741,11.181583023071289,0.019481872755292205,11.060333251953125,11.28997802734375,-0.7664807987492536,1.9715351229570075,0.0,1.3671875,3.2624511796053845e-07,-9.098542139951083e-07,0.013652922871327336,-0.10960375483232376,0.09138508317593735,0.3849896232439262,1.6019332828306654,0.22826190476190475,42.3828125,5.298953591618666e-07,0.043970016324453125,1.9511655185681487,-4.556303584598049,3.709550989738595,-0.21065753788784636,-0.9649979805452373,0.0007619047619047619,0.68359375,0.0014613417179750474,34.54482,0.028634807,34.411713,34.69388,-0.8215619,1.1632123,0.0,8.203125,2.1119454e-06
S7,1,1.4438675542606429e-05,0.26238861408199465,-0.7906558335753281,1.6032384136815183,3.3394675674859213,17.8410862012903,0.012023809523809523,6.8359375,0.0001816081515205326,11.195848610287621,0.022885913062925933,11.060333251953125,11.312484741210938,0.5519536684594228,-0.24044864321612103,0.0,1.3671875,3.1448626996114287e-07,1.766878215386444e-06,0.01518791784786868,-0.09739329546188877,0.14266847080542075,0.5240097452800891,3.6941017240263774,0.22445238095238096,35.546875,6.555740834502222e-07,0.08540596871869935,1.9516868246672125,-4.556303584598049,4.991823650226675,-0.0789026426023714,-0.7254992926007535,0.0008095238095238096,0.68359375,0.001515138111994946,34.535645,0.0317429,34.38568,34.69388,-0.604553,0.65102386,0.0,51.953125,2.1267886e-06
S7,1,-0.00017229617798428037,0.24691833183199882,-0.7674726546541308,1.5985196912358195,3.6453777520901403,20.838110454920606,0.011595238095238096,7.51953125,0.00017426413612132513,11.20362373533703,0.020678541808094236,11.109542846679688,11.312484741210938,0.2530580238771374,-0.2185328172703498,0.0,0.68359375,3.1010937463021646e-07,5.861411967459929e-07,0.014688101040086478,-0.09739329546188877,0.14266847080542075,0.4991199978038631,4.085978330964564,0.22457142857142856,36.23046875,6.184753047841224e-07,-0.023531643795854637,1.8566079292294295,-4.768029514021666,4.991823650226675,0.02372083090547026,-0.6724738730635673,0.0007619047619047619,0.68359375,0.001342722792476178,34.55968,0.046831507,34.38568,34.75232,-0.14129226,-0.57270503,0.0,15.72265625,2.1537114e-06
S7,1,0.00013876559440862844,0.2545882914750884,-0.8180253994134182,1.6004641444980652,3.4637453852347155,19.219425757137554,0.010785714285714286,7.51953125,0.00018255528385748726,11.192340133303688,0.016500748585364954,11.0595703125,11.293411254882812,0.4860527204587696,0.7611597789529001,0.0,1.3671875,2.9007120591541125e-07,-1.562332886913391e-06,0.013986294669170793,-0.109362225820876,0.12584746733214208,0.17045812769787733,3.362328847696224,0.22257142857142856,36.23046875,5.601643744341718e-07,-0.06291789105496198,1.6699451868020863,-4.768029514021666,3.0644604884664024,-0.13782312425052276,-0.7466851609571132,0.0007619047619047619,0.68359375,0.0010876791085232135,34.596317,0.032743797,34.471405,34.75232,-0.6378896,0.6068227,0.0,220.1171875,2.2014688e-06
S7,1,2.5231347126126142e-05,0.2568176329042191,-0.8311338180791211,1.6004641444980652,3.334387284165209,18.662047375489106,0.011523809523809523,7.51953125,0.00018650443277724632,11.187558991568428,0.013489744514808834,10.999679565429688,11.272048950195312,0.3744236496081906,2.907430517896077,0.0,0.68359375,3.0108112925827275e-07,-1.8581046608186345e-07,0.013262211388406903,-0.1799440726937453,0.14805081876032783,0.16923785509038056,8.817142748062809,0.2287857142857143,36.23046875,5.065884322041088e-07,0.02931643094425369,1.571536935235931,-2.6731739454501757,3.18740987167515,0.06610986318523307,-1.20430074105464,0.0007857142857142857,0.68359375,0.0010102267565599012,34.591644,0.034693655,34.434692,34.75232,-0.5609398,0.45762682,0.0,192.08984375,2.217824e-06
S7,1,-0.0003373586941121824,0.25387144560204994,-0.8311338180791211,1.6197136668619407,3.3915948890963445,19.4189857138297,0.01219047619047619,7.51953125,0.0001843011503527534,11.20371648697626,0.02492884525368289,10.999679565429688,11.357498168945312,1.120600775795452,1.1002433731929866,0.0,0.68359375,3.2121441467928514e-07,-1.0435638032514376e-06,0.01526328101955815,-0.22351851542976323,0.15780092657345085,-0.13714547662436047,14.795570839390212,0.2356904761904762,51.26953125,6.484277205820433e-07,0.016943494899160267,1.7367064098381604,-2.859300941878999,3.18740987167515,0.06942546499575707,-1.3498470289884297,0.0007619047619047619,0.68359375,0.0012589536404488209,34.602673,0.03617159,34.434692,34.753876,-0.6929377,0.525074,0.0,176.3671875,2.219954e-06
S7,3,0.00029215794396618964,0.257651554845928,-0.899827421450622,1.5962087021436235,3.1240374594680027,17.553662594839974,0.01130952380952381,6.8359375,0.00019469583059951524,11.859924252827962,0.03564445864534657,11.68975830078125,12.019729614257812,-0.2617573184805035,-0.5602593925903396,0.0,0.68359375,3.9970775114813237e-07,1.1212588008237919e-06,0.007620835079668752,-0.07741947710144667,0.07935073097830664,-0.0701750676192668,6.710728880507384,0.2966190476190476,43.06640625,1.66683582286091e-07,-0.06592587968805386,5.8943463858094605,-25.981742949811135,25.65907890546409,-0.062105110556881934,8.424010042504761,0.0006904761904761905,0.68359375,0.007411646924279033,34.460228,0.046884675,34.33676,34.667786,0.5148368,0.1646502,0.0,323.33984375,2.0875373e-06
S7,3,2.5966221214516247e-05,0.24419996527522753,-0.8159092564372706,1.609926185432643,3.314105855843729,19.785921378155606,0.011833333333333333,3.41796875,0.00016851151360718436,11.832841945829845,0.04990660629278614,11.503219604492188,12.054824829101562,0.9393609697601902,0.15250984574378057,0.0,0.68359375,4.080650490148051e-07,1.6044397739369006e-07,0.006235603396952873,-0.050080454730319,0.043644582019734444,-0.1481361619024584,2.4774510243558616,0.3047619047619048,35.546875,1.0996052631719057e-07,-0.030666739087520028,1.9629702247923255,-3.7562467923323535,5.013943051996138,0.36726725043551117,-0.4732734097590119,0.000619047619047619,0.68359375,0.0012880480029361912,34.425385,0.029244639,34.321472,34.56491,-0.64675826,0.90426373,0.0,302.1484375,2.0750213e-06
S7,3,-0.0003157569976741911,0.24698042103788992,-0.8475676191440406,1.609926185432643,3.2576264978909846,19.259315081393513,0.012809523809523809,6.8359375,0.0001768862965285888,11.905468986147927,0.0896706154772618,11.503219604492188,12.117385864257812,-0.25972944838461526,-1.3451159911480843,0.0,0.68359375,4.3022623974489726e-07,-1.8485049137325454e-07,0.006430549888010577,-0.050080454730319,0.03999003346191331,-0.16096963674072237,2.0957857755330958,0.31066666666666665,30.078125,1.1774966198790492e-07,-0.0050863819834170085,2.1471005392187013,-6.161926009676297,5.013943051996138,0.03569382109640015,-0.17017423276903854,0.000619047619047619,0.68359375,0.0014969521753345563,34.438152,0.03588052,34.321472,34.603302,-0.30019832,0.12067008,0.0,346.58203125,2.0632342e-06
S7,3,-1.8750471138284038e-05,0.24730781011652977,-0.8475676191440406,1.6078066630195584,3.312834555614875,19.409163478774914,0.012809523809523809,6.8359375,0.00017528255803967306,11.976253772917248,0.030292994521498147,11.71112060546875,12.117385864257812,0.3012932701274637,0.5065127860710334,0.0,0.68359375,4.10448750164095e-07,-4.3700525436312494e-07,0.00621091259139419,-0.03766940474562279,0.03326082666691288,-0.20280155640560754,1.849907183000326,0.30885714285714283,29.39453125,1.0906912121926512e-07,0.029216512291932974,1.9441018232456124,-6.161926009676297,4.271333584778891,-0.3498200192855333,-0.06582113621656438,0.0008571428571428571,0.68359375,0.0016833101933559718,34.45815,0.028718907,34.350525,34.603302,-0.71250826,0.9779105,0.0,58.10546875,2.0333623e-06
S7,3,-2.108989709059584e-06,0.24356739353059179,-0.7952490937629344,1.5971597781901692,3.4320063506310174,20.28213615752498,0.012857142857142857,6.8359375,0.00016868195095059432,11.940134947640555,0.04162220928053381,11.71112060546875,12.099838256835938,-0.19211156353739625,-1.0396247482422953,0.0,0.68359375,3.882053593500046e-07,-5.958112663696082e-08,0.006250216687656035,-0.03766940474562279,0.03419709042218872,-0.19614704235588484,1.8178401193609588,0.30528571428571427,29.39453125,1.108369223804642e-07,-0.005594260586574465,1.3923277659226863,-3.713230799787344,3.5709464402078894,-0.004558325644550891,-0.6809499352886443,0.0009285714285714286,0.68359375,0.0010975916725457827,34.45013,0.028358296,34.355103,34.583344,-0.7352326,1.0568542,0.0,283.0078125,2.0516732e-06
S7,3,2.7089912022230152e-05,0.2433359945406618,-0.8062425669029843,1.5947472956360913,3.443097994190023,20.305194532425595,0.01307142857142857,6.8359375,0.00017102072357908516,11.871818769545783,0.040754232428486144,11.734771728515625,12.02239990234375,0.12431379659570051,-0.9740560102397833,0.0,0.68359375,3.7079242516599284e-07,3.697342899040092e-07,0.006362305742777322,-0.0387990090667651,0.03419709042218872,-0.2312275787142282,1.9923697300603527,0.30616666666666664,30.078125,1.1546783647023598e-07,-0.02282243499276276,1.5480354276333235,-3.810512149634604,3.721409295903525,-0.03581520351200419,-0.6922539755655368,0.0008571428571428571,0.68359375,0.0011723864249400312,34.438644,0.027816685,34.31534,34.581818,-0.772416,1.187561,0.0,220.1171875,2.0950279e-06
S7,3,5.8993089652644875e-05,0.2438526433061846,-0.8340639025387875,1.59424629462382,3.4354015898563537,20.13838418138019,0.012738095238095238,6.8359375,0.00017128950615299244,11.803668939499628,0.04345907032041645,11.646652221679688,11.952590942382812,-0.19009552804553842,-0.9649454701995164,0.0,0.68359375,3.6391605902317576e-07,-8.758053033615079e-08,0.0062790291855643315,-0.0387990090667651,0.03277312414067435,-0.24235808020986566,2.234586296956798,0.30797619047619046,30.078125,1.1246300310533232e-07,-0.015703695552053584,1.6804948189936888,-3.810512149634604,3.721409295903525,0.01355243777659724,-0.8645005038252354,0.0008095238095238096,0.68359375,0.0012887922738134686,34.43101,0.027735295,34.31534,34.56491,-0.7596674,1.1214118,0.0,148.33984375,2.0820555e-06
S7,3,-9.220803315274374e-05,0.2409101503600277,-0.8340639025387875,1.6007867756793068,3.4636369880749767,20.60017097554401,0.012785714285714286,6.8359375,0.00016708233219820534,11.73887785048712,0.039762500624240894,11.446380615234375,11.894607543945312,0.26979096779000405,-0.6555218398666209,0.0,0.68359375,3.763376411095625e-07,6.352312700383046e-08,0.006304283636001912,-0.04189576625477273,0.03277312414067435,-0.21361060264616957,2.0602052948258827,0.29888095238095236,36.23046875,1.1372585064504986e-07,0.012436244080288855,1.586885715300113,-3.6862252755655356,3.6787091866957127,0.04342927015455864,-0.7487120159178846,0.0008095238095238096,0.68359375,0.0011583120479937968,34.425835,0.027285932,34.338287,34.560333,-0.79225934,1.1255894,0.0,177.734375,2.068288e-06
S7,3,0.00018850375586052212,0.24437990887030844,-0.8014146814443641,1.6007867756793068,3.427033073818643,20.002497520845054,0.013142857142857144,6.8359375,0.00016940624457437674,11.673081307184129,0.04165602922742059,11.3922119140625,11.82403564453125,0.17219714983929907,-1.063040702025843,0.0,0.68359375,3.8024596904822727e-07,1.041383315494854e-07,0.007393576791024962,-0.08684093788816888,0.09083480815458217,-0.04235593634201707,7.750276180071046,0.27026190476190476,34.86328125,1.5834218984500436e-07,0.007038484344106193,1.6310148969093552,-3.6862252755655356,3.6787091866957127,-0.023634611164386303,-1.0143759746932541,0.0008571428571428571,0.68359375,0.0014129775928108164,34.42445,0.027336951,34.324493,34.560333,-0.7499567,1.2722006,0.0,124.4140625,2.0503744e-06
S7,3,-3.990234015220056e-05,0.24356622505566075,-0.80288492005322,1.6002249867311396,3.453444363314736,20.18083602955184,0.012666666666666666,6.8359375,0.00017119321242706846,11.619164557684035,0.024432828004065148,11.3922119140625,11.754226684570312,0.3982515890531581,0.07482372683430727,0.0,0.68359375,3.6073496074456803e-07,-1.3297765721065254e-08,0.007686051398578178,-0.08684093788816888,0.09083480815458217,-0.03964908153021707,6.572242559737244,0.2667380952380952,29.39453125,1.71093464901426e-07,0.08620193026931361,2.0290924626834044,-5.289013381520009,6.77881815736718,0.3999706914000554,-0.21418421283340905,0.0008333333333333334,0.68359375,0.0018382242361841042,34.43355,0.029044908,34.324493,34.57721,-0.6509956,0.8676412,0.0,154.4921875,2.0481205e-06
S7,3,-8.092218271625748e-05,0.23953559552973042,-0.80288492005322,1.5970365813672334,3.504697018404126,21.000879687058127,0.012976190476190476,6.8359375,0.00016206248497286862,11.582733154296875,0.025868300260411637,11.435317993164062,11.71417236328125,-0.2436109948745054,-0.7279961748454755,0.0,0.68359375,3.34018025774675e-07,-4.0794638664774967e-07,0.006738490443907805,-0.0442508366527846,0.03315160077220998,-0.18057026403948498,1.5121937008085862,0.2884761904761905,30.078125,1.287492140213409e-07,0.020550576372536565,2.176400400839553,-7.25736905264575,6.77881815736718,-0.015536658839579576,0.75672199775736,0.0007857142857142857,0.68359375,0.0018332338221367258,34.444847,0.028731506,34.33676,34.583344,-0.73044956,0.8868549,0.0,105.2734375,2.0643593e-06
S7,3,-3.212464239360542e-05,0.23765988593749884,-0.8012226640288298,1.59791557502786,3.528190229066459,21.414903366052943,0.012928571428571428,6.8359375,0.00016239408037964115,11.548655991327195,0.02346215333221189,11.435317993164062,11.68365478515625,0.7788737484488759,0.3290395448464887,0.0,0.68359375,3.406462654312002e-07,-3.5646766008127916e-07,0.0064954376055243995,-0.045948575344594456,0.04130217990749637,-0.2040906422777199,1.8815873520093431,0.296,37.59765625,1.2046208301263974e-07,-0.095710292203819,1.8189126562611242,-7.25736905264575,3.993175790718914,-0.672436032208785,1.4065136668370153,0.0008333333333333334,0.68359375,0.0012818147712478848,34.42945,0.033167057,34.309235,34.583344,-0.34600183,0.30160284,0.0,209.1796875,2.0126342e-06
S7,3,0.00015784336022765368,0.24415364213929105,-0.8031496676435913,1.598238373654402,3.3808097706628915,19.941705756482467,0.01230952380952381,6.8359375,0.0001697719567710771,11.532275263468424,0.015408145462706921,11.447906494140625,11.656570434570312,0.4526883741567518,1.2456935622696257,0.0,0.68359375,3.438137291661598e-07,9.035783210481964e-07,0.007016421603283936,-0.045948575344594456,0.04634947639289273,-0.19730597423606863,2.1823573220043118,0.2843333333333333,37.59765625,1.4081683006326772e-07,-0.04920338612813106,1.6643533092773501,-6.235360238965649,3.436941280321172,-0.1659911724031471,-0.4440179287420851,0.0008809523809523809,0.68359375,0.0012135848678419268,34.436947,0.03866151,34.309235,34.61252,-0.08176784,-0.076254845,0.0,15.0390625,2.026172e-06
S7,2,1.146500103454085e-05,0.3180106573681371,-0.9595968434266214,1.656007719961003,2.11436017505608,10.21380098507207,0.01769047619047619,9.5703125,0.0002844343125348752,15.536490612938291,0.16081355847952156,15.161895751953125,15.961074829101562,-0.17373017698969492,-0.152755609319716,0.0,0.68359375,1.0496346671072076e-06,1.206347769109971e-06,0.013951135594238235,-0.14149139264615557,0.12473615207152539,-0.21039502720315975,7.941474906277993,0.259,40.33203125,5.588359840538073e-07,-0.09776616000020559,5.21931412711596,-13.324690667841763,13.279032669163888,-0.0016560630430772542,-0.001955163539863136,0.0005714285714285715,0.68359375,0.0055627613985176905,34.74868,0.03140805,34.614044,34.89087,-0.81266046,0.89908314,0.0,0.68359375,2.4655185e-06
S7,2,2.8892898522769904e-05,0.3035588053350908,-0.969810046237934,1.6335916178608871,2.2175789279812372,11.623975831627536,0.01719047619047619,8.203125,0.00025180818814426055,15.814176859174456,0.19310686914368247,15.480422973632812,16.180038452148438,0.0020570764521673415,-1.5545195693115637,0.0,0.68359375,1.2895421156851805e-06,4.851071497913083e-07,0.015533055353488371,-0.24289573676532306,0.22264454271311362,-0.26043931749405314,12.672087594570497,0.2583809523809524,45.80078125,7.03785284156283e-07,-0.15633223829922624,4.1081587404845745,-13.324690667841763,9.817190285262637,-0.34438369136498415,0.36082663775711854,0.0006666666666666666,0.68359375,0.004140034634277268,34.75576,0.032256376,34.614044,34.89087,-0.8180586,0.798157,0.0,0.68359375,2.4763544e-06
S7,2,7.73885218129233e-05,0.29930502836305617,-1.004382490374824,1.6377109226419957,2.216015252304116,12.064431792123024,0.017904761904761906,8.88671875,0.0002484102186710643,16.14615732828776,0.2032644952138598,15.729141235351562,16.719436645507812,0.29405083750777744,-0.8693276748648322,0.0,0.68359375,2.079540107630958e-06,-3.324596476309848e-08,0.019093681618880226,-0.24390083347068836,0.22264454271311362,-0.13451159517388522,10.075800032282803,0.25526190476190475,48.53515625,1.057986936529156e-06,0.08969596655323979,4.481841800954047,-14.853584961683287,11.132443475331137,-0.4896733885516801,0.9465761980069667,0.0006666666666666666,0.68359375,0.00528777246807339,34.7764,0.037780777,34.657043,34.964874,-0.1323915,0.61825633,0.0,17.08984375,2.4357885e-06
S7,2,0.0003839005365616697,0.299399955308996,-1.004382490374824,1.6419127901259611,2.2404621590008964,12.216491530062713,0.016023809523809524,8.88671875,0.00026175985493962,16.469246146792457,0.19933744420216082,15.981292724609375,16.955184936523438,-0.3304437514757022,-0.5344711897760757,0.0,0.68359375,2.233889793629305e-06,4.5908310424125885e-07,0.018449933384610626,-0.24390083347068836,0.18615156550013512,-0.08001183901368453,8.77825229876054,0.2570952380952381,49.21875,9.810512281305262e-07,0.0876642204638301,4.868812368201598,-15.338440865018201,11.132443475331137,-0.7213224796199755,1.243973800374464,0.0005476190476190477,0.68359375,0.0057899758179931655,34.812668,0.042866804,34.669342,34.980316,-0.38030285,-0.07334542,0.0,21.19140625,2.5220895e-06
S7,2,-0.00019361264247763974,0.2948340325726104,-1.0411975661375446,1.6500574033735127,2.374011910835388,12.990819434331094,0.016666666666666666,8.88671875,0.0002656900420905199,16.66489117940267,0.10184260035144348,16.347122192382812,17.003250122070312,0.5846489714032191,-0.2436028060194193,0.0,0.68359375,1.7220856051808142e-06,2.5931686686067095e-07,0.017083385751780228,-0.18228312597018098,0.23384679037643724,-0.10163549952650883,10.4585404167054,0.2582380952380952,52.63671875,8.123426504299291e-07,0.027854117092868624,4.580217673052872,-15.338440865018201,12.884100819912966,-0.431876915503733,1.2832602466033771,0.0005238095238095238,0.68359375,0.005821283943378415,34.8847,0.062471364,34.713867,35.09305,-0.06405981,-0.8191242,0.0,0.68359375,2.6611644e-06
S7,2,-0.00034735706058282106,0.29043565339251187,-1.0411975661375446,1.6502004820785805,2.4400369854125334,13.527174836928765,0.019023809523809523,8.88671875,0.00025552321795316605,16.789314996628534,0.1327370299377987,16.347122192382812,17.17376708984375,0.15699267928550004,-0.5876698468622532,0.0,0.68359375,1.7221204747431987e-06,3.240267500926554e-07,0.020931619385150462,-0.1878986161638801,0.23384679037643724,-0.1330190426641613,7.044972883588125,0.2512857142857143,45.1171875,1.2320461958809886e-06,-0.15447890644440257,3.967081323029535,-13.676809618100949,12.884100819912966,-0.09488855524904445,1.175844207685321,0.0005476190476190477,0.68359375,0.004350704572040084,34.926483,0.038509164,34.776947,35.09305,-0.54324913,0.3767848,0.0,0.68359375,2.6607922e-06
S7,2,0.0001540182715583324,0.2926727671544219,-1.0341743882059862,1.659331570729268,2.40405211761295,13.208159907800631,0.017285714285714286,8.88671875,0.0002380397537149731,17.051995568048387,0.2239810468774296,16.497039794921875,17.545700073242188,0.24664347364035755,-1.3289014468057514,0.0,0.68359375,1.9496028278008655e-06,-1.7607334566913615e-07,0.020530379305635112,-0.3210152732388217,0.3415834685494016,-0.05662354651187441,12.299540227385508,0.2553095238095238,45.80078125,1.1849797783831678e-06,0.054065867825519316,4.1650709352504816,-10.897058862516545,10.977693759820024,0.03233657515427778,0.20072733755851013,0.0005952380952380953,0.68359375,0.0042319574451718375,34.915253,0.035389394,34.7677,35.089966,-0.69440037,0.54871535,0.0,120.99609375,2.6659798e-06
S7,2,-0.0003094420915216391,0.2883009461987662,-1.0341743882059862,1.659331570729268,2.5300004167562506,13.835809590557183,0.014809523809523809,8.88671875,0.0002295116377622631,17.428071031116303,0.24828066158283532,16.8060302734375,17.980575561523438,-0.44416357544150603,-0.3586268272487221,0.0,0.68359375,2.295087233289252e-06,-8.151203616069466e-08,0.019394361663013594,-0.3210152732388217,0.3415834685494016,0.2479249429902832,24.044827303571473,0.26645238095238094,46.484375,1.0744000361375096e-06,0.14050218598559075,4.524290803562108,-10.897058862516545,10.977693759820024,-0.0977992601448737,-0.2582248917006833,0.000619047619047619,0.68359375,0.005754434882975369,34.930656,0.04716285,34.7677,35.13791,-0.11699421,-0.1911676,0.0,140.8203125,2.7174885e-06
S7,2,0.00010203694442577445,0.2816849791663215,-1.003791421230776,1.64936299063873,2.6112842484238388,14.616938378688587,0.015428571428571429,8.88671875,0.00023163040218682538,17.710042926243375,0.13075461472277486,17.261123657226562,18.053054809570312,-0.28953953358442985,0.2351371881247042,0.0,0.68359375,2.009414368600818e-06,-8.362366660706518e-07,0.026342091916379526,-0.24085020955811082,0.3348661754985028,0.0947093024349816,7.974444489374793,0.25842857142857145,46.484375,1.9897971503986527e-06,-0.12370904096211457,4.033075399351627,-11.380573663646633,9.848738995088937,-0.2490972178911844,-0.2012129929389168,0.0005476190476190477,0.68359375,0.004192724562509157,34.933876,0.048684955,34.74002,35.13791,-0.25792208,-0.3273046,0.0,0.68359375,2.6448076e-06
S7,2,0.00017451251651254602,0.27275706145154016,-1.003791421230776,1.6808509603777537,2.716223376685524,15.773413170591482,0.01411904761904762,9.5703125,0.00021525600162802935,17.924313681466238,0.17133939604929302,17.603302001953125,18.461990356445312,0.39155468212757405,-0.5997692976834448,0.0,0.68359375,1.9954782926907175e-06,-1.5825386497953181e-07,0.024023886195325053,-0.19549736414301688,0.24063087573219208,0.048140103681053224,7.933923990322347,0.2775238095238095,54.6875,1.6582994065214301e-06,-0.08155068403076693,3.601055502405954,-11.380573663646633,9.848738995088937,-0.1605130173030448,0.5005791714691821,0.0005,0.68359375,0.0027613957633682235,34.883167,0.056198627,34.723114,35.1008,-0.25439402,-0.48140955,0.0,138.76953125,2.6545742e-06
S7,2,-0.0002951663349544179,0.2999106546873453,-0.963545256192846,1.6808509603777537,2.3953865447068985,12.254980992199059,0.012428571428571428,9.5703125,0.0002570571883538196,18.17904361543201,0.16947286554011007,17.743682861328125,18.535232543945312,-0.08809979099456697,-0.8965182739095194,0.0,0.68359375,1.7571805987576034e-06,4.578575885461241e-07,0.011097161242610972,-0.17908581978035298,0.18232210519690809,0.25375380131162406,30.07964742425837,0.3058095238095238,54.6875,3.1462711380252117e-07,0.09298554603401664,3.2071011712572313,-8.123076238194106,8.964617196468165,-0.08149168999238728,0.05461943818986281,0.0006428571428571428,0.68359375,0.0035457461016000892,34.856045,0.042056736,34.723114,35.040527,-0.39851916,0.04383421,0.0,9.5703125,2.725336e-06
S7,2,-0.00017537838818995757,0.3425792155396486,-0.9752413669055799,1.6354941377014873,1.9462597788591216,8.439122232341319,0.014857142857142857,9.5703125,0.0003338012152093456,18.410609254382905,0.1597580513004331,18.066024780273438,18.819046020507812,0.08161419399117845,-0.6273584950958773,0.0,0.68359375,1.119531245543459e-06,2.68274084827093e-07,0.008822051197475263,-0.0745967609196363,0.05500621035319439,-0.2719395118340023,2.840093914223714,0.30564285714285716,46.484375,2.1817223962523594e-07,-0.023384322208552,3.343014800266207,-8.123076238194106,8.964617196468165,0.01385972045073602,-0.19277007310388106,0.0007380952380952381,0.68359375,0.0039923780872777965,34.897675,0.049914952,34.741547,35.11624,-0.03197853,0.031424284,0.0,9.5703125,2.7536355e-06
S7,2,-6.381090373207315e-05,0.3422666305639256,-0.9892654843721345,1.6395797946415056,1.9130627492902852,8.479278667911569,0.015952380952380954,8.88671875,0.00033117802545699627,18.70135970342727,0.211357224714528,18.120193481445312,19.191741943359375,-0.07896245590799693,-1.1093756512551203,0.0,0.68359375,1.3184126945239602e-06,-3.820448682836338e-07,0.010346338405905552,-0.08067449788800449,0.08265460994807358,-0.20865275332906813,3.3575440567092283,0.2971190476190476,47.8515625,3.0237194249860317e-07,-0.12452187480008706,3.122975055783495,-7.746719188901762,10.64327022598711,0.6222069675573221,0.8439094782691865,0.0005952380952380953,0.68359375,0.0026122398778321444,34.93018,0.043296006,34.792328,35.11624,-0.0830916,0.19377351,0.0,0.68359375,2.7246338e-06
S7,2,7.796754680028338e-05,0.3278831917719862,-0.9892654843721345,1.647438084420211,2.013212160442135,9.552849888481829,0.015095238095238096,8.88671875,0.00030754780058401957,19.016380073910668,0.170648226976472,18.59283447265625,19.43817138671875,0.1441597391784045,-0.9996189155947603,0.0,0.68359375,1.972141317925379e-06,-5.588542142099671e-07,0.01021261843719113,-0.08067449788800449,0.08265460994807358,-0.12784759103875615,2.9241450491395797,0.2996904761904762,43.06640625,2.921446395883341e-07,0.09082013736546599,3.0038043020512952,-5.4144669978699795,10.64327022598711,0.7614153464534404,0.5281641418355392,0.0005476190476190477,0.68359375,0.002420039543848069,34.955837,0.048172556,34.792328,35.122437,-0.5376202,-0.23940253,0.0,0.68359375,2.7773008e-06
S7,2,0.00018630893344512062,0.3099902829630385,-1.1734465621947758,1.6664351887002855,2.1476070324037577,11.106865526465409,0.013785714285714287,8.88671875,0.0002831890653320856,19.273609315781368,0.18187190923598373,18.865203857421875,19.847488403320312,0.6717003142219872,0.34902553557820193,0.0,0.68359375,2.8358993594193975e-06,9.044933084492588e-07,0.009257123274567385,-0.062182914854061716,0.05121241679768536,-0.14836447130350885,1.67209710978792,0.3073095238095238,43.75,2.423422301030457e-07,0.03350413887328662,3.9088257272902958,-12.563972484708975,17.315180493253983,0.6696188817825336,4.707216746708277,0.0006428571428571428,0.68359375,0.004131773218953902,34.96124,0.039738543,34.832367,35.122437,-0.5284034,0.20615315,0.0,22.55859375,2.820103e-06
S7,2,-1.7106742526189086e-05,0.304135824698654,-1.1734465621947758,1.6664351887002855,2.196366950187873,11.680344181746278,0.013333333333333334,8.203125,0.00026444205204896994,19.497541772751582,0.1985186424453278,19.159698486328125,20.103836059570312,0.7074267932418306,-0.16399572266145102,0.0,0.68359375,2.921961911781359e-06,5.008075986058249e-08,0.010850644384114282,-0.07758453031778671,0.05554364674299593,-0.20531830948306456,1.584945219152945,0.28264285714285714,36.23046875,3.341919055087366e-07,-0.057272755433496005,3.634260692848054,-12.563972484708975,17.315180493253983,0.8184723081159182,7.076511479171025,0.0005714285714285715,0.68359375,0.003345118743753585,34.959763,0.041352965,34.832367,35.127045,-0.38471344,0.078722715,0.0,33.49609375,2.756786e-06
S7,2,-0.00010623383505411853,0.31338801008009737,-0.954423421861981,1.6457182072229357,2.171769253130309,10.917624639385773,0.01519047619047619,8.203125,0.0002727773703094359,19.66988127572196,0.1568947634044656,19.292831420898438,20.103836059570312,-0.2388565855366435,-0.30997034461183404,0.0,0.68359375,2.224643745862732e-06,-4.084795138192504e-07,0.01115499734054024,-0.07758453031778671,0.05554364674299593,-0.2097908041298428,1.5122681824190707,0.2807142857142857,36.9140625,3.561531283448083e-07,0.05404886918722236,3.016581272451198,-7.800793012138923,9.963374551972823,0.2016772692837599,0.9403694247531482,0.0005714285714285715,0.68359375,0.002939289288095808,34.993523,0.039470177,34.83853,35.159546,-0.7259868,0.47357988,0.0,33.49609375,2.7767203e-06
S7,2,-7.765923048039955e-05,0.30926917722759106,-0.9483422617262137,1.669782765200515,2.2643742984949595,11.472098000571037,0.015238095238095238,8.203125,0.000276123764067883,19.81881306966146,0.12029320395966753,19.537353515625,20.271682739257812,0.8642022264548102,0.7748825283099805,0.0,0.68359375,2.185395948808609e-06,-5.926071852535228e-08,0.009171118157867178,-0.07323209200563771,0.04996397654820129,-0.19822950930752326,2.0536883909728463,0.3026904761904762,51.26953125,2.4156375873649147e-07,-0.02881770269543885,4.144911593085495,-11.141197165269606,11.414454133157223,-0.1314913050867537,0.6477669839494817,0.0005476190476190477,0.68359375,0.004372962972000008,34.99243,0.03787573,34.853912,35.159546,-0.63458276,0.42585993,0.0,35.546875,2.7774108e-06
S7,2,0.0002321324033848792,0.30209060487996603,-0.9606768906407301,1.669782765200515,2.328495497544439,12.181557157049427,0.01411904761904762,8.203125,0.0002668417268987429,19.89218331291562,0.08864598263344414,19.64569091796875,20.271682739257812,1.005417086836716,1.7394151589933378,0.0,0.68359375,2.296222684433086e-06,-2.7580941479988204e-07,0.008406302390636623,-0.07323209200563771,0.04473365725544265,-0.20286191521352465,1.6557732168977477,0.30433333333333334,42.3828125,2.0134919514258178e-07,-0.06414511823404787,3.4501061661150336,-11.141197165269606,11.414454133157223,-0.354093547608021,2.5036671894559657,0.000619047619047619,0.68359375,0.0025567228893718865,34.985874,0.038818195,34.853912,35.15027,-0.3922435,0.43234825,0.0,25.29296875,2.776458e-06
S7,2,0.00037795393121835264,0.2968975533042754,-0.9606768906407301,1.6553202986135298,2.367734686731192,12.726843781473947,0.01419047619047619,7.51953125,0.00025892956334406343,19.969665145874025,0.14282703458018225,19.680404663085938,20.433425903320312,1.228969071061947,0.5009158492407488,0.0,0.68359375,1.883193420661705e-06,6.28964965573285e-07,0.009315238244994816,-0.07592626413200998,0.06736104533189001,-0.10495047057019889,2.224855010189157,0.296,37.59765625,2.5101431872363286e-07,0.06874175391861584,1.8102483161736977,-3.8647891544161452,4.220480418554469,0.21186132941117583,-0.7729214914545364,0.0006666666666666666,0.68359375,0.0009943723483862802,35.008366,0.039488424,34.867798,35.15335,-0.6465104,0.20994616,0.0,52.63671875,2.8275376e-06
S7,2,-0.00018622883445391304,0.2918989559707413,-0.958724138118832,1.6553202986135298,2.4640630553133125,13.27913930338082,0.013714285714285714,8.203125,0.0002491973471409026,20.128776495797293,0.1615326804168147,19.80743408203125,20.523452758789062,0.2525925255129942,-0.7047324599147222,0.0,0.68359375,1.914291632942371e-06,6.537992392657845e-07,0.01055603194294052,-0.08726032227010508,0.09975688643947779,-0.03306372154737405,4.175202563524797,0.2876666666666667,43.75,3.198806902247244e-07,-0.060683730376109114,2.6642662267968813,-13.32626354448698,7.845854092594963,-1.492561874076685,6.6062258654386135,0.0005714285714285715,0.68359375,0.0019127053140165656,35.04885,0.044773236,34.904755,35.221466,-0.29666996,-0.150702,0.0,68.359375,2.9082803e-06
S8,1,0.00019911486970461157,0.24117867402061974,-0.6435645344546862,1.6235737079460337,4.32026299354298,23.58775089760895,0.021333333333333333,8.88671875,0.0001589174721111979,4.156569535391672,0.028449366477261786,3.957366943359375,4.259490966796875,0.05042646470828175,-0.7235557514495561,0.0,0.68359375,1.7694158959024667e-07,1.376249211494297e-06,0.014923457387695254,-0.13224358993107344,0.10487705677785733,-0.3297648314741751,4.428643630852133,0.2780238095238095,75.87890625,6.285702592863029e-07,0.006738021215278953,0.40304008757597853,-1.1039015123871994,1.5682872101431973,0.504728000848673,2.453224053457162,0.0006666666666666666,0.68359375,4.747497323682001e-05,34.372406,0.063765705,34.185547,34.58795,-0.050062433,-0.9009378,0.0,0.68359375,2.0472182e-06
S8,1,0.00020400307488251825,0.24257097210860104,-0.6267034100926597,1.6220313648985085,4.325766359527047,23.44530326022398,0.017595238095238094,3.41796875,0.00016923893707068965,4.10851560320173,0.03068932575882981,3.957366943359375,4.21905517578125,0.029245100224688483,-0.9841523119595088,0.0,0.68359375,1.8016627992575575e-07,-9.16748032812508e-07,0.010578733358309595,-0.05485418582476781,0.05033592813128611,-0.09139824909941495,0.44976298894969746,0.2713333333333333,29.39453125,3.19847346943935e-07,-0.002339801786608361,0.1713794173757628,-0.3451399630879055,0.38673828458823806,0.012996563903353001,-1.0235703659219577,0.0007857142857142857,0.68359375,1.2392650006588458e-05,34.424267,0.03792048,34.296997,34.604828,-0.24139592,0.17243814,0.0,0.68359375,2.1088706e-06
S8,1,8.955478798117781e-06,0.24561236578821896,-0.6134775476282949,1.6295668635198004,4.326815820568064,23.03373690884518,0.01719047619047619,3.41796875,0.00017754693790961274,4.0605198178972515,0.027685573665777223,3.9600372314453125,4.1919708251953125,0.17405852417744722,-0.8410527416311826,0.0,0.68359375,1.821453404116027e-07,-4.3133636040788186e-07,0.017211530502166866,-0.39327917103532894,0.2607294297451977,-0.522479047416233,48.66441911157735,0.2685238095238095,82.71484375,8.717147128486026e-07,0.0072935234273749415,0.558963155005749,-2.3276015098773435,2.260658471732551,-0.04466963439405707,6.816287016548323,0.0007142857142857143,0.68359375,6.114751134773201e-05,34.43662,0.041516896,34.249634,34.629395,-0.07996263,0.23207402,0.0,0.68359375,2.1651883e-06
S8,1,-0.0002276997249321026,0.24264666406749338,-0.6900962593969462,1.6641622425693576,4.399643714495934,23.72682815348689,0.01661904761904762,3.41796875,0.00017652886163867893,4.025566146487281,0.01903180558170009,3.7807464599609375,4.1454315185546875,0.029841558136417222,0.26657129088179277,0.0,0.68359375,1.920713901000835e-07,2.8682132741914024e-07,0.01637769117317641,-0.39327917103532894,0.2607294297451977,-0.5948477089909738,59.77427116750337,0.27135714285714285,82.71484375,7.91556191161672e-07,-0.0024813649334156384,1.064258615879904,-3.6778470514209425,4.745781544065567,0.6310181564931705,5.227607090666794,0.0005238095238095238,0.68359375,0.00026798715120921585,34.48446,0.05396746,34.249634,34.687744,-0.016314428,-0.6282468,0.0,0.68359375,2.2095312e-06
S8,1,-0.00028364401248914654,0.24156653222497068,-0.6900962593969462,1.6641622425693576,4.4455445822416255,24.016423818052164,0.015714285714285715,3.41796875,0.0001717268821120092,3.996724646432059,0.021303853405059282,3.7807464599609375,4.1103363037109375,0.18863911099082528,-0.4620310033921231,0.0,0.68359375,1.883896597424814e-07,-4.476611206478175e-07,0.010302790376029398,-0.06273925688954704,0.055033448584125955,-0.0790373242227203,0.98674378026561,0.2604761904761905,53.3203125,3.0511023117383567e-07,0.0012108697050952158,0.9451687630196427,-3.6778470514209425,4.745781544065567,0.8795342416152704,9.066617715523163,0.000619047619047619,0.68359375,0.00023217515903875232,34.51579,0.040983792,34.379547,34.687744,-0.3448296,-0.14429903,0.0,0.68359375,2.195125e-06
S8,1,5.3619039016039595e-05,0.2476132683914699,-0.5873030078626877,1.6231335949197025,4.370136840936185,22.829901107819936,0.016404761904761905,3.41796875,0.00017232705353260175,3.963924589611235,0.019884940980054045,3.878021240234375,4.0653228759765625,0.25795805715906506,-0.722451346688219,0.0,0.68359375,1.8332532749279626e-07,-8.044715796755959e-07,0.012513604762552855,-0.09647373943010716,0.08762075480721335,-0.11282254032753393,1.4916827459187951,0.2526904761904762,64.94140625,4.464399492683706e-07,0.0012446936464384438,0.6464580845214094,-1.9637802013913923,2.645106546218938,0.48496630937884844,4.295108327837071,0.0006666666666666666,0.68359375,7.969743849849612e-05,34.52185,0.037075073,34.381134,34.678528,-0.49391052,0.27535176,0.0,0.68359375,2.1933588e-06
S8,1,7.999207691417794e-06,0.24896935426609443,-0.5718672137513257,1.6221886143999,4.375112331770635,22.686421670962158,0.016523809523809524,3.41796875,0.0001769207561792331,3.9389994303385416,0.013002349254960216,3.85894775390625,4.0309906005859375,0.4777998067212111,0.5686439855027663,0.0,0.68359375,1.853846873561276e-07,1.7462728360657885e-06,0.012276478486775157,-0.09647373943010716,0.08762075480721335,-0.1313619438581193,1.5478595614254287,0.2509047619047619,58.7890625,4.2600689356987815e-07,0.002650765027123828,0.635218781416848,-1.9637802013913923,2.645106546218938,0.5483959850889318,4.630213956261648,0.000619047619047619,0.68359375,7.465575268064558e-05,34.567425,0.049329143,34.414764,34.758453,-0.08349321,-0.3885188,0.0,0.68359375,2.2343015e-06
S8,1,5.610857213861341e-05,0.24915223994696015,-0.5585283532213978,1.624465703367113,4.386125568332952,22.670158060980388,0.015833333333333335,3.41796875,0.0001777937761919655,3.9213115873790922,0.013216298778454209,3.857421875,4.004669189453125,0.23001963597975242,0.3937367665500391,0.0,0.68359375,1.8624613816324277e-07,1.651818644745316e-06,0.011692536931879946,-0.06962650268929196,0.05351021401446876,-0.12808557267454337,0.4801222681288002,0.25185714285714284,62.890625,3.88398655826853e-07,-0.0012368498017782498,0.39050935080605326,-0.9653661888161066,0.8951256470857558,0.020744442678865264,-0.4894557898693108,0.0007142857142857143,0.68359375,6.055612405847497e-05,34.604187,0.034641366,34.47296,34.773834,-0.37804884,0.5922909,0.0,0.68359375,2.3017856e-06
S8,1,0.0001527432378176856,0.2517698601680322,-0.5536901839994386,1.624465703367113,4.342303733074064,22.117209731221823,0.015857142857142858,3.41796875,0.00018481064750050651,3.905976767767043,0.011421133611594065,3.842926025390625,4.00390625,0.6437605559241483,1.4409089658787844,0.0,0.68359375,1.9118898370871993e-07,-7.676022932431425e-07,0.01222614940596925,-0.11162623286591805,0.1291925789796182,-0.062007001799786465,2.9454103929782507,0.25383333333333336,54.6875,4.260687366268008e-07,-0.009404140803237176,0.9318866144427087,-4.1339458789204935,4.266779599655037,0.16987198490997604,7.969484661166232,0.0007619047619047619,0.68359375,0.000302591007726832,34.617958,0.03783968,34.497467,34.79538,-0.15344255,0.39909458,0.0,0.68359375,2.3179412e-06
S8,1,8.9526291898036e-06,0.24868501266385776,-0.5550270221102734,1.616792588342481,4.384334231320524,22.633924659459655,0.016047619047619047,3.41796875,0.00018274579925991156,3.895427758353097,0.009962824973967492,3.7830352783203125,4.00390625,0.8024810721218839,3.4039153506293784,0.0,0.68359375,1.93499200274144e-07,-8.113105603201964e-07,0.011747037518700864,-0.145180881013649,0.12967666876528475,-0.05522605408743512,5.403088405625402,0.25292857142857145,54.6875,3.981673321479742e-07,0.00397531038071309,1.0261961130360142,-4.1339458789204935,4.266779599655037,0.259392483333084,5.3997009237524995,0.0007857142857142857,0.68359375,0.00037485665689828177,34.606445,0.047824763,34.45764,34.79538,-0.10942597,-0.32950592,0.0,0.68359375,2.3044465e-06
S8,1,-6.096676720242763e-05,0.24514098051500113,-0.6926875481711597,1.6202153288481707,4.390240780133847,23.15333572233807,0.014952380952380953,8.88671875,0.00017171415306365613,3.882200640723819,0.013005850935486203,3.7830352783203125,3.9836883544921875,0.30254812567047296,0.657361098668805,0.0,0.68359375,1.8892971833526125e-07,-6.492305672369306e-07,0.009568860972753734,-0.145180881013649,0.12967666876528475,-0.12271242864190685,5.338280585930921,0.2625952380952381,55.37109375,2.6544744134096344e-07,-0.0055581991620284035,0.6011341823010045,-2.014145072309478,2.839256492894295,0.8206187282040692,5.568108330441966,0.0007619047619047619,0.68359375,0.00014239467960249877,34.59139,0.042130906,34.45764,34.789246,0.0218014,0.10897875,0.0,0.68359375,2.3076652e-06
S8,1,3.449293912411626e-05,0.249292050751195,-0.6926875481711597,1.6202153288481707,4.253539194376548,22.172369714885754,0.014,8.88671875,0.00017162004530416495,3.872542181469145,0.009448469427562837,3.8116455078125,3.9836883544921875,1.0477036636078436,4.16234664955328,0.0,0.68359375,1.867380338296566e-07,-3.1130149030003426e-07,0.008882076047756777,-0.10252693005174907,0.07626730276886923,-0.19203657133495292,2.9868520503482765,0.2697857142857143,28.02734375,2.24114078892796e-07,0.007631065481374863,0.6406632080857682,-2.1579567724125175,2.545182478988081,0.2872404388063469,3.103245404725576,0.0007380952380952381,0.68359375,0.00014585819533203748,34.630672,0.045839805,34.483704,34.80774,-0.3112305,-0.2963674,0.0,0.68359375,2.3780826e-06
S8,1,0.00012103598108823699,0.24935562041741577,-0.8767844458350564,1.621746211254957,4.131562187415561,21.613179718019047,0.015142857142857144,8.88671875,0.00017428539268913554,3.8724772407895043,0.009644181743386932,3.810882568359375,3.9699554443359375,1.0159067487673126,3.4935270937694716,0.0,0.68359375,1.969777749825425e-07,-5.465170460047124e-07,0.013663046681410006,-0.29641749218619473,0.250161519174105,-0.1731400409258485,30.89599268574461,0.26616666666666666,43.75,5.167473542045845e-07,-0.07912885816366787,0.9985515036430898,-3.086467877081608,2.67546363665361,-0.3075456963729375,1.2891357283072047,0.0006904761904761905,0.68359375,0.00022529008964381638,34.672066,0.035089884,34.54651,34.82776,-0.53204936,0.47621036,0.0,0.68359375,2.4734393e-06
S8,1,-0.00011402767778732182,0.250341785805066,-0.8767844458350564,1.7198097040439613,4.040356830211124,21.334260838297514,0.017523809523809525,8.88671875,0.00019101987228318398,3.878224872407459,0.0140485803291055,3.7738800048828125,3.972625732421875,1.3907353485188696,2.862095860998843,0.0,0.68359375,2.0606110240718095e-07,1.6874995291656653e-07,0.02005310349387796,-0.29641749218619473,0.250161519174105,-0.3878036318840332,8.576595387055711,0.2648809523809524,57.421875,1.160049182869845e-06,-0.028557069392695884,1.6739026356123814,-3.334616439415884,7.791378479174771,1.3746259484379275,4.670413688049688,0.0005952380952380953,0.68359375,0.0006888731129663431,34.70707,0.048674617,34.53427,34.90323,0.08312599,-0.08999038,0.0,0.68359375,2.4207266e-06
S8,1,-0.0001819038442793663,0.24936332120343332,-0.7202244524452726,1.7198097040439613,4.072744431612453,21.677520898555354,0.01911904761904762,8.88671875,0.000187471808475367,3.8699605850946335,0.019104816360991053,3.6529541015625,3.972625732421875,0.6639417752650553,1.283775444598371,0.0,0.68359375,2.0540217461071808e-07,8.978160621210824e-07,0.020289584454580473,-0.1605932113790891,0.12465261903877309,-0.41383281482158174,2.220085155733994,0.26502380952380955,56.73828125,1.1766919547291521e-06,0.09158512093966976,1.7427426599596934,-3.334616439415884,7.791378479174771,1.1481898753219988,3.1024486708512082,0.0007380952380952381,0.68359375,0.0009631511319972682,34.750168,0.04823794,34.53427,34.917084,-0.67300105,0.25481987,0.0,0.68359375,2.3748312e-06
S8,1,4.079936515509726e-05,0.24641472698207906,-0.6642493412072663,1.606266409991193,4.131963407061284,22.0520140236476,0.01892857142857143,8.88671875,0.0001740627988912274,3.8500680287679034,0.01244201280033894,3.6529541015625,3.95965576171875,0.48921272300467505,4.014594162276333,0.0,0.68359375,2.0394650295511373e-07,8.44245080135955e-07,0.016950134984927707,-0.11458612925566253,0.09800340870159514,-0.25867105582905847,0.651300754575161,0.26071428571428573,61.5234375,8.208764156384492e-07,0.011399223590540263,1.239654167685776,-2.2045621112247087,2.3018425190135368,-0.016599099611807264,-1.3245468539880774,0.0008809523809523809,0.68359375,0.0007954906286761164,34.79179,0.044523012,34.634003,34.97879,-0.23928945,0.12119651,0.0,0.68359375,2.4548478e-06
S8,1,0.00012642157213467917,0.24528281133997856,-0.6642493412072663,1.6000250015410191,4.181267369414054,22.342494240607653,0.01730952380952381,9.5703125,0.00017123793898301176,3.8498471941266743,0.011488728135038102,3.7006378173828125,3.9325714111328125,0.5150673333054481,2.7749155900686233,0.0,0.68359375,1.9797401110415137e-07,-1.1714820603184133e-06,0.01797851866354897,-0.16160267097902561,0.11135423097645313,-0.35504125681746135,2.1282745052059227,0.256547619047619,58.10546875,9.224862472567934e-07,0.01852745988892524,1.1361533904418462,-2.187989797351179,2.0671778827171274,-0.03786122005213483,-1.209252015856304,0.0007857142857142857,0.68359375,0.0005859264646022953,34.814728,0.038265634,34.683136,34.97879,-0.48417512,0.2188921,0.0,0.68359375,2.4998346e-06
S8,1,-9.39494160026415e-05,0.23981251276155205,-0.642418635366714,1.6087865680249775,4.32112189614012,23.567483922972908,0.015452380952380952,3.41796875,0.00016955657389771235,3.8619269598098027,0.012171470804318569,3.6632537841796875,3.95965576171875,0.4084948697375819,2.6081526437683813,0.0,0.68359375,1.9029772321242687e-07,-1.550005128119002e-06,0.01656179779465354,-0.16160267097902561,0.11135423097645313,-0.3868389413430944,3.1828112379636613,0.25992857142857145,58.10546875,7.861530170460133e-07,0.01361754403902722,1.2883667707872202,-2.9822310461036325,3.176496491549773,0.007010454864273482,-0.9392583166536208,0.0007619047619047619,0.68359375,0.0006916450418292731,34.8395,0.0461997,34.687744,35.017365,-0.17104147,-0.18489146,0.0,0.68359375,2.5426045e-06
S8,1,-3.4156097051125126e-06,0.2400924027696885,-0.6311168362027719,1.6087865680249775,4.365100131799913,23.72059389353471,0.015047619047619048,3.41796875,0.00016866804446529607,3.876858974638439,0.014157875035209582,3.6632537841796875,3.9646148681640625,-0.10167327056014382,2.1202095989535064,0.0,0.68359375,1.8829347033683185e-07,8.743282929088801e-07,0.012757239139021648,-0.09456283824188758,0.06532496432931399,-0.2432792817151861,0.9771218606396235,0.2632380952380952,60.83984375,4.6170486054586304e-07,-0.026185854453751895,1.300254864307673,-2.9822310461036325,3.176496491549773,0.05564539765075067,-1.0400027362718376,0.0008333333333333334,0.68359375,0.0007709315279636214,34.891666,0.046798103,34.715424,35.05597,-0.6976394,0.03723216,0.0,209.1796875,2.6120158e-06
S8,1,9.866233929753794e-06,0.24189780284039458,-0.6119690872507427,1.6230899213192644,4.369968393181924,23.632353495808555,0.01519047619047619,3.41796875,0.00016824147526280686,3.8841045288812546,0.010688827785921666,3.7322998046875,3.9669036865234375,0.47237051978887024,3.04358195224178,0.0,0.68359375,1.8401213812860823e-07,7.207521422559951e-07,0.011782042576440726,-0.06273368510852254,0.051375638805994564,-0.2072885898576406,0.5320552888263159,0.26621428571428574,60.83984375,3.9438553428596655e-07,0.004361391831252006,1.2703640040725983,-2.225994412951397,2.2135030117717593,-3.741128091699958e-05,-1.4040697721441688,0.0008095238095238096,0.68359375,0.0007565707764901154,34.93098,0.03374455,34.796967,35.085327,-0.73746294,0.78905773,0.0,222.16796875,2.6695852e-06
S8,1,2.569836864412936e-05,0.24478625366054982,-0.639705540500609,1.6244168266541397,4.305224827228931,22.932406879562695,0.01742857142857143,9.5703125,0.00016729104868980506,3.88082765851702,0.011444979349436255,3.763580322265625,3.9730072021484375,0.3526305180602583,1.848496143816151,0.0,0.68359375,1.8454444446033682e-07,6.535205993836614e-07,0.015321336574287414,-0.1316768437098719,0.12858786504751904,-0.3238730206434897,4.298419095854432,0.26176190476190475,58.7890625,6.679445984645338e-07,-0.012038559753669043,1.3834051435769117,-3.7643201201809613,2.983905698914185,-0.1418796834174111,-0.8244028553843292,0.0008095238095238096,0.68359375,0.0008135008280251562,34.919514,0.05721927,34.723114,35.131714,-0.75824726,-0.21619606,0.0,0.68359375,2.6622608e-06
S8,1,7.219484349168014e-05,0.24445635488020784,-0.639705540500609,1.6244168266541397,4.270141994592769,22.70301760258875,0.017952380952380952,8.88671875,0.00016650922534691817,3.863300813947405,0.019470806187814264,3.7601470947265625,3.9730072021484375,0.17791768957407586,-0.7674451903938175,0.0,0.68359375,1.86674558637307e-07,-6.840481262818537e-07,0.015781811722079393,-0.1316768437098719,0.12858786504751904,-0.2966947555737438,3.802474387951685,0.26152380952380955,69.7265625,7.118210102117285e-07,-0.01431405606306093,1.3595699629092395,-3.7643201201809613,2.983905698914185,-0.13611681842811788,-0.6304508224251069,0.0008333333333333334,0.68359375,0.0008003078099016737,34.87746,0.06561339,34.70929,35.131714,0.054575358,-0.84761643,0.0,0.68359375,2.5921233e-06
S8,1,-0.00011273331130267218,0.2436834550425027,-0.6218023426825587,1.6062295077775683,4.28550086998951,22.814456174566498,0.01742857142857143,8.88671875,0.00017102124673171887,3.8388687860398067,0.012873768497494057,3.707122802734375,3.9188385009765625,0.354447737415814,0.7203229598383509,0.0,0.68359375,1.8671369846095488e-07,-3.9812704822645814e-07,0.011754660091662032,-0.06867461329826752,0.06550558418133912,-0.14864306277633133,0.8445772244014411,0.267,71.09375,3.930323303357538e-07,0.014318280731901056,1.3106017928004992,-2.529926160719928,2.576458353368484,0.004908907850149207,-1.166271526949544,0.0008809523809523809,0.68359375,0.0009061721392297199,34.885513,0.059259865,34.70929,35.08841,-0.33026683,-0.5074487,0.0,0.68359375,2.6222945e-06
S8,1,0.00019355931947253964,0.24519935689453526,-0.6149956233901958,1.6062295077775683,4.255954448112432,22.419371662728558,0.018666666666666668,8.88671875,0.0001687963970289809,3.8196365628923687,0.015344262933237287,3.6380767822265625,3.91693115234375,0.016068587514283764,0.3969937845456868,0.0,0.68359375,1.9350762782279837e-07,7.991498911197554e-07,0.011410725754054173,-0.09999962135311397,0.08066049602639445,-0.32000470940362336,2.312227267303693,0.2651428571428571,45.1171875,3.731254837593129e-07,0.014005827508006583,1.3523590791740465,-2.529926160719928,2.337313579669318,-0.02690442424723185,-1.3123233162843844,0.0008333333333333334,0.68359375,0.0008949870373133403,34.886368,0.051985223,34.684692,35.08841,-0.21779741,0.14456367,0.0,0.68359375,2.6792284e-06
S8,1,2.218123364080395e-05,0.2485405098227644,-0.6860641525895125,1.5977468399221841,4.147865466614103,21.464316101479866,0.018476190476190476,8.88671875,0.00016812755670303066,3.7963639849708195,0.018343465014243034,3.5694122314453125,3.914642333984375,-0.20159994546401558,0.41525302245855134,0.0,0.68359375,2.0251061123573003e-07,-6.549647186380136e-07,0.014461017940219393,-0.23059026006452546,0.14897256685045238,-0.30008048843540397,6.708157962350674,0.25792857142857145,58.10546875,6.01371180666014e-07,-0.012531709972285117,1.906945778428388,-5.41879659081668,5.659913979421977,-0.014044501842247323,0.24032847735582052,0.0007619047619047619,0.68359375,0.0014024052943932843,34.830982,0.054921634,34.62787,35.01581,-0.28574958,-0.57987475,0.0,0.68359375,2.6218781e-06
S8,1,-0.00019459211193270176,0.25126990561330464,-0.6860641525895125,1.598792069135854,4.092400883710891,20.919372675126038,0.01730952380952381,9.5703125,0.00017576763860356696,3.7731469563075475,0.0170131163515054,3.5694122314453125,3.87115478515625,0.5227999402870066,0.4475639588975482,0.0,0.68359375,2.01381835969153e-07,-5.482254447780318e-07,0.013744506051323177,-0.23059026006452546,0.14897256685045238,-0.2210879448777087,7.692063051505041,0.26407142857142857,58.10546875,5.445317204875993e-07,-0.004920460617087304,2.175689264639052,-5.41879659081668,5.659913979421977,0.03264760192433142,-0.530731949216674,0.0007619047619047619,0.68359375,0.0018338888144900974,34.836647,0.071923085,34.62787,35.074524,0.292947,-0.7555113,0.0,0.68359375,2.6164876e-06
S8,1,-4.836343125612144e-06,0.24733795584278281,-0.6546169201532231,1.598792069135854,4.163660544467545,21.721743044988653,0.015809523809523808,8.88671875,0.00018279401074530134,3.7653244654337565,0.010029211713115755,3.62091064453125,3.87115478515625,0.5886245054980934,3.4534213825875364,0.0,0.68359375,1.9344642002488163e-07,8.111175048764949e-08,0.009674744158859728,-0.06487181444255657,0.07162166758788263,-0.06211118908971429,1.1511403226558752,0.2861904761904762,28.02734375,2.663126516836371e-07,-0.004595084732914892,1.8551814868928433,-3.7774869309232946,4.050527247128383,0.06571709871917546,-1.165100728064778,0.0007857142857142857,0.68359375,0.0014788023745086047,34.930412,0.082854055,34.657043,35.139435,-0.78554904,-0.36298466,0.0,0.68359375,2.7488195e-06
S8,1,-2.8888990822912576e-05,0.24737221269722226,-0.6547597292492258,1.5923994708246856,4.141606643116955,21.693468817018726,0.015428571428571429,8.88671875,0.0001694210720793301,3.773738143557594,0.013509218855760455,3.70635986328125,3.8715362548828125,1.2665792557453126,1.856614755231842,0.0,0.68359375,1.9747986232511247e-07,-7.56704366217642e-08,0.008984465060026396,-0.052501882052708004,0.04379282866860119,-0.042457500124749824,0.6663949993160854,0.30333333333333334,28.02734375,2.2919998637449057e-07,-0.01909370763253583,1.6566176357500102,-3.0622173822964096,3.008825604177659,0.03563403770206584,-1.3516236179764338,0.0008333333333333334,0.68359375,0.0013326981282704379,35.0095,0.03877157,34.869324,35.15799,-0.6412693,0.2743001,0.0,260.44921875,2.8294135e-06
S8,1,-1.043113960604401e-05,0.2471728766377527,-0.6547597292492258,1.594074615022167,4.1569111599745625,21.806876013324437,0.016428571428571428,8.88671875,0.00015939798287749183,3.7901842026483443,0.0167058681532526,3.68804931640625,3.8722991943359375,-0.16398283685366022,-0.4992103304705209,0.0,0.68359375,1.9927565073002767e-07,1.5017972820796314e-07,0.008454177532961425,-0.0429905391940386,0.05327595717907327,-0.02844845021709248,0.8286986509118237,0.31457142857142856,28.02734375,2.0035263930299981e-07,0.00973175783807249,1.684527984299901,-3.2452775267910017,3.008825604177659,0.025476604788908352,-1.297151319369889,0.0007857142857142857,0.68359375,0.001158663417790577,35.033592,0.03467231,34.921722,35.18741,-0.73222005,0.71314,0.0,0.68359375,2.8581285e-06
S8,1,-5.4100869031988585e-06,0.24061673405336276,-0.6286710692012099,1.60880357951223,4.331126035284519,23.310202209785892,0.01826190476190476,8.88671875,0.0001623655853057356,3.798256392706008,0.009917439499702151,3.68804931640625,3.8722991943359375,0.743894361447306,3.1910037301571217,0.0,0.68359375,1.9524056989119597e-07,2.574145800549308e-07,0.008156462228775975,-0.04078210331426593,0.05327595717907327,-0.050090998192682125,0.7660622533109422,0.31792857142857145,28.02734375,1.8910824377785363e-07,0.024789030461408304,1.412600273605002,-3.2452775267910017,2.9371935068885477,-0.00816708493272032,-0.8730640767331566,0.0007619047619047619,0.68359375,0.0007231919327677971,35.054146,0.03896976,34.921722,35.21219,-0.6391026,0.24614596,0.0,0.68359375,2.9312873e-06
S8,1,-6.716192557673044e-05,0.24025532284912332,-0.6527594910526502,1.6125878246553562,4.389967176875141,23.58929871554071,0.018476190476190476,8.88671875,0.00016757305093348325,3.7975855327787853,0.010073642431621496,3.7075042724609375,3.89862060546875,0.8781843303648819,3.1238271976850207,0.0,0.68359375,1.9626909051636897e-07,-1.69765955940822e-07,0.008137488943969396,-0.04519753282505541,0.05055005743814936,-0.07298094967029915,0.793823381787949,0.31776190476190475,28.7109375,1.8807006927037212e-07,-0.009709507239720437,1.3404345355682268,-3.212656547143361,2.7156407690898554,-0.055765229444344706,-0.8650070430081405,0.0007857142857142857,0.68359375,0.0007331037016803105,35.082085,0.036347907,34.952545,35.22766,-0.81665486,0.6005173,0.0,28.7109375,3.010648e-06
S8,1,0.0004978358415196476,0.2437037240727678,-0.6527594910526502,1.6155665438901161,4.34231596502086,22.943618914707894,0.018,8.88671875,0.00016881287158454188,3.8027879442487444,0.009563032176108613,3.745269775390625,3.9043426513671875,1.0114426775958247,4.034837095244568,0.0,0.68359375,1.958071464693916e-07,8.685934567792435e-07,0.007985610848875396,-0.04760951102356549,0.05055005743814936,-0.07860476800473885,1.0564406344187889,0.31995238095238093,28.7109375,1.8058763957060733e-07,-0.021176050211699233,1.4774389709668967,-3.212656547143361,2.7156407690898554,-0.027632969484212795,-1.0969045580599972,0.0008095238095238096,0.68359375,0.0009432344126075617,35.053417,0.059995193,34.86621,35.22766,-0.5120833,-0.6077497,0.0,0.68359375,2.9646358e-06
S8,1,4.107729552535098e-05,0.24258963214081128,-0.5867729480561367,1.6155665438901161,4.366543670374749,23.147959490597998,0.017952380952380952,8.88671875,0.0001720216763304022,3.8047217505318778,0.008815111985898327,3.754425048828125,3.9043426513671875,1.2922503761457473,4.834824949147057,0.0,0.68359375,1.9458000219933572e-07,2.5252746564091586e-07,0.007991223163150636,-0.04760951102356549,0.040606029076326905,-0.07614954243981475,0.9593876570029094,0.3212857142857143,28.02734375,1.8225330662073294e-07,0.02329579511072229,1.306701624196472,-2.8132891116822276,2.673401190367665,-0.029425532004023255,-1.1897085998175168,0.0008571428571428571,0.68359375,0.0008419072605438542,35.01495,0.044878677,34.86621,35.213715,-0.1635559,0.23934555,0.0,0.68359375,2.8496033e-06
S8,1,-0.00041625321334471147,0.24217556916171976,-0.6009467636598848,1.6191561927003837,4.381641446155363,23.22817773012218,0.018523809523809522,8.88671875,0.00016784804194552546,3.80293698992048,0.009074700463615349,3.7479400634765625,3.89862060546875,1.096990468036379,3.7111695851921622,0.0,0.68359375,1.909341123243012e-07,-2.4945183218332263e-07,0.010499890032833931,-0.1515184592804089,0.17785080240912732,-0.1400464515228611,14.196707041551939,0.3055952380952381,37.59765625,3.0978222702633827e-07,0.03740998492746956,1.4055941868130633,-2.8928571089638586,2.7050425411552115,-0.07671055128976002,-1.152578479318033,0.0008095238095238096,0.68359375,0.0008534938852486679,35.03775,0.04149709,34.90323,35.209045,-0.46370006,0.090786695,0.0,0.68359375,2.841683e-06
S8,1,-6.932397903146976e-05,0.24098780179569532,-0.6322104007135524,1.6191561927003837,4.373586856601412,23.46279067057847,0.01904761904761905,8.88671875,0.00016722440741888126,3.7981100990658714,0.01082788912967395,3.6334991455078125,3.89862060546875,0.27025286985336855,4.5801845866012805,0.0,0.68359375,1.9525908399778964e-07,-6.369438409641303e-07,0.01045450779474833,-0.1515184592804089,0.17785080240912732,-0.1417625028118924,14.441290044088298,0.30454761904761907,37.59765625,3.0629809435167496e-07,-0.020310493515527717,1.4036482528916039,-2.8928571089638586,2.7050425411552115,-0.03533135631155701,-1.079133537438609,0.0007857142857142857,0.68359375,0.0007936886837048006,35.02159,0.06342008,34.796967,35.209045,-0.6526382,-0.40258265,0.0,0.68359375,2.8395064e-06
S8,1,-6.115007732383929e-05,0.24125867870004927,-0.6322104007135524,1.602436679687854,4.339893930580496,23.304181366468917,0.018285714285714287,8.88671875,0.00016877187990014722,3.800403758457729,0.015778181665379466,3.6334991455078125,3.8883209228515625,0.8253822444861202,1.9645879140679519,0.0,0.68359375,2.0040494827725847e-07,-4.426019194437772e-07,0.009739844973976815,-0.0868621767343362,0.07086731390074442,-0.08890382023225106,2.044204650698454,0.2985952380952381,28.7109375,2.732551327454624e-07,-0.011675227780024191,1.3234564756968747,-2.589431492619526,2.51008126628025,0.0020661577460107084,-1.2013659852329397,0.0008095238095238096,0.68359375,0.0007773016829441508,34.975685,0.06160573,34.792328,35.18741,-0.08843896,-0.4688809,0.0,0.68359375,2.7695705e-06
S8,1,6.694804514716632e-05,0.2432798526365163,-0.6205100348071397,1.602436679687854,4.315352197045882,22.873293132347875,0.01695238095238095,8.88671875,0.00016555482084368414,3.8194897515433177,0.018870817376177677,3.6590576171875,3.8974761962890625,-0.3873281558258863,-0.24382324993007565,0.0,0.68359375,1.960983583777974e-07,1.2140353734496547e-06,0.010668618094083466,-0.0957449487371597,0.12888642836367994,-0.05721453984849235,3.8226968246133337,0.28864285714285715,54.6875,3.249225128793598e-07,-0.0022412177066476737,1.2905070960036427,-2.420581556648625,2.51008126628025,0.010867064219061957,-1.3005652046994416,0.0007857142857142857,0.68359375,0.0007397466046716259,34.970192,0.054377902,34.792328,35.168823,-0.36157656,-0.30250978,0.0,0.68359375,2.7581602e-06
S8,1,0.000361551607684935,0.24442259701370414,-0.6205100348071397,1.6031212407212319,4.318063284395676,22.793757362417075,0.01619047619047619,8.88671875,0.00017432612489186208,3.824482618059431,0.01435239158245218,3.57513427734375,3.9081573486328125,-0.46699914440631396,3.6298458567766065,0.0,0.68359375,1.9592836032096184e-07,-5.4424525536296366e-08,0.009136206077215074,-0.0957449487371597,0.12888642836367994,-0.0433106114802534,5.448373799090634,0.3063571428571429,64.94140625,2.3505813624037824e-07,-0.013123609957255034,1.303906299136469,-2.5509169539137027,2.6348451085335136,0.00626311890723084,-1.2178123088464243,0.0007857142857142857,0.68359375,0.0007322745290708352,34.9576,0.052351624,34.789246,35.168823,-0.35335162,-0.25018525,0.0,0.68359375,2.7401397e-06
S8,1,-0.00027645456558860246,0.24671537086334017,-0.7318693135953128,1.6767833112699813,4.041414188515565,20.968305831932028,0.019357142857142857,8.88671875,0.00018500995520122295,3.8143057868594217,0.021889447436836115,3.57513427734375,3.9356231689453125,0.9577785300392376,1.4636053649793626,0.0,0.68359375,2.253616795924741e-07,-8.563341049839917e-07,0.017963593611153492,-0.39383195340752775,0.3675675036289964,-0.0038018875798502727,95.47464591173008,0.3115476190476191,58.7890625,9.514351486455983e-07,-0.04295434161699097,2.157768511789554,-6.8087224759192955,7.645804970152529,-0.12695333490361166,1.9868565559405074,0.0007857142857142857,0.68359375,0.0017325912359911952,34.938904,0.051330134,34.678528,35.110046,-0.67844486,0.08523965,0.0,0.68359375,2.7176052e-06
S8,3,-1.819803251025069e-05,0.24490422707476747,-0.6470583308601525,1.6380372728594288,4.3024827095144,23.070962821637888,0.01814285714285714,8.88671875,0.00016354774508515031,3.803972916376023,0.019739086792411233,3.7303924560546875,3.91845703125,0.7622429817836894,0.3581819242163644,0.0,0.68359375,1.8842190980869897e-07,1.539461642487058e-07,0.010441031920943917,-0.28930288928763404,0.2385162875676271,-1.392823154567132,80.0835269794932,0.2932619047619048,62.20703125,3.023451497642412e-07,0.03945814647126277,3.356596955657625,-7.271945449951035,6.676449530729171,-0.018748255754301533,-0.6892012971882999,0.0006428571428571428,0.68359375,0.003085296414154228,34.985012,0.06069866,34.73694,35.171936,-0.8008383,0.2194035,0.0,0.68359375,2.7831832e-06
S8,3,-0.0001157406751462027,0.24085956767851052,-0.6214123311951407,1.6380372728594288,4.388497251750134,23.437084328870995,0.019571428571428573,8.88671875,0.00015592786526433386,3.78393246786935,0.011413354489019926,3.71246337890625,3.8608551025390625,0.5027809145499906,1.4066432709046035,0.0,0.68359375,1.8032867308228404e-07,3.201261642364198e-07,0.009316377078340005,-0.27686529098942836,0.1730845892345691,-1.256405120538937,48.16548839719865,0.294,25.29296875,2.493560868990704e-07,0.12808905957093114,2.7824929610416245,-7.271945449951035,6.424654270217662,-0.07581270915323325,-0.19804274036270986,0.0007619047619047619,0.68359375,0.0022765520846426417,34.976307,0.056263603,34.8031,35.171936,-0.20155667,-0.55429316,0.0,0.68359375,2.7958988e-06
S8,3,7.690638319916422e-06,0.24395684960671266,-0.5591953274177656,1.6386843158383702,4.339333839890271,22.58653803615815,0.022333333333333334,8.88671875,0.0001640112257451191,3.779621496654692,0.01029396568898338,3.533172607421875,3.8608551025390625,0.35400459105672916,10.031597612789106,0.0,0.68359375,1.896700604880787e-07,-3.762451992211675e-07,0.009466716195969496,-0.18202741988528728,0.16263228008576514,-0.26020916824864565,12.875878189654308,0.2806190476190476,26.66015625,2.4964832258871804e-07,-0.013300691383130073,3.4293981512452527,-10.892039728820265,11.303987273891831,0.042749856837284626,1.3159921229351932,0.000619047619047619,0.68359375,0.0025643811506815893,34.947655,0.05614261,34.77231,35.168823,0.02877431,-0.03604555,0.0,0.68359375,2.7563437e-06
S8,3,0.00012976758095072574,0.24400328787400588,-0.5591953274177656,1.6386843158383702,4.39484769048189,23.055346522425335,0.025523809523809525,8.88671875,0.00016665545545833469,3.772624315534319,0.012769094253153031,3.533172607421875,3.8829803466796875,0.16075242179528626,3.586708073842506,0.0,0.68359375,1.8606196196881107e-07,3.4454314579688056e-07,0.01144752037945672,-0.2773297869771141,0.19540041951472353,-1.3167389918547092,52.63038889096454,0.2695,58.7890625,3.8436225921628915e-07,-0.05096533279678139,3.603204567147694,-10.892039728820265,11.303987273891831,0.03219512668260984,0.5986398379978755,0.000619047619047619,0.68359375,0.0034366773959131213,34.997826,0.06751458,34.77231,35.233856,-0.7713111,-0.1858983,0.0,0.68359375,2.807762e-06
S8,3,0.00018318128310949413,0.24477773986031928,-0.5523624060097353,1.6110463297096538,4.386013797907908,22.89925007235309,0.02819047619047619,9.5703125,0.00017023960564725794,3.7547220502580916,0.015378132537761683,3.5709381103515625,3.8829803466796875,-0.17362983096700546,0.5865207182336278,0.0,0.68359375,1.7870323087442977e-07,-4.3150826905296206e-07,0.011052199978905716,-0.2773297869771141,0.19540041951472353,-1.3563109149560364,54.15275575132197,0.26754761904761903,79.296875,3.6168641333671245e-07,0.01830314980725716,2.68970960533166,-5.8166813411849265,4.871643519968454,-0.013676957489103364,-1.1295026051144865,0.0007380952380952381,0.68359375,0.003009438272502606,35.049778,0.03641809,34.892426,35.233856,-0.75676423,0.5145464,0.0,123.046875,2.8933234e-06
S8,3,-6.014722337460844e-05,0.24741548961498516,-0.5350338882991257,1.6229599621165018,4.3576908835440396,22.473157961105144,0.02780952380952381,6.15234375,0.00017570666189053774,3.7309654780796597,0.018368316508548758,3.5213470458984375,3.8478851318359375,0.30693683602511057,0.043091845328936174,0.0,0.68359375,1.8235685479948954e-07,-4.683735121449978e-07,0.009694233018421,-0.0704776946133208,0.05571092381915641,-0.0719587812179503,1.0661828050830993,0.2654761904761905,28.7109375,2.697922024095353e-07,0.0100776746835227,2.978744279987871,-5.871062877931494,6.056363417813713,0.0727350231820967,-1.0247110163039894,0.0006666666666666666,0.68359375,0.0027966743948544186,35.064537,0.033979923,34.90323,35.21219,-0.9629698,0.754318,0.0,153.125,2.9944608e-06
S8,3,-0.00013700096184400825,0.24504289203028862,-0.5454432652998911,1.6229599621165018,4.3920273289343985,22.874610064072236,0.031190476190476192,6.15234375,0.00017299943987927197,3.7222350347609745,0.01177962925406775,3.5213470458984375,3.82232666015625,0.20096523857687199,3.6445940444478113,0.0,0.68359375,1.8411496650644353e-07,9.968854550931753e-07,0.010033962115282085,-0.0704776946133208,0.057515119310082116,-0.08354399592974014,1.024224571938304,0.2628809523809524,28.7109375,2.8946734301703543e-07,0.0012454976738699877,3.0340289485843726,-7.0946814623747665,6.056363417813713,-0.020890385406445475,-0.8675780222778564,0.0007142857142857143,0.68359375,0.002843169070174689,35.050457,0.038461354,34.912445,35.21219,-0.6848916,0.30731678,0.0,233.7890625,2.9321911e-06
S8,3,6.877518169279578e-05,0.24994499454948968,-0.5454432652998911,1.6299532656155873,4.297446780170265,21.727853999332886,0.03247619047619048,6.15234375,0.00017852081988802793,3.7279746645972844,0.010661664209024696,3.5724639892578125,3.82232666015625,0.38943332038815726,3.679970002390995,0.0,0.68359375,1.8631556109547851e-07,-6.606781236831929e-07,0.011431779312264242,-0.116208744855808,0.1480359089548059,-0.12287358730507207,5.444561304499922,0.259547619047619,73.14453125,3.689916859424308e-07,-0.005809696292582831,2.462368788854747,-7.0946814623747665,5.432079019660989,-0.20266055044333786,-0.47549028330758825,0.0007380952380952381,0.68359375,0.0022099570325044113,35.01445,0.04557339,34.836975,35.171936,-0.6760273,0.09820652,0.0,0.68359375,2.8087761e-06
S8,3,-8.861983094431063e-05,0.2485470183563749,-0.568722874407886,1.6299532656155873,4.34205988875501,22.249416170963013,0.030523809523809523,6.15234375,0.00017640050184106854,3.7171735763549805,0.016100067773820587,3.6083221435546875,3.8173675537109375,0.09176070460559593,-0.15069466864440928,0.0,0.68359375,1.9023454400467972e-07,-1.650844125620781e-07,0.01162962143795249,-0.116208744855808,0.1480359089548059,-0.11270328279889412,5.295198890009097,0.2565,73.14453125,3.8320858629857245e-07,-0.008923851921037803,2.4806811797049684,-6.131256587636912,5.463749838938619,-0.11091601198884218,-0.8090472772147468,0.0007142857142857143,0.68359375,0.002072105202779162,35.02031,0.048837364,34.836975,35.201355,-0.61250836,-0.083811045,0.0,0.68359375,2.853305e-06
S8,3,1.588542930987158e-05,0.24798150380009662,-0.568722874407886,1.6230684133908608,4.375970735346827,22.53988470714532,0.029904761904761906,6.15234375,0.00016667477731648907,3.6966862360636394,0.014368304609011099,3.626251220703125,3.7967681884765625,0.5169567254662433,0.6831026481725271,0.0,0.68359375,1.881132230243661e-07,1.2312642837330339e-06,0.0103097595584272,-0.06007144049173967,0.09784479939035093,-0.12424909743837137,1.206012079208116,0.2647380952380952,29.39453125,3.0281958744672173e-07,-0.0074201925224240154,2.7658519795372465,-6.9734976022660895,5.463749838938619,-0.3087457347572204,-0.5720200488770595,0.0007619047619047619,0.68359375,0.002606535989492655,35.029205,0.03833647,34.90323,35.201355,-0.5589018,0.31704187,0.0,192.08984375,2.8599775e-06
S8,3,1.9150189332645984e-05,0.24811691900254781,-0.5623952751843103,1.6144166525829575,4.3897243599378015,22.493521301745805,0.029357142857142856,6.15234375,0.00017210106464377148,3.678125454130627,0.013458817286058411,3.60260009765625,3.7990570068359375,0.3994532951744188,0.6818316278506567,0.0,0.68359375,1.8363678373378184e-07,-2.0644166842961638e-07,0.010068285299818312,-0.054641536935687615,0.05509056655913881,-0.13894163653217662,0.785556536642277,0.2695952380952381,29.39453125,2.894733003654737e-07,0.01217004917454779,2.6099558729816064,-6.9734976022660895,5.0339364355262575,-0.29556185368866067,-0.5212556485262017,0.0007857142857142857,0.68359375,0.002525575499943349,35.014412,0.038631387,34.85544,35.164185,-0.7440152,0.5227821,0.0,0.68359375,2.8182906e-06
S8,3,-3.8598147804333855e-05,0.242878417317456,-0.5374770091720001,1.604291589291302,4.474681954340246,23.527239929194085,0.028,6.15234375,0.00017151849602784803,3.6603567577543714,0.012663737775721794,3.580474853515625,3.7990570068359375,0.196126651115789,0.8514505284690128,0.0,0.68359375,1.821153303004405e-07,-2.837974705366935e-07,0.009912399935059208,-0.04828740898137982,0.05612922646338994,-0.1282097009039162,0.5897613697302995,0.2688333333333333,27.34375,2.814294076211956e-07,-0.0014866386330120891,2.22438766764228,-4.579837201346352,4.863394912774435,0.024778148169685044,-1.0260980363017616,0.0007857142857142857,0.68359375,0.0020381888453473063,35.007263,0.041829582,34.8508,35.164185,-0.6227832,0.2724836,0.0,0.68359375,2.8341994e-06
S8,2,-0.00020783042233342606,0.3079031137686661,-0.735938881020385,1.6753803544108317,2.9127832245625114,11.20281731145489,0.012357142857142856,6.8359375,0.0002715168142972596,3.6983189719063896,0.015486973106599664,3.53851318359375,3.77960205078125,0.7701033912410321,0.32702672873081173,0.0,0.68359375,1.6730857219616292e-07,-3.8586876987150006e-07,0.011881919692851656,-0.16814951815064114,0.20121261371132093,-0.2884569115549245,18.1988272189094,0.2905714285714286,30.078125,4.1367829410654255e-07,-0.0366115733583686,3.3227261329077185,-6.420144867565181,10.005699932486202,0.4004831559242224,-0.18288827894133775,0.0005238095238095238,0.68359375,0.002568468780481559,34.864487,0.03916251,34.71234,35.039,-0.50564754,0.39242005,0.0,123.046875,2.5319935e-06
S8,2,-0.000260033381750656,0.3033708532083037,-0.6740593498404915,1.7314323774621962,2.966485768748371,11.53345976761725,0.013047619047619047,1.3671875,0.0002596267503250256,3.7064597901843843,0.013244223844823124,3.534698486328125,3.7906646728515625,0.3460857799214212,1.5146038008805407,0.0,0.68359375,1.7463437577170828e-07,5.617652013573049e-07,0.012038532271893778,-0.14982241139062946,0.11892462088525127,-0.054050480114692497,6.712616394566108,0.28545238095238096,30.078125,4.1953420912498497e-07,0.06178192909958049,3.426574509929517,-6.420144867565181,10.005699932486202,0.45519427812860674,0.02116331992941456,0.0005238095238095238,0.68359375,0.0024988961865862816,34.90798,0.04229929,34.761536,35.07608,-0.38958523,0.06493187,0.0,281.640625,2.5936317e-06
S8,2,0.00021377062467637896,0.2963647392762192,-0.6740593498404915,1.7314323774621962,3.077290717189285,12.305050202428946,0.013023809523809524,1.3671875,0.00024222244635075128,3.719872810727074,0.01818649883800125,3.50494384765625,3.8105010986328125,0.12021631698487481,0.17929919762021074,0.0,0.68359375,1.7708927276913467e-07,4.4926852343708926e-07,0.0119065615895815,-0.14982241139062946,0.11892462088525127,0.003823889294458944,5.410140776768333,0.29119047619047617,33.49609375,4.046501753061346e-07,-0.11852244058502401,3.6275894829443884,-8.702993515889471,9.570746266633808,0.316003069999508,-0.14978411791825996,0.0005476190476190477,0.68359375,0.003325985889267955,34.945347,0.035003215,34.82312,35.09149,-0.727635,0.57923913,0.0,207.12890625,2.6368261e-06
S8,2,0.00016854865999468195,0.3023398490827691,-1.480107726284635,1.6665758881115091,2.848714339404731,11.746847291752495,0.013047619047619047,1.3671875,0.00026134429620945334,3.74348262605213,0.015562066287139194,3.50494384765625,3.8455963134765625,-0.06354831878766334,2.064970507056522,0.0,0.68359375,1.745021059262861e-07,-2.3182089607089437e-07,0.010119272435387286,-0.08174111821714386,0.07306202670327859,0.11431058947872924,2.209625520999711,0.30707142857142855,33.49609375,2.8867864059549106e-07,-0.05071868852876096,4.383167576999703,-8.702993515889471,9.839753669890918,0.2422951126999349,-0.5468083696633288,0.0005,0.68359375,0.004091357102155677,34.967884,0.03333474,34.8508,35.122437,-0.8067801,0.8098023,0.0,135.3515625,2.657062e-06
S8,2,-0.00012493319588934907,0.3190540800324579,-1.5303843276366726,1.6665758881115091,2.3722294008210287,9.985044481317408,0.014857142857142857,1.3671875,0.00031170958140182834,3.766596830458868,0.01925851919858885,3.5953521728515625,3.894805908203125,0.11837439566050344,-0.1404539992465117,0.0,0.68359375,1.7434861672646792e-07,-2.5208757331474195e-07,0.011239610506176676,-0.12686698843655633,0.1450897047949853,0.14354758243219592,6.325239996725548,0.3051190476190476,36.23046875,3.6643679328154216e-07,-0.031169693788742507,4.712296471091499,-8.340350643649659,12.256161819166412,0.5091211375994811,-0.4578863654105998,0.0005238095238095238,0.68359375,0.0037635845390273748,34.98176,0.03368035,34.860077,35.127045,-0.76707476,0.7624712,0.0,0.68359375,2.6974528e-06
S8,2,3.993538864130432e-05,0.3326612174845728,-1.5303843276366726,1.6476863478283916,2.1413080500534485,8.857806620669136,0.016,1.3671875,0.0003175513680239186,3.7767254965645924,0.012242809494163235,3.5854339599609375,3.894805908203125,0.49415474778794355,4.0793427814117935,0.0,0.68359375,1.687705515196088e-07,-3.6812509967098505e-07,0.011112482613664688,-0.12686698843655633,0.1450897047949853,0.14106667728822506,6.5441835211923,0.3050952380952381,60.83984375,3.5615690667695946e-07,-0.10919164909816763,4.801846160259245,-7.527490458536146,12.256161819166412,0.6269345803514861,-0.5365089338825153,0.0004761904761904762,0.68359375,0.0035596539889569414,35.00081,0.038105845,34.861572,35.159546,-0.59879386,0.3060789,0.0,344.53125,2.7632e-06
S8,2,-0.00035450809373411705,0.33883858249697335,-1.515665673805305,1.641764790672165,2.1204105270349207,8.497366907956655,0.015785714285714285,1.3671875,0.0003138580200841318,3.779777717590332,0.019773918611391807,3.5854339599609375,3.8959503173828125,1.8330342529177797,2.9833491140800357,0.0,0.68359375,1.6615124378210178e-07,7.432461549404267e-08,0.010072003575901009,-0.07770966861851349,0.11160669490634076,0.17499660197322328,3.4728468233604026,0.30207142857142855,33.49609375,2.895618874226869e-07,0.1802771495183831,4.857318532964409,-9.29497020401283,10.253299660281147,0.2527515112347648,-0.8809213126894964,0.0005,0.68359375,0.0043329659156265505,35.020153,0.03384123,34.892426,35.159546,-0.92563796,0.7490332,0.0,337.6953125,2.8067336e-06
S8,2,0.00016725914589184738,0.3288817054564297,-1.4826037124680131,1.651508017726725,2.2924401303012663,9.255315466433732,0.014809523809523809,1.3671875,0.0003088838631031282,3.812875357128325,0.03252068588772993,3.66973876953125,3.9051055908203125,-0.3511010763486216,-1.4863604152681582,0.0,0.68359375,1.6461799565111905e-07,9.963213098025802e-08,0.011639219316811382,-0.14154976524453372,0.23694229299772301,0.39752156406154043,14.22041885714749,0.29704761904761906,34.1796875,3.9251366924855116e-07,0.1403683999490284,4.457121873483507,-9.29497020401283,11.23323262087907,0.2572406223468578,-0.4857423222901569,0.0005952380952380953,0.68359375,0.00440443429119393,35.04322,0.037757523,34.912445,35.20288,-0.60015315,0.25461936,0.0,329.4921875,2.8492457e-06
S8,2,0.0004174706302694037,0.317546154035829,-1.4826037124680131,1.6591278802444094,2.5259044033701357,10.486969938170992,0.015,1.3671875,0.0003008192863093737,3.8481317247663225,0.016611348120347882,3.73687744140625,3.951263427734375,0.8854163978257581,0.6255815874815713,0.0,0.68359375,1.5848534433985655e-07,1.2363016701831187e-07,0.011884541973160528,-0.14154976524453372,0.23694229299772301,0.26069654087281735,15.928385955169912,0.30657142857142855,62.890625,4.123597374415143e-07,0.0820179684111111,3.9566117620911343,-7.581061384190524,11.23323262087907,0.43020323874129807,0.06271225609534836,0.000619047619047619,0.68359375,0.0032075061539257634,35.074837,0.035352528,34.9433,35.2106,-0.8686829,0.63026476,0.0,334.27734375,2.9134928e-06
S8,2,-0.00024142287762753386,0.31336292771524077,-1.4524200496994815,1.6591278802444094,2.6184356922139522,10.985271284205718,0.015809523809523808,2.734375,0.0002991740170935893,3.8396847588675365,0.023126551783291652,3.73687744140625,3.951263427734375,0.36650873089720326,-0.3621106422148692,0.0,0.68359375,1.6449671212467188e-07,-9.578500062893222e-07,0.011803840436628084,-0.1145027220522282,0.1299189134934581,-0.07047927426052988,6.319634850864189,0.2889285714285714,56.0546875,4.0075509016959646e-07,-0.021388115124215606,3.1483400096149396,-7.581061384190524,9.226955769395412,0.5238480731262591,0.5140611968595317,0.0005952380952380953,0.68359375,0.0019172534397565017,35.08734,0.032637157,34.977234,35.21524,-1.096747,1.0142312,0.0,341.11328125,2.9379112e-06
S8,2,-1.6430596130101564e-05,0.31209245294082055,-1.510861350722724,1.6278399840274131,2.592096324017639,11.00175246997784,0.017404761904761906,2.734375,0.0002857937882616979,3.823576918102446,0.02930609750273899,3.723907470703125,3.94439697265625,0.586965833118532,-0.20788020194542822,0.0,0.68359375,1.7171540793980057e-07,-2.2238259432463032e-07,0.013637332440059378,-0.16377922448498025,0.2884626737694899,0.6161262449763114,28.201200343206374,0.2850714285714286,48.53515625,5.344956403472479e-07,-0.09391087724208769,2.607231660090395,-5.721496220687075,6.320456451204141,0.3333213780321024,-0.8390253305972251,0.0006428571428571428,0.68359375,0.0018470969133834259,35.090683,0.033287838,34.95871,35.21991,-1.0262934,0.9078536,0.0,309.66796875,2.8933275e-06
S8,2,0.00017590047863821123,0.29453718541063906,-1.510861350722724,1.6545483458981745,2.9906161877308195,13.071501936322733,0.017,2.734375,0.0002461763099912677,3.8333741324288506,0.030264871127818484,3.6853790283203125,3.94439697265625,-0.20938655283605193,-0.6609714949235634,0.0,0.68359375,1.682772339013439e-07,1.1924182563457037e-06,0.011908205754015107,-0.16377922448498025,0.2884626737694899,0.8752153941468696,48.43676742063533,0.32492857142857146,48.53515625,4.0774829337429685e-07,-0.02584487627252776,2.832349626700758,-7.132634989690936,6.320456451204141,0.10057456470120257,-0.5697241683339103,0.0007857142857142857,0.68359375,0.0030515566299338863,35.102825,0.034703527,34.95871,35.241577,-0.9173766,0.75128174,0.0,239.94140625,2.9013784e-06
S8,2,0.0002318007131149976,0.28233908337778485,-0.5659541761917797,1.6545483458981745,3.5288836431493507,15.033696543993422,0.014714285714285714,6.15234375,0.0002250855178932794,3.824732426234654,0.02088494360000024,3.5709381103515625,3.9310455322265625,0.04008304846844519,-0.40255991611820185,0.0,0.68359375,1.6344703957953351e-07,2.633907867502089e-07,0.00836674706923055,-0.1338008486012778,0.06543042842075193,-0.3420689421483044,5.750576781366918,0.33666666666666667,23.92578125,1.9916884915792539e-07,-0.023367432995142358,2.6992573020563952,-7.132634989690936,6.158284793747807,-0.01932356251028018,-0.6377563345703736,0.0007857142857142857,0.68359375,0.0029103396477224742,35.116306,0.033761438,34.972595,35.258636,-0.9775306,0.8461399,0.0,272.75390625,2.941039e-06
S8,2,0.00046414261018008963,0.30057746712072375,-0.5853506507568531,1.6392745107633382,3.2634125130940803,12.9059091255067,0.012952380952380953,6.15234375,0.00025146213161353494,3.7966001601446244,0.015077544631957688,3.5709381103515625,3.8913726806640625,0.3503791798459217,1.0308260851378366,0.0,0.68359375,1.6138547819852938e-07,2.1164529294586214e-07,0.009325048362196124,-0.057660521481944824,0.07280299958371297,-0.05219534364550026,1.3422756185529385,0.31595238095238093,29.39453125,2.4870845729580447e-07,0.033149969701745226,1.9431703338682773,-4.2653321140969,4.6165866138765,-0.05229865290288332,-0.4184361909710077,0.0006904761904761905,0.68359375,0.0013188079851468302,35.13428,0.03604353,35.009644,35.278778,-0.76836234,0.62516356,0.0,250.1953125,2.9191842e-06
S8,2,-0.00010102621015089176,0.33253347093454705,-1.4838598216005254,1.6620943281394969,2.5412783257969775,9.528651300347857,0.012238095238095239,1.3671875,0.0003211114731679455,3.801839029221308,0.0276489455733696,3.731536865234375,3.9215087890625,1.1816640071697952,0.20656666247259237,0.0,0.68359375,1.6047987654645197e-07,1.7662026994500136e-07,0.010986071565872137,-0.13140722426651952,0.19422314073846147,0.16977087299552068,10.389544934360682,0.2991904761904762,54.6875,3.37414163418686e-07,0.03551519886094799,1.6555156724023499,-4.132104142576775,5.07418304191323,0.47298702771505935,0.5107285884826598,0.0006666666666666666,0.68359375,0.0007275272444522276,35.16102,0.035881337,35.03125,35.29892,-0.85371584,0.6653929,0.0,211.9140625,2.9385546e-06
S8,2,-0.0003749181063031311,0.33032210968449316,-1.4838598216005254,1.7327859226610483,2.520301952499748,9.561474225623401,0.013595238095238096,2.05078125,0.0003178580408795605,3.861484800066267,0.056773298759917275,3.731536865234375,4.0325164794921875,0.36012260047038136,-0.7491468205651537,0.0,0.68359375,1.7949631279800843e-07,1.0664945469993369e-06,0.011711567775799774,-0.14000953661787055,0.19422314073846147,0.11519546471471881,12.682312555844033,0.29633333333333334,54.6875,3.88406859466084e-07,0.012783693536265822,3.6981609011524665,-13.818222299914096,14.887791632337725,0.3613805211832447,3.7520148985340525,0.0006904761904761905,0.68359375,0.004620743447225247,35.171173,0.034240488,35.01892,35.305115,-0.99639094,0.8441477,0.0,263.8671875,2.9477385e-06
S8,2,-0.0003226371410891627,0.30618886170522397,-0.7221591872147101,1.7327859226610483,3.0979785035427585,11.996914037742064,0.014261904761904762,6.8359375,0.0002654165062312619,3.9043845312935965,0.049079272432992115,3.76129150390625,4.0882110595703125,1.0058708390102697,0.3173386861359666,0.0,0.68359375,1.9846322398469908e-07,-1.151039861749559e-06,0.01764141385651556,-0.19532719026173292,0.2550975811891368,0.11409533888864688,13.61981422325784,0.28685714285714287,56.0546875,8.984296536066804e-07,-0.0006873827039285792,4.252622400935007,-13.818222299914096,14.887791632337725,0.3673401775845659,1.5491398853900407,0.0006666666666666666,0.68359375,0.00594152059591931,35.18133,0.037165046,35.01892,35.33304,-0.8250676,0.6010685,0.0,8.88671875,2.926812e-06
S8,2,0.0004083336248945491,0.29424482195613083,-0.7221591872147101,1.708043355699057,3.3580193698854557,13.734361990278444,0.015976190476190477,6.8359375,0.00023928337609623596,3.9299365089053198,0.0524188210358053,3.83148193359375,4.0882110595703125,0.27760789547263753,-0.8989134031012251,0.0,0.68359375,1.7374520684787263e-07,-1.413407771488496e-06,0.026336055256643034,-0.19532719026173292,0.2550975811891368,-0.03061965634786595,3.205446405393568,0.27185714285714285,51.26953125,2.001405345061397e-06,-0.0035571396265717493,2.7078765359946773,-7.2832500611879345,9.371859548660634,0.6207543124499896,1.6583976338130393,0.0005952380952380953,0.68359375,0.0022164181133867873,35.211704,0.037464496,35.07144,35.36252,-0.7316053,0.60102415,0.0,244.7265625,2.86693e-06
S8,2,0.00033742125752910825,0.28669151464549325,-0.5330653693126655,1.634866240579408,3.541358580928315,14.916965420520725,0.0155,6.8359375,0.0002377617810138425,3.9348081861223494,0.031770638061959275,3.7319183349609375,4.084014892578125,1.2581974757763195,0.6631333426343589,0.0,0.68359375,1.457764601388362e-07,2.7962686934861174e-06,0.027467807772748768,-0.18522682884095654,0.14529753113566848,-0.08576625045073347,0.8008085185112246,0.2724285714285714,48.53515625,2.1565058574019756e-06,-0.05164991537455837,2.692772551401749,-7.082113346677974,8.14560721823727,0.24989739746518844,0.5901677636581097,0.0005476190476190477,0.68359375,0.0018223384457560885,35.237656,0.034036122,35.085327,35.37802,-0.9844008,1.0367718,0.0,279.58984375,2.8566874e-06
S8,2,1.710698965834349e-05,0.32052847153161973,-1.4648857503273032,1.6846454473164572,2.6781562662268446,10.675712910233786,0.012833333333333334,1.3671875,0.00031651988965810464,3.922496123540969,0.026863379197787453,3.7319183349609375,4.058837890625,1.6424906974241968,2.0498147045047794,0.0,0.68359375,1.650060441368242e-07,-4.498926377645663e-07,0.024545783328697217,-0.11963127459716125,0.12212129264769263,-0.08636377082137818,0.5389208417961,0.27214285714285713,43.06640625,1.7321628095149111e-06,-0.03923704044702482,3.1101332631522833,-7.082113346677974,8.14560721823727,0.2761286825625558,-0.3244886947738741,0.0005238095238095238,0.68359375,0.0022103790401764114,35.25566,0.033404645,35.119354,35.401306,-0.98803705,1.0095735,0.0,242.67578125,2.921518e-06
S8,2,-6.883107075436647e-05,0.3478900969404983,-1.4789801393832078,1.6846454473164572,2.1669404456065595,8.31931916062739,0.012333333333333333,1.3671875,0.00035185174289197225,3.940925289335705,0.02711172627546305,3.7532806396484375,4.058837890625,0.037088882511856325,-0.2679505315192592,0.0,0.68359375,1.6990737772176072e-07,7.340858450850535e-07,0.024232391450548927,-0.11963127459716125,0.16416572170764562,-0.048004564297411643,0.6680766849722266,0.2700714285714286,43.06640625,1.6802969608826892e-06,0.010459074039726965,2.174109382685277,-5.4298825328010505,6.573919277579877,0.38036735581185416,0.4020593769386527,0.0005476190476190477,0.68359375,0.001033178892322592,35.271423,0.03302594,35.127045,35.40909,-1.0901427,1.1472402,0.0,347.94921875,2.9202133e-06
S8,2,-2.0971220849201783e-06,0.32569102054002774,-1.4789801393832078,1.6688857070243062,2.626179778748712,10.386105949538916,0.012952380952380953,1.3671875,0.00029713338601094954,4.001678494044713,0.08324282497435839,3.7532806396484375,4.2537689208984375,1.2923128212291062,0.2211107397739922,0.0,0.68359375,2.1080333550389618e-07,-2.8820977429443473e-06,0.024515392261930835,-0.12546631519335721,0.16416572170764562,-0.02769199176051749,0.7948890665640169,0.2694047619047619,54.00390625,1.7047860486774362e-06,0.003220933966933834,2.293644996215727,-5.249521099667054,7.036992077712373,0.45849592408509976,0.2727846721320568,0.000619047619047619,0.68359375,0.0015053743055230572,35.28557,0.03276884,35.156433,35.432373,-1.118925,1.3047295,0.0,347.94921875,2.8916604e-06
S8,2,-3.121978701030467e-05,0.2959639132734154,-0.8855661137686692,1.7545413559166854,3.2922767213645403,13.543831599452893,0.014357142857142857,6.15234375,0.000258285237908731,4.164367276146298,0.1507969335232697,3.8173675537109375,4.5398712158203125,0.2879256928644312,-0.6744373167423094,0.0,0.68359375,2.7117380006096094e-07,-3.0839078262043345e-06,0.02377779868945789,-0.17142352418346657,0.1545294771076166,-0.06361378682605684,1.8406518826030318,0.26530952380952383,46.484375,1.6006870097877129e-06,-0.0404951636303716,4.8026026150879435,-14.367265152537401,14.472863719749634,0.18833057478227183,1.237151282073575,0.000619047619047619,0.68359375,0.0059353064182863695,35.29481,0.032279354,35.15799,35.432373,-1.1965286,1.392282,0.0,19.140625,2.9096627e-06
S9,1,-0.00015198758319242173,0.22610046553962285,-1.031609153676374,1.4799810556994921,0.990068836131856,11.708681803779,0.011857142857142858,8.203125,0.0001435971374309052,2.116476821899414,0.03896991039115045,1.8436431884765625,2.2335052490234375,-0.0751763641853866,-0.9551440671707692,0.0,0.68359375,3.597957236977893e-07,1.2258691341551494e-06,0.01910093379117001,-0.16779602519355497,0.11124550277691611,-0.301086745411767,2.7281375060129474,0.25776190476190475,51.26953125,1.055638945427047e-06,-0.05881469539025526,4.2638293561280145,-11.367635675246856,11.638764778942392,-0.015181856665859592,0.05887272530292176,0.0006428571428571428,0.68359375,0.004343280504000758,33.82441,0.054203223,33.59134,34.03006,0.028082933,-0.63537025,0.0,86.1328125,1.4082447e-06
S9,1,-5.2236587396441714e-05,0.21629158486280484,-1.0034977783631662,1.3527813849889367,0.992900742047332,12.506688474923044,0.011,10.9375,0.0001323636354646351,2.056525502886091,0.03325466875662785,1.8436431884765625,2.1839141845703125,0.418179042208742,-0.7455101378606206,0.0,0.68359375,3.545662397961994e-07,-3.877158931857687e-06,0.016624746645688238,-0.10848567623859282,0.15840958127738103,-0.32013193732029516,1.5569466803183554,0.2585,50.5859375,7.91148480676211e-07,0.013496661368861441,2.6140620142135256,-5.0611087407418625,4.896648613029313,0.08215255832470328,-1.2532219968831264,0.0006428571428571428,0.68359375,0.00205255353354985,33.893234,0.04284424,33.761078,34.057465,-0.44991693,-0.4412756,0.0,158.59375,1.501261e-06
S9,1,-8.185452883285014e-06,0.21684222131799963,-0.9594119184090372,1.3444906652135018,1.01384693576331,12.037643743548974,0.011023809523809524,10.9375,0.000136706854487895,2.0152072452363514,0.02094682714943435,1.9260406494140625,2.120208740234375,-0.04642521472219749,0.02859820356359677,0.0,0.68359375,3.530214248327207e-07,-7.094517983072612e-07,0.014938204411903801,-0.10480012060736947,0.15840958127738103,-0.2278904185211645,2.129036502149334,0.2728333333333333,36.9140625,6.410118786811658e-07,0.009154407052816753,2.6275442269875464,-5.312724280897425,4.794513299402598,0.06319202858013588,-1.2726993779252582,0.000619047619047619,0.68359375,0.001981515780111654,33.92117,0.027029987,33.77774,34.071167,-0.36481157,1.3723922,0.0,48.53515625,1.5381288e-06
S9,1,0.00017963408661071436,0.21670968303271654,-0.9635349409487807,1.3711593339955093,1.175015837902747,12.221261491514348,0.011357142857142857,10.9375,0.0001262771344671889,1.973566636585054,0.03282876891867072,1.59912109375,2.104949951171875,0.0010831088074975462,-0.6780210040022903,0.0,0.68359375,3.7285774051205336e-07,5.341328859500821e-07,0.014127706126065741,-0.08184717156456574,0.09088384361408758,-0.2123470026141136,0.7072617349984847,0.2732380952380952,38.28125,5.694560174168569e-07,0.0244082031417479,2.7815299529276007,-5.312724280897425,5.231231060981287,0.05521563746076724,-1.296514347527808,0.0005952380952380953,0.68359375,0.0019633809861191185,33.916912,0.02889902,33.783813,34.089447,-0.15175049,1.0400252,0.0,23.92578125,1.5419455e-06
S9,1,1.953924167662087e-05,0.2163573917423265,-0.9635349409487807,1.4185473293032793,1.3586613856471115,13.242685645636652,0.011619047619047619,10.9375,0.0001266708149010441,1.9266774313790458,0.025641887078553346,1.5987396240234375,2.07672119140625,0.12487971844639384,1.3896144187163264,0.0,0.68359375,3.8530203254241195e-07,-6.551017212567404e-07,0.014978334206226513,-0.08184717156456574,0.10592673581902286,-0.18940715934133887,0.785551055161211,0.2705714285714286,47.8515625,6.394966628777861e-07,-0.051540846739511856,3.0865942851362425,-8.37503088527087,5.917972683372618,-0.13402516495229755,-0.7228075248781973,0.0005476190476190477,0.68359375,0.0020583625438603545,33.95427,0.050252557,33.826294,34.148895,0.04863998,-0.8181405,0.0,322.65625,1.550196e-06
S9,1,-0.00018307708652546702,0.21266808214462607,-0.9599870263761693,1.4185473293032793,1.476648795933648,14.054018653368804,0.01130952380952381,10.9375,0.0001275662342729517,1.8888746352422805,0.024287967316963095,1.5987396240234375,2.008056640625,0.08464270019938429,0.2536556166739139,0.0,306.25,3.7194358070658456e-07,3.819316331126014e-07,0.014884092560472064,-0.0850312457838084,0.10592673581902286,-0.2011361790732403,0.866500275956676,0.2714285714285714,40.33203125,6.317227216222948e-07,-0.017591863258490093,3.0100357449830666,-8.37503088527087,5.917972683372618,-0.20075821771199706,-0.5753509007638957,0.0005238095238095238,0.68359375,0.0019134789665514323,34.01002,0.03199659,33.836975,34.19925,-0.4928746,0.55911016,0.0,319.921875,1.5864238e-06
S9,1,0.00026242608048822634,0.20741463350540576,-0.9206545125206986,1.3503241561499892,1.4619916959107517,13.962390726883733,0.010857142857142857,10.9375,0.00011712716076704728,1.8550557000296457,0.021390385009357603,1.4850616455078125,1.982879638671875,0.13892720013692975,1.9212039019544749,0.0,257.71484375,3.668329152811314e-07,1.5827751390804692e-06,0.014515380695585724,-0.0850312457838084,0.058083526724985235,-0.2409996331329188,0.5971856233405188,0.2705952380952381,49.21875,6.002620128693831e-07,0.023423558396736013,2.5209459855712772,-4.806465427139898,4.817561545186301,0.028476636546759478,-1.2402160258849078,0.000619047619047619,0.68359375,0.0017103045355627996,34.021015,0.024702182,33.839996,34.19925,-0.5016457,2.0850306,0.0,23.2421875,1.6089948e-06
S9,1,0.001238885142308311,0.21334207884388215,-0.8868149960772438,1.3606990336282843,1.3633927368889394,12.098835503356456,0.010976190476190476,10.25390625,0.00012867195927074356,1.8261544182187035,0.02017651895689468,1.4850616455078125,1.982879638671875,0.15586302047942102,2.5025248322117415,0.0,0.68359375,3.8513918562487767e-07,-1.22475337171821e-06,0.014904343100420131,-0.1314251273379675,0.09366079268365128,-0.2374322935356509,1.0228410066126417,0.2717380952380952,43.75,6.335208706163905e-07,0.0478568873452802,2.4843893747825745,-3.9670614223551497,4.49623540896246,0.09375255292086558,-1.3940394506331613,0.0006428571428571428,0.68359375,0.0017879834337516198,34.023018,0.024875572,33.839996,34.15808,-0.52514046,1.8290696,0.0,4.1015625,1.5984847e-06
S9,1,-0.00025755922530169324,0.222969621899271,-1.0998922426559865,1.365801833923445,1.289206417568969,11.601674496406728,0.011428571428571429,10.25390625,0.00014489101878876454,1.8233602251325334,0.022446449178196517,1.5697479248046875,1.93939208984375,0.7634613580363427,0.6376859836398872,0.0,0.68359375,3.772721794794679e-07,-1.4229238716353917e-06,0.014006936410108453,-0.1314251273379675,0.09366079268365128,-0.27767636968475834,1.3088523766715934,0.27985714285714286,44.43359375,5.622146064989326e-07,0.014980836963162578,2.580665264242772,-5.581859269650112,5.805643147787498,0.1099591974575762,-1.0322543024265134,0.0006428571428571428,0.68359375,0.002076178686892084,34.05474,0.036366697,33.89618,34.22827,-0.064011395,-0.18960619,0.0,28.7109375,1.6577467e-06
S9,1,-0.0010374059391548012,0.21509069453215798,-1.0998922426559865,1.365801833923445,1.3346078536297872,13.07872558597489,0.01119047619047619,10.25390625,0.00013170947284480116,1.809943135579427,0.03140870413120056,1.67388916015625,1.93939208984375,0.46961505918853785,-0.5941279723319326,0.0,0.68359375,3.6353424799942643e-07,1.278147756841444e-06,0.012399279107243522,-0.07975925321673064,0.05960835189770885,-0.3135837488031069,0.6310203597494608,0.28195238095238095,45.80078125,4.368469314292421e-07,-0.004337792338454219,2.3032266686112295,-5.581859269650112,5.805643147787498,0.07219681386853885,-0.6679047619816898,0.0006666666666666666,0.68359375,0.001675488789100094,34.09093,0.031267513,33.9281,34.249634,-0.24011898,0.6839671,0.0,12.3046875,1.7277031e-06
S9,1,0.00030575085998864825,0.2031714633195593,-0.8937301936043532,1.312341683338781,1.4715625847236842,13.840160478601966,0.010619047619047618,10.9375,0.00011778890061691952,1.7694785617646718,0.021954930784897103,1.4217376708984375,1.882171630859375,0.21237334956581813,1.111854097095808,0.0,344.53125,3.6716060338787045e-07,-2.757017206430152e-07,0.01235606859408715,-0.07666938678220866,0.050552399238083676,-0.2533073816723183,0.6142436540400085,0.2786190476190476,45.80078125,4.348991298534448e-07,-0.04903083511564547,1.9138900028541848,-3.835553194535628,3.1625134732642692,0.03926201298555721,-1.3758875804621846,0.0006666666666666666,0.68359375,0.0010986962366623587,34.126205,0.0376214,33.955505,34.283264,-0.38207015,-0.075363636,0.0,86.81640625,1.7334087e-06
S9,1,-0.00010828722323342787,0.20761414165144643,-0.9238445930841296,1.3589836267656872,1.4659080364553847,13.647080726691357,0.011023809523809524,10.9375,0.0001239936866938479,1.7407566978817894,0.018647708811170102,1.4217376708984375,1.8459320068359375,0.3315439453131229,2.189759772877184,0.0,345.8984375,3.7406083184565313e-07,-1.1482648281923586e-06,0.013670734973129388,-0.07666938678220866,0.07122914646858118,-0.2699241317898181,0.7173167984960296,0.2722380952380952,45.80078125,5.336266997205046e-07,-0.03363018334839719,2.076154944733764,-4.005845331710136,4.113986758468945,0.06624901497657347,-1.262321855426767,0.0006428571428571428,0.68359375,0.0012979736960230949,34.141148,0.032862816,34.020935,34.290894,-0.56401485,0.44154453,0.0,79.98046875,1.7354417e-06
S9,1,-0.00025654407146022016,0.20936027831150872,-0.9238445930841296,1.3589836267656872,1.4160476810153255,13.525872115545425,0.01119047619047619,10.25390625,0.00012754455859106725,1.7175824483235678,0.01679243480081723,1.4789581298828125,1.837158203125,0.39623350213346625,2.338591136799937,0.0,346.58203125,3.709128548010114e-07,2.2823472514533162e-07,0.01458385044131314,-0.08933113470345562,0.07122914646858118,-0.30939705334087747,0.7553438706317976,0.26502380952380955,43.75,6.055128699948035e-07,0.04176818768414301,2.227131677188432,-4.005845331710136,4.113986758468945,0.031330039438151935,-1.3495095671286113,0.0006666666666666666,0.68359375,0.001595222652820676,34.12613,0.033415023,34.005676,34.290894,-0.19038752,0.2880187,0.0,79.98046875,1.7280361e-06
S9,1,-1.2333544284962466e-05,0.21232517674094817,-0.9566175297520089,1.36305633871463,1.4569372076423737,12.780884795603715,0.011404761904761905,10.25390625,0.00013153711202057948,1.700376201811291,0.014523797365848069,1.42364501953125,1.815032958984375,0.36689439337763563,8.243823190698626,0.0,0.68359375,3.7985184606673966e-07,1.544918604751106e-06,0.014784298102872935,-0.08933113470345562,0.09298388224778037,-0.2918358407229359,1.120360313160007,0.26735714285714285,39.6484375,6.266029993752103e-07,-0.01787983004413404,2.224585514678469,-5.439739909661001,4.415695376260718,-0.08735329893630744,-1.114164708161339,0.0007380952380952381,0.68359375,0.0017540971988090903,34.151295,0.041813288,34.005676,34.350525,-0.2381171,-0.40389562,0.0,47.16796875,1.7700626e-06
S9,1,9.938455427029486e-05,0.21718952205217606,-0.9566175297520089,1.3737970426500679,1.660941424236751,12.894317455661342,0.0115,10.25390625,0.00013749552649255963,1.6849370411464146,0.016204895292176186,1.42364501953125,1.7940521240234375,0.25813547846612334,3.6721286428972038,0.0,0.68359375,3.782593523861112e-07,-2.118204347071071e-07,0.013240146418859062,-0.14618916092275472,0.13105264361171542,-0.30738832409130784,3.2197555697869147,0.28176190476190477,39.6484375,5.004498725918941e-07,0.017482788072308745,2.3042200882093216,-5.439739909661001,5.571733286884628,-0.07119226834965468,-0.8797031581730845,0.0007142857142857143,0.68359375,0.0017917943307404164,34.184883,0.02894842,34.057465,34.350525,-0.5150759,0.9509065,0.0,5.46875,1.8099257e-06
S9,1,-0.00011868028882228287,0.21485383720696383,-0.9150864697212843,1.3737970426500679,1.8791033174779055,14.52578168853459,0.010880952380952382,10.25390625,0.0001334166387573138,1.6665149688720704,0.0161685173222135,1.5026092529296875,1.7681121826171875,0.6852539444518232,1.0970824316275234,0.0,259.08203125,3.688573092372331e-07,-9.086182642372867e-07,0.009882049661601564,-0.14618916092275472,0.13105264361171542,-0.3760691530732815,6.743597507406363,0.2982142857142857,30.078125,2.7623103719659464e-07,0.012813752470801623,2.0658832068557764,-4.614887115451092,5.571733286884628,0.08118495294314826,-0.8385760823027626,0.0006666666666666666,0.68359375,0.0013395029260593117,34.196827,0.029139236,34.057465,34.361206,-0.6412799,0.92133,0.0,17.7734375,1.8032393e-06
S9,1,0.00015270072518915634,0.21571790768652763,-0.9798320663111554,1.3611793458400256,1.8649826683209405,14.453507209485334,0.012333333333333333,10.9375,0.0001340844062520066,1.6532020841326032,0.012270430507307173,1.5026092529296875,1.74560546875,1.2132637415306275,3.4768081250031875,0.0,290.52734375,3.67131890605596e-07,1.3621576985108041e-08,0.01027522756294779,-0.09671031635304608,0.0820328009196014,-0.4054885835237594,4.696216766836018,0.30554761904761907,29.39453125,2.99773409873483e-07,-0.05023440731147973,1.738891303224297,-3.129856948449581,3.9245309201577716,0.15926763794832194,-1.1994102093501782,0.0006666666666666666,0.68359375,0.0009921458885371825,34.17376,0.09011361,33.761078,34.362732,-1.7987207,2.1705756,0.0,0.68359375,1.790727e-06
S9,1,0.00013538197693385284,0.21152038672515178,-0.9798320663111554,1.3611793458400256,1.829458554796999,13.908129451056453,0.015547619047619048,10.9375,0.00012177755452048028,1.6506587709699359,0.011909411730830164,1.3599395751953125,1.749420166015625,0.8264716341634903,16.393649541183724,0.0,302.83203125,3.802738136352764e-07,1.1800807821454782e-06,0.012434064693221187,-0.0982457698214762,0.0820328009196014,-0.4341640922444366,2.7721171262452726,0.2987619047619048,34.86328125,4.343551644338878e-07,0.0045572014752044325,1.8496535133822942,-3.2452966468893227,3.9245309201577716,0.10098190141042425,-1.194055800445583,0.0006428571428571428,0.68359375,0.001114022039903509,34.003284,0.16262345,33.741333,34.362732,0.44630674,-1.523632,0.0,0.68359375,1.6477157e-06
S9,1,-4.9821649607875734e-05,0.20102662574760605,-0.8560738249846515,1.3537723118550367,1.861049598218923,14.183906283817084,0.01530952380952381,10.9375,0.00011346606320782309,1.6498134976341612,0.01220272967717438,1.3202667236328125,1.749420166015625,-0.18642950292948546,39.462913091384024,0.0,1.3671875,3.8893530169735856e-07,6.378459108137594e-07,0.011897910715777362,-0.0982457698214762,0.05832122076466236,-0.4294904015963778,1.5402024354461004,0.29254761904761906,32.12890625,4.0188419825993337e-07,0.03212207838088524,1.7602496164318895,-3.2452966468893227,3.55954623440887,0.019053928637805275,-1.305233518540246,0.0006428571428571428,0.68359375,0.0009209965945995003,33.885384,0.03738552,33.741333,34.054443,-0.23382318,-0.28693342,0.0,23.2421875,1.5136095e-06
S9,1,3.4049974242172625e-05,0.2075870136160618,-0.9017497289983092,1.278728003771008,1.8005869593980643,12.46467020623545,0.013857142857142858,10.25390625,0.00013186558075344937,1.6447203045799619,0.01266868135340575,1.3202667236328125,1.7303466796875,0.47442458786487585,22.920060094724814,0.0,0.68359375,3.779659533149787e-07,-1.3059535270051137e-06,0.010507169189923818,-0.08567919094196733,0.05545126568596705,-0.41242723989595415,2.002700257727331,0.3071190476190476,28.02734375,3.210219368779723e-07,0.049442224784252274,1.654587629148268,-2.6338815323502,2.872752308397896,0.030640330293727255,-1.4332126695390093,0.0006666666666666666,0.68359375,0.0008169082760117178,33.92207,0.0331813,33.7641,34.078827,-0.53765494,0.71865225,0.0,3.41796875,1.5585084e-06
S9,1,-0.00017858579328936514,0.21232765142224597,-0.9017497289983092,1.3746953717892738,1.7719001325809862,12.139129051364016,0.014642857142857143,10.9375,0.00013562160304395952,1.648845827011835,0.02222748702805064,1.5766143798828125,1.7688751220703125,1.4688984395632319,1.7276625815017939,0.0,0.68359375,3.6994359180049155e-07,4.597272652148556e-07,0.012575956043664328,-0.08665496230885139,0.06519390874572661,-0.4307258361918426,2.0509437932187,0.2883095238095238,28.7109375,4.559617590000351e-07,0.0434669111226584,1.9432364460318792,-3.9630809514012317,8.44632193610919,0.722620062568521,1.6709280702030593,0.0006428571428571428,0.68359375,0.0009528141005381753,33.92725,0.030188909,33.779266,34.078827,-0.32413477,0.6672077,0.0,1.3671875,1.5686436e-06
S9,1,-3.966471329144083e-05,0.21871131447535402,-0.9760877856819347,1.414599953518726,1.6433179430345473,11.96302983441159,0.013880952380952381,10.9375,0.0001412587969921303,1.6640467689150855,0.022193884488964092,1.4484405517578125,1.7688751220703125,0.18464577227091813,0.17778478206390957,0.0,0.68359375,3.6239758749932433e-07,8.289204494869913e-07,0.015915144877209915,-0.08665496230885139,0.07907359134556852,-0.39110359192394983,0.966367827314023,0.25845238095238093,37.59765625,7.288840259525664e-07,0.04761863494251421,2.990455938979329,-8.989952654845048,8.44632193610919,0.0684196288961952,0.5064440638964043,0.000619047619047619,0.68359375,0.002081300397507941,33.986732,0.082525745,33.823303,34.25116,0.33339605,-1.1486046,0.0,0.68359375,1.5819065e-06
S9,1,-5.8909173317463105e-05,0.22566953213744803,-0.9760877856819347,1.4369334693118563,1.7173291393838706,11.584922935335529,0.012428571428571428,8.203125,0.00014955674160092847,1.6701395488920665,0.011874068860501413,1.4484405517578125,1.746368408203125,1.018548138227037,5.979458639452382,0.0,0.68359375,3.5677968125726313e-07,-1.0494744011121297e-06,0.016144248990022095,-0.08656364878450541,0.07907359134556852,-0.378162795663475,0.7732269298809924,0.267,52.63671875,7.464579561197583e-07,-0.07363583229457919,3.3251667172687793,-8.989952654845048,8.373968098485582,0.00825533286823897,-0.6621116724880078,0.0005952380952380953,0.68359375,0.0026321819555990868,34.10876,0.06674759,33.891632,34.30771,-0.6290506,-0.5287819,0.0,133.984375,1.6956928e-06
S9,1,-3.055133583711766e-05,0.21787345815955644,-0.8414339001276648,1.4369334693118563,1.8338097112823208,12.197845473642115,0.01219047619047619,8.203125,0.00013622745559878233,1.6622915086292085,0.01346332268022923,1.549530029296875,1.7425537109375,0.8699120956195227,1.7948601154244876,0.0,98.4375,3.622536286110847e-07,-3.053680866700324e-07,0.014753546009172488,-0.10449021416259695,0.06593701381747713,-0.361823451999379,0.6945388534895423,0.2733809523809524,52.63671875,6.234121502819538e-07,-0.1093093750694903,3.2291667640280894,-7.408784786352882,8.894423362518811,0.22833795906113985,-0.5869213707442964,0.0005714285714285715,0.68359375,0.0025335594125505323,34.17261,0.029759087,34.060516,34.31839,-0.4322654,0.8667462,0.0,133.984375,1.7907894e-06
S9,1,0.00013128140461408198,0.2130245649903514,-0.8414339001276648,1.369786308903254,1.683962509442207,11.627054442144107,0.011761904761904762,8.203125,0.00013000428010014357,1.653921599615188,0.01188603637270913,1.5766143798828125,1.7314910888671875,1.3377402384371397,3.1854524245408404,0.0,86.1328125,3.5341372438626227e-07,1.2626313540442086e-06,0.014603704930682108,-0.10449021416259695,0.06345684770269272,-0.3441837101458105,0.656945184112756,0.2737380952380952,29.39453125,6.09129973390933e-07,-0.008541492468748402,3.3639644479686788,-7.408784786352882,8.894423362518811,0.11974310442337426,-0.7292038535581611,0.0006428571428571428,0.68359375,0.0032618205555462695,34.196815,0.029136512,34.072723,34.34439,-0.49646285,0.924068,0.0,193.45703125,1.8076116e-06
S9,1,-0.000302513827321819,0.21135999771284059,-0.8463532091519296,1.3182276566685225,1.6323646560273406,11.405486322271743,0.011428571428571429,8.203125,0.00012888314885521667,1.648438853309268,0.012341028726317968,1.5850067138671875,1.7307281494140625,1.1565433573234896,2.567075104250133,0.0,0.68359375,3.423450342752236e-07,1.3159661333899535e-07,0.015204361438974162,-0.1278946395932102,0.15443881678113047,-0.3232140762292487,1.7910187865550347,0.2761904761904762,57.421875,6.39289666390866e-07,-0.04375842667697486,3.213607742959375,-7.167043919024108,5.863463698953698,-0.0042740823244615395,-1.227940249841801,0.0006904761904761905,0.68359375,0.003408223954838662,34.23442,0.038038533,34.119934,34.40866,-0.109806776,-0.23911572,0.0,26.66015625,1.8357954e-06
S9,1,-0.00010710698079747468,0.22770127396090048,-0.9256499666558868,1.4234799544060373,1.4944704079989504,10.01449010654409,0.011952380952380952,1.3671875,0.00014447610710546392,1.6559728622436523,0.016596318410752722,1.3446807861328125,1.7913818359375,0.40165205367839146,3.522903017021199,0.0,0.68359375,3.6648363412527303e-07,-9.436639199486599e-07,0.014511861574734285,-0.15627359686168976,0.15443881678113047,-0.5200779880589179,6.52552334424036,0.2930714285714286,52.63671875,6.011722435262775e-07,0.06753394505524751,3.5772895171969856,-10.954796043408322,10.031402195810317,-0.06692602686423006,0.1991961302047156,0.0006428571428571428,0.68359375,0.00397481256056166,34.302757,0.057346303,34.151978,34.506653,0.2703291,-0.6655915,0.0,321.2890625,1.9386125e-06
S9,1,0.00029454117483670284,0.23517996596971566,-0.9866211251967287,1.4234799544060373,1.3609621859698127,9.932509078187493,0.011976190476190475,1.3671875,0.00015916129615071208,1.6622225716000512,0.012921720780669704,1.3446807861328125,1.7913818359375,0.8167101933872735,11.416068541715797,0.0,1.3671875,3.794778920180362e-07,-1.094567180838105e-06,0.014315240983524774,-0.15627359686168976,0.10241377476585183,-0.5539432497605687,6.134623385899365,0.304,32.12890625,5.749576857987005e-07,0.07218050292969695,3.611222570715904,-10.954796043408322,10.031402195810317,0.00671650493878441,0.19087796808672985,0.0006666666666666666,0.68359375,0.003951062198652489,34.36963,0.044414353,34.197754,34.53119,-0.76569194,0.054302692,0.0,320.60546875,1.9746712e-06
S9,1,5.540100274540985e-05,0.22474824877298322,-0.9866211251967287,1.3906636749369727,1.3470076613585804,11.523295866178971,0.011,11.62109375,0.0001471707854325192,1.6523346401396253,0.013060415408249407,1.3763427734375,1.7276763916015625,0.6888546746523468,6.984731991772234,0.0,345.8984375,3.6522509101477313e-07,5.332974576788472e-08,0.01576785745843364,-0.1066345992248348,0.09843416498473233,-0.30176187363052365,1.7261335742114445,0.28733333333333333,51.26953125,7.102077178031325e-07,-0.10027728089365345,3.374081948998476,-6.403995730430232,10.16687338371896,0.4386306601599774,-0.3083061093609425,0.0006666666666666666,0.68359375,0.003287520324623323,34.408127,0.030792084,34.298553,34.5849,-0.54406124,0.72509146,0.0,349.31640625,1.9647446e-06
S9,1,-0.0001315807881620339,0.21738891888792772,-0.9057248737440817,1.341222634041812,1.4528309614626405,11.61623624070442,0.0105,11.62109375,0.0001343666894666456,1.6458313896542505,0.011731739432654648,1.3763427734375,1.721954345703125,1.025594003214501,9.959207237530476,0.0,302.83203125,3.545551778931162e-07,1.3245306222224053e-06,0.013674614652362029,-0.10020539818408661,0.09843416498473233,-0.3046106550671503,2.3012536912662656,0.28195238095238095,41.69921875,5.309045204083074e-07,0.06042341614712108,3.333083682113957,-6.403995730430232,10.16687338371896,0.37902041916663665,-0.4474609976677759,0.000619047619047619,0.68359375,0.002746630177655996,34.402332,0.038149595,34.2695,34.5849,-0.63208115,0.19370866,0.0,341.11328125,1.9963366e-06
S9,1,0.00022855999974431224,0.21347219955840405,-0.8385029266841771,1.328974833617631,1.534493629967069,11.16362253696913,0.010833333333333334,1.3671875,0.00012742850230099796,1.647915522257487,0.016825624373187315,1.419830322265625,1.7490386962890625,1.380951252527359,3.1506588913811013,0.0,0.68359375,3.52216682917094e-07,-4.541294792333883e-08,0.010978788566669406,-0.07324661377866717,0.05861605980661309,-0.28484082715649556,0.9728858383170342,0.28773809523809524,31.4453125,3.42813650249391e-07,0.1023672938044649,3.1476091731509643,-5.485080430299939,5.9477883366572115,0.024646810627356512,-1.2584441873195609,0.0006428571428571428,0.68359375,0.0028374054391307915,34.372375,0.035123754,34.249634,34.540375,-0.20228276,0.28368044,0.0,334.9609375,2.030146e-06
S9,1,-2.4017233606021646e-05,0.2119536699537846,-0.8385029266841771,1.3968945815007385,1.5155122744850185,11.389462992737734,0.01119047619047619,7.51953125,0.00013273695559881435,1.664462643577939,0.022849593348449153,1.419830322265625,1.775360107421875,0.22449177097076453,-0.10221411836467809,0.0,0.68359375,3.559831320811132e-07,-9.130371608147162e-07,0.010967885810448033,-0.06503974155658193,0.05861605980661309,-0.21093297068730302,1.2129078817077987,0.2910714285714286,31.4453125,3.4101908124434383e-07,-0.10663876270316117,3.0985324008426014,-6.263320947149401,7.916037316336769,0.09620068379924868,-0.9046621223896958,0.0006904761904761905,0.68359375,0.0030701038357971097,34.330788,0.04399367,34.193146,34.5036,-0.18687789,-0.34213614,0.0,333.59375,1.9983133e-06
S9,1,-0.00041682681694337885,0.21338470622258557,-0.8667565045214974,1.434105469578808,1.483542458889585,11.222156383487375,0.011833333333333333,10.9375,0.00013324482557016301,1.6963735762096586,0.024435355595141844,1.61285400390625,1.8341064453125,0.2071895084081299,-0.6173536001428612,0.0,0.68359375,3.5876279383403145e-07,-3.777346225369759e-07,0.011276204227498239,-0.08726357519935347,0.07712796954811833,-0.1459078277455747,2.2374041596641163,0.28809523809523807,47.8515625,3.6424184916697965e-07,-0.035496250880383134,3.3281104713098606,-8.319006146398578,8.64815756054412,0.10589953301102552,-0.3055683883866065,0.0006428571428571428,0.68359375,0.0030071073123018005,34.30753,0.029944625,34.193146,34.445404,-0.6645042,0.8915386,0.0,347.94921875,1.9761349e-06
S9,1,-3.767907291950604e-05,0.21107491461317918,-0.8667565045214974,1.434105469578808,1.4224564177584187,10.612977920571476,0.011619047619047619,1.3671875,0.00012644219386099864,1.7246376491728284,0.017199243795194295,1.47552490234375,1.8341064453125,-0.011133381944293556,1.7300316837301608,0.0,0.68359375,3.661938049358309e-07,5.89221035354057e-07,0.010490670505282903,-0.08726357519935347,0.07712796954811833,-0.177519179890699,2.7909461703861194,0.2885238095238095,47.8515625,3.114765153566141e-07,0.03203931932254844,3.197103606957679,-8.319006146398578,8.64815756054412,0.06438792407922836,-0.4334710125784569,0.0005714285714285715,0.68359375,0.0023314546003207134,34.32427,0.027902404,34.21756,34.47757,-0.69819146,1.0553179,0.0,278.90625,1.9919553e-06
S9,1,0.00047706540582752733,0.20348407281058348,-0.7676121135588116,1.2547939164015227,1.4204526289436676,10.552460617178756,0.010785714285714286,8.203125,0.00011736356220244827,1.7280399685814267,0.013670824326093926,1.47552490234375,1.80816650390625,0.619896240264201,4.722118292362978,0.0,0.68359375,3.6332754662397344e-07,3.0658815173828224e-07,0.008982766264885013,-0.05395033553699135,0.044748176370952006,-0.27427129863769095,1.003196590128506,0.29538095238095236,28.02734375,2.2917273672969742e-07,-0.04509941038954401,2.886515606401223,-4.821408955994703,5.226450531108819,0.12923905230986793,-1.3338484052647768,0.0005952380952380953,0.68359375,0.00203616026520954,34.341846,0.028733145,34.229797,34.48523,-0.6219488,0.9715605,0.0,205.078125,1.9902386e-06
S9,1,-2.8916454131327946e-05,0.20017130192013372,-0.7426999815990392,1.2547939164015227,1.5420617980428482,10.890326689710628,0.010714285714285714,3.41796875,0.00010941431168996295,1.7137671879359655,0.014311740831066561,1.5644073486328125,1.80816650390625,0.7857021727410534,1.7663140177590808,0.0,101.85546875,3.512526892763958e-07,-3.1943204336636287e-07,0.009809586491491926,-0.06532326995201251,0.055141122872949914,-0.16331804079140985,1.0527370983724378,0.2948571428571429,28.02734375,2.7179988328179355e-07,0.034747915913178495,2.9322392714491317,-5.582995851130193,5.3241232479901655,0.05855477786499582,-1.2989004646375883,0.000619047619047619,0.68359375,0.002294923543821384,34.372192,0.035941444,34.24353,34.551117,-0.22790444,0.12580109,0.0,244.7265625,2.0072519e-06
S9,1,-0.00019818931043404342,0.21109463604428988,-0.9856274060228053,1.4220187505197044,1.4337926408538268,10.759007528767267,0.011047619047619047,1.3671875,0.00012944856853046787,1.7120195842924573,0.015472641609337246,1.5644073486328125,1.8321990966796875,0.9955171596436613,1.5941386590567603,0.0,0.68359375,3.4909300566439063e-07,-7.281528277352266e-07,0.01246270335117635,-0.26319800996776116,0.17213708916627513,-0.5905322505836964,19.61397362734556,0.29035714285714287,41.015625,4.574770800736776e-07,0.012648320016534528,3.401959230992462,-7.050566852482404,7.694843035566606,0.057473924004532044,-0.7768130898672481,0.0005714285714285715,0.68359375,0.0024079780218887997,34.413353,0.03895203,34.286285,34.59256,-0.02885512,0.28648567,0.0,322.65625,2.0358498e-06
S9,1,6.396279974395693e-05,0.22754895041833328,-0.9856274060228053,1.4220187505197044,1.2856345141540948,10.437765367877569,0.011928571428571429,2.734375,0.0001479778090413719,1.7588583719162714,0.052729391922697634,1.5350341796875,1.9256591796875,0.6196176220102831,-1.0946210401938594,0.0,0.68359375,3.723850700692499e-07,3.700755216317986e-07,0.016725842554861453,-0.26319800996776116,0.17213708916627513,-0.5129924221614243,7.784700232876936,0.27340476190476193,41.015625,8.086129409359293e-07,0.005335295475024016,3.5581110721081393,-7.050566852482404,7.694843035566606,0.07294295031585146,-0.7870654114550835,0.0005714285714285715,0.68359375,0.0026117569121588396,34.459747,0.04184573,34.31073,34.641663,-0.39479452,-0.21918893,0.0,333.59375,2.1002768e-06
S9,1,-0.00021473111405106036,0.228013979882596,-0.9892457300852722,1.3789526825085032,1.335129527700543,10.85467725595466,0.011857142857142858,8.203125,0.00014698909639901433,1.8164049784342449,0.03670496284773427,1.5350341796875,1.9256591796875,-1.1863530552612918,0.42661715834981884,0.0,0.68359375,3.5880025474368877e-07,-1.998572594337437e-07,0.017327685551378886,-0.15614832407778673,0.11700607603632524,-0.38979971082981457,1.8998111721022912,0.26754761904761903,37.59765625,8.54478625514336e-07,-0.0006051648665287584,3.002711897810926,-6.508575683794531,6.531595833845923,0.09315634904249218,-0.8826370836985036,0.0005952380952380953,0.68359375,0.002311942310926849,34.509926,0.03775035,34.384155,34.675476,-0.30567107,0.059659958,0.0,297.36328125,2.1630647e-06
S9,2,-0.0004883703409627106,0.24351281778575568,-1.0135271152308996,1.559941038861019,1.1494037245025883,8.38907730028263,0.0135,9.5703125,0.00017242622806020732,2.799204481215704,0.025210286250881602,2.6653289794921875,2.9102325439453125,0.5826374360542235,-0.2805408438771799,0.0,0.68359375,3.273429958999851e-07,-3.406777372856276e-07,0.016821840744706603,-0.10358941228637072,0.1240201196769743,-0.060282190902950866,1.4415269747283643,0.27145238095238095,40.33203125,8.109909193408536e-07,0.1047949327310427,3.163628340151462,-6.672918100361237,10.783919577396965,0.41775102570264994,0.36226797894246454,0.000619047619047619,0.68359375,0.002711085849688157,34.345444,0.05620184,34.167206,34.571075,-0.19311078,-0.71219397,0.0,205.76171875,1.9341915e-06
S9,2,0.00038088791292991586,0.23430418791846055,-0.8986394187966353,1.3783000534038947,1.1430588284950678,8.424733800903656,0.012428571428571428,2.734375,0.0001527776467540448,2.842365328470866,0.05550384594953139,2.6767730712890625,3.076171875,0.964318448399473,0.3739701115194345,0.0,0.68359375,3.2723734210179584e-07,-1.4835954797559111e-06,0.015217435053357774,-0.08774944707538196,0.10544754488964737,-0.16982211526460742,0.9282568753309173,0.2755952380952381,44.43359375,6.64458289593025e-07,0.02248712080161432,3.068518250149152,-7.880450266455968,7.66624327005766,0.15376395006560373,-0.2971198536654205,0.0006904761904761905,0.68359375,0.0027852591912623146,34.413845,0.040566467,34.27716,34.58026,-0.41623908,-0.111706495,0.0,60.15625,1.9598217e-06
S9,2,0.0002826955360386031,0.22098309027950547,-0.8765588551037733,1.3589904577753027,0.9495416346059071,8.329525243337162,0.012214285714285714,2.734375,0.00012650789088518158,2.9190194084530785,0.06026453491098414,2.6767730712890625,3.0788421630859375,-0.1573067209447013,-0.8024381768564681,0.0,0.68359375,3.511098021844249e-07,1.624277253992213e-06,0.014516911656447841,-0.0904546550542735,0.07419600778691282,-0.236780650471461,0.9423084589966053,0.2740714285714286,46.484375,5.96975575892445e-07,-0.10251197033166129,3.355218434127142,-7.880450266455968,7.66624327005766,0.19165516642824743,-0.6953389833256507,0.0006904761904761905,0.68359375,0.003234293650357485,34.460083,0.035545774,34.289337,34.610962,-0.37348825,0.17414236,0.0,60.15625,2.0386503e-06
S9,2,-0.00012042867207022157,0.21211752060987094,-0.8765588551037733,1.3112373579318455,0.8493272971733614,8.231917492630732,0.011928571428571429,2.734375,0.00011480507383485957,3.0175098600841705,0.07126604249136421,2.69317626953125,3.2352447509765625,0.0025422842593686625,-1.4090287508120187,0.0,0.68359375,3.5671876436422083e-07,-4.935407742987577e-07,0.013989826986397664,-0.0904546550542735,0.07419600778691282,-0.24360857550929724,0.879602546265196,0.2745952380952381,37.59765625,5.518776673138264e-07,-0.048311922237070266,3.13738902237487,-5.777100569939748,7.393352896599896,0.2668121626560561,-0.7997016432408075,0.0006666666666666666,0.68359375,0.002948216892523375,34.495255,0.032350577,34.381134,34.647797,-0.5168423,0.6314781,0.0,166.11328125,2.0950356e-06
S9,2,-0.0002721116001441775,0.20671151532684806,-0.8389322568251155,1.3277824137622964,0.8629882447670063,8.372566048166712,0.011619047619047619,2.734375,0.00012026593205879293,3.081140073140462,0.03399784403147944,2.878570556640625,3.2352447509765625,-1.1445591942871076,2.4673976972356924,0.0,0.68359375,3.496809090330808e-07,-1.6917135881601117e-06,0.012775553147313481,-0.07294876891561367,0.05998912705556245,-0.24655384286029441,0.8819495788821197,0.2814285714285714,32.12890625,4.639391780058195e-07,0.11697630744002609,2.7386142540948706,-5.402285090500294,7.393352896599896,0.21798085178866677,-0.4979407390880892,0.000619047619047619,0.68359375,0.0021685930002108907,34.523853,0.03173293,34.40866,34.71698,-0.5869337,0.6903732,0.0,155.17578125,2.1264543e-06
S9,2,-0.00016992298726151807,0.1986848105561585,-0.8113741989162361,1.3385380906840163,0.7375369103961082,8.312746663241944,0.01169047619047619,2.734375,0.0001143175566197945,3.105254282270159,0.030920025727380642,2.8606414794921875,3.2440185546875,0.41784664728475845,-0.21025826500733436,0.0,0.68359375,3.2335085812652294e-07,5.354505069187918e-08,0.012735857158493501,-0.09253823862874033,0.05998912705556245,-0.2346759119372912,1.0302784085302532,0.28814285714285715,31.4453125,4.6775251389902335e-07,0.11711465647619049,2.9751745589369416,-7.050594241257494,12.326680621982943,0.6083094234165936,1.6328328899871902,0.0005952380952380953,0.68359375,0.0024314331755154856,34.548466,0.032147516,34.410187,34.71698,-0.4068862,0.76855874,0.0,153.80859375,2.131979e-06
S9,2,0.00019438545121891346,0.20348128188317527,-0.8773006228949854,1.3768326857417024,0.864464951359911,8.988195859333427,0.01211904761904762,2.734375,0.00011216085526336653,3.1211124238513763,0.023897502888695955,2.8606414794921875,3.26385498046875,0.8158542508170548,1.093256359748664,0.0,0.68359375,2.977472529219995e-07,-3.261823335945644e-07,0.014226453102325898,-0.09253823862874033,0.0929284420159085,-0.225560772102189,1.1528140242199552,0.2898809523809524,32.12890625,5.751018913311563e-07,-0.08395212686943668,3.519452288125943,-9.751125347481402,12.326680621982943,0.4135442865243798,0.955852520953973,0.000619047619047619,0.68359375,0.003461916512030999,34.583096,0.038717523,34.453064,34.73694,-0.4845459,0.026788473,0.0,190.72265625,2.1660721e-06
S9,2,-7.97008283716701e-06,0.20620140382246707,-0.8773006228949854,1.3768326857417024,0.8773083805487707,8.854553847551106,0.013333333333333334,2.734375,0.00011386202457448558,3.166026669456845,0.0547045479000062,3.0246734619140625,3.328704833984375,0.14771444769915082,-1.4461859647367348,0.0,0.68359375,2.955577826548682e-07,6.012491100539065e-07,0.01474703950063072,-0.09783141928983857,0.0929284420159085,-0.19005459994195564,1.5997375474624125,0.29028571428571426,34.86328125,6.191636982635607e-07,-0.10355390954328655,3.2978707810030197,-9.751125347481402,11.033295724874497,0.3263932279495822,0.45632716288550945,0.0005476190476190477,0.68359375,0.0026018131979835446,34.59913,0.029621715,34.41632,34.74463,-0.7849815,1.161231,0.0,7.51953125,2.1892286e-06
S9,2,-5.779419396721641e-05,0.19044049672944013,-0.8491955122251872,1.2976401898103775,0.23156456474835616,7.355868336145495,0.015642857142857142,2.734375,0.00010090545222088694,3.233023452758789,0.03608323295718327,3.0246734619140625,3.3672332763671875,0.25294876356197665,-0.3068905797467867,0.0,0.68359375,2.941440912983413e-07,3.8583739390090116e-07,0.016909525830019347,-0.1325189797341654,0.1643691439222577,-0.062368297115730574,3.483144437736417,0.2848333333333333,38.28125,8.162462027207573e-07,0.04498574127139521,2.897609902728978,-5.601246786073378,8.985545681304451,0.6921095064762386,0.4008167231815376,0.000619047619047619,0.68359375,0.002449475401797541,34.568596,0.04722709,34.399475,34.74463,-0.9014478,0.35344124,0.0,0.68359375,2.1601022e-06
S9,2,5.459785298190557e-05,0.19503286395775854,-0.8364606917311828,1.446702221211519,0.6544686913446712,8.969246650788447,0.014571428571428572,2.734375,0.00010518661071282732,3.3096396037510463,0.06770005350908685,3.16925048828125,3.517913818359375,-0.027549391887550265,-1.2554781724418391,0.0,0.68359375,3.021774660228253e-07,2.1219593165130223e-07,0.015369564429517361,-0.1325189797341654,0.1643691439222577,-0.05727790162115222,5.071003000819511,0.3026904761904762,30.078125,6.76078313083631e-07,0.025812213772412353,3.4483818315657073,-7.902708904513621,9.551458711074153,0.36708509268450157,-0.10278276915806295,0.0005952380952380953,0.68359375,0.002878726367483354,34.535793,0.044241294,34.399475,34.730804,-0.12699313,-0.15308046,0.0,0.68359375,2.1622477e-06
S9,2,9.07172763374197e-05,0.2084008753321665,-0.8516740815308989,1.446702221211519,1.3257387569112429,10.268885306116598,0.012071428571428571,2.734375,0.0001226909488368422,3.375783702305385,0.03617464087835228,3.1982421875,3.5335540771484375,0.5456229575210847,1.9009107353701253,0.0,0.68359375,3.2197579856485666e-07,3.6112656994728327e-07,0.00977506433637506,-0.0687550591507529,0.06405691464251638,-0.23882957907099084,1.6873573397667325,0.3276904761904762,28.02734375,2.717115544790016e-07,0.04793624433474252,3.840881194504105,-10.662414220954826,9.551458711074153,0.04799927996467049,-0.11041113323809659,0.0005238095238095238,0.68359375,0.0031946746723294887,34.546127,0.037038688,34.414764,34.69696,-0.55106854,0.16489983,0.0,12.98828125,2.2095646e-06
S9,2,-0.00014409239656435887,0.21388141739791183,-0.8631172991411419,1.4205857778231323,1.199705998809395,9.55063401855888,0.012404761904761905,2.734375,0.0001301416554097509,3.4077525729224796,0.03822072544274872,3.0979156494140625,3.5335540771484375,0.025714848574024493,-1.053354655717859,0.0,0.68359375,3.012699582148003e-07,-3.9316537297072973e-07,0.01090156681037376,-0.0687550591507529,0.07341579135732804,-0.08082704995515791,1.9106363130029074,0.31757142857142856,26.66015625,3.371364550551618e-07,0.005757287041422241,3.2523432998512627,-10.662414220954826,9.279460382279174,0.015795450869836674,0.4704794486027337,0.0005714285714285715,0.68359375,0.0025912614687044247,34.56029,0.030832777,34.451508,34.735413,-0.7140514,0.8093455,0.0,25.29296875,2.1982974e-06
S9,2,3.5104361082868454e-05,0.21535981015172537,-0.8631172991411419,1.4061511655853354,1.3014636069268415,9.863771494599803,0.012,2.734375,0.00013339129131584705,3.4727016358148486,0.0484546508683403,3.0979156494140625,3.612518310546875,0.2746060130023742,-0.9017357947461235,0.0,0.68359375,3.0940829251203e-07,-2.6271811931518814e-06,0.010845019725092041,-0.06843293927964068,0.07341579135732804,-0.06041832998161877,1.8617494780492478,0.3113095238095238,26.66015625,3.3550275552356747e-07,-0.012079995103863395,2.8890013939215926,-4.867131210318216,6.905518410328002,0.4918691767465818,-0.7232284377045275,0.0005476190476190477,0.68359375,0.0016325265645754819,34.56711,0.034070928,34.44232,34.756927,-0.532169,0.46790743,0.0,62.890625,2.2102583e-06
S9,2,0.00015894278948646855,0.2097909382920095,-0.7956787443567549,1.4061511655853354,1.6624715238513674,11.667321228009166,0.011238095238095238,8.88671875,0.00012744161832647913,3.538058989388602,0.039882282859095695,3.336334228515625,3.70025634765625,0.32451773337358975,0.3661354045988192,0.0,0.68359375,3.189722054942243e-07,5.575396134889447e-07,0.009137422236160023,-0.05786423891129526,0.0671131508081405,-0.15726146763139737,1.2762838894927446,0.3234761904761905,27.34375,2.386046688062699e-07,0.003369364175266734,2.4966878587462062,-4.867131210318216,6.905518410328002,0.6113792918048965,-0.11146038251870616,0.0004761904761904762,0.68359375,0.0012436115915037931,34.58872,0.030474976,34.44232,34.798492,-0.79631364,1.0524459,0.0,187.3046875,2.2083068e-06
S9,2,-0.0001996605119933884,0.20764503017510644,-0.7623435246305345,1.383690431267085,1.5728175335994485,11.388534482264905,0.011476190476190477,8.203125,0.00013207392390442372,3.582946232386998,0.036077445919804746,3.336334228515625,3.7372589111328125,0.3159079828685432,-0.46386024193598363,0.0,0.68359375,2.7935842308725597e-07,2.6338791315082076e-06,0.00874405440569702,-0.051475352891026074,0.03910481740130126,-0.14875749656475354,0.8904819600112197,0.3237857142857143,27.34375,2.2191130852218788e-07,-0.0280854813925843,1.7378797273038815,-2.6921704571863083,4.51419657902297,0.6586494602264557,-0.47067285165854944,0.0005238095238095238,0.68359375,0.0006615291091750277,34.60535,0.02958526,34.44232,34.798492,-0.78028274,0.99400496,0.0,72.4609375,2.206959e-06
S9,2,0.00023729616828979542,0.20856983509170912,-0.7623435246305345,1.3355366794668129,1.4327305420868135,10.607772756054386,0.011619047619047619,2.734375,0.00012570381547612398,3.637881615048363,0.046487219170563046,3.5129547119140625,3.821563720703125,0.4202340976956978,-0.3797492080858911,0.0,0.68359375,2.7057010973665793e-07,-3.2072256678857753e-07,0.008845002014846727,-0.05309493292959261,0.03981192107351875,-0.17655003081327147,1.066072114993812,0.31547619047619047,25.29296875,2.2318469587735453e-07,-0.025678133728991914,1.8249217308354426,-3.464171520197059,4.51419657902297,0.544561473738957,-0.5075542215067856,0.0005952380952380953,0.68359375,0.0008115486661436782,34.62062,0.02993205,34.44232,34.763092,-0.78291047,0.90090966,0.0,130.56640625,2.2860206e-06
S9,2,1.6123247538125568e-05,0.20483328419936755,-0.7604415814082403,1.3570985781276532,1.4699684068318817,11.046610947245576,0.011214285714285715,2.734375,0.00011202149753543138,3.696106383914039,0.055127984010594745,3.501129150390625,3.9424896240234375,1.4708481172307957,2.404345186916518,0.0,0.68359375,3.241548620044504e-07,-4.4756618975159417e-07,0.008866339485836443,-0.05501826190398433,0.042961206186287286,-0.16704547833727293,1.1834484207507865,0.3227380952380952,25.29296875,2.1935180067455386e-07,0.005457074568757012,2.3635812276993637,-5.1329569113262865,6.185725195566546,0.320619768228677,-0.39035732631157094,0.0005952380952380953,0.68359375,0.0013333252217563765,34.642384,0.03314711,34.460693,34.829254,-0.58302057,0.5213046,0.0,114.84375,2.3823363e-06
S9,2,-0.0004635029917892696,0.20280087755824436,-0.7979157609437404,1.3570985781276532,1.4151753892203145,11.143522393135276,0.011166666666666667,8.88671875,0.00012180522737801774,3.7242804300217403,0.0503520371414896,3.501129150390625,3.9424896240234375,0.9182232895996156,1.1055804893306513,0.0,0.68359375,3.3105888136220295e-07,-6.156825033525511e-07,0.008930984251680157,-0.05895776413811463,0.04708754545059144,-0.15552897557942877,1.0862105693135051,0.3283809523809524,26.66015625,2.3086497230294591e-07,0.016891515675643107,3.1981737433254906,-9.639257865410558,7.743780539507284,-0.22744951251915027,0.11183548770625862,0.0005714285714285715,0.68359375,0.0020788751720232494,34.665775,0.031027837,34.460693,34.83853,-0.78479946,0.90219116,0.0,9.5703125,2.452128e-06
S9,2,-8.537648204481624e-05,0.20498917812192635,-0.8999573226942281,1.408427648880028,1.4506903874517867,11.255725788834734,0.011595238095238096,8.203125,0.00012712894082753034,3.7705479031517393,0.05567419018642072,3.4481048583984375,3.954315185546875,0.13040285357335676,-0.31098582101270056,0.0,0.68359375,3.0910682447235e-07,-7.024700044369168e-07,0.008781780160355426,-0.05895776413811463,0.04708754545059144,-0.1756480796360689,1.0276017793945345,0.33004761904761903,27.34375,2.2407547387475212e-07,-0.017558984616478288,4.2130478794363375,-13.427945164596101,13.842928864330542,-0.013356539208001034,1.443773830106128,0.00045238095238095237,0.68359375,0.0033977514676912244,34.685577,0.03167991,34.558807,34.87393,-0.79444844,0.77702785,0.0,192.7734375,2.4313301e-06
S9,2,-5.914482014668209e-05,0.2051252302499857,-0.8999573226942281,1.408427648880028,1.3204266597960785,10.671433911508938,0.012666666666666666,8.88671875,0.00011951873032697487,3.830351248241606,0.042864922128951835,3.4481048583984375,4.0496826171875,0.43914276437224764,0.05057249267881003,0.0,0.68359375,3.653065536402173e-07,4.1384800272558126e-07,0.010664650763529493,-0.07761224512533983,0.10295611616678912,0.08896054373423826,3.3051165410959786,0.3224047619047619,30.078125,3.2603879645015063e-07,-0.06271812653032881,5.429019049918173,-13.886036238678592,15.909035187769945,0.3099495475198976,0.7900702791352763,0.00042857142857142855,0.68359375,0.0053604537039624225,34.690193,0.03255228,34.514343,34.87393,-0.8638245,0.7936623,0.0,304.19921875,2.4028209e-06
S9,2,4.693794426745157e-05,0.2005900357601884,-0.8167031843885769,1.3489089582620708,1.2875046872755562,10.689689543796293,0.012904761904761905,8.88671875,0.00011107132667134816,3.857847667875744,0.038177355383045515,3.5282135009765625,4.0496826171875,0.3870798920864987,-0.7692839053324381,0.0,0.68359375,3.382426639574549e-07,1.1287891887139588e-06,0.011481618237671003,-0.07761224512533983,0.10295611616678912,0.1475911918125474,2.320107869872544,0.3114523809523809,30.078125,3.775842787725848e-07,-0.08043156427649373,4.7114475690406366,-13.886036238678592,15.909035187769945,0.4648023768200849,1.5597794746135003,0.0005,0.68359375,0.004008113071018562,34.666435,0.036094576,34.514343,34.832367,-0.3617643,0.28047252,0.0,304.8828125,2.406717e-06
S9,3,0.00031663263365737154,0.22915633881308933,-1.0260931482756335,1.3183863851812434,0.6394730372506502,10.034640093287958,0.012095238095238095,8.88671875,0.00014271391157177603,3.164667728969029,0.016036946172140566,3.069305419921875,3.2588958740234375,0.5875749270950703,0.5438484215596713,0.0,0.68359375,2.344894775661736e-07,3.3450886183789954e-07,0.013625308908285637,-0.08265815354642295,0.080329026351991,-0.2753925579902271,1.230598318832281,0.2723809523809524,51.26953125,5.262923313003386e-07,-0.04030565289700828,2.8921152254793854,-6.379362541055625,6.697123296698531,0.006541030525645147,-0.5677560781692659,0.0006904761904761905,0.68359375,0.002271339748388714,34.8547,0.036181327,34.718475,35.021973,-0.67899734,0.4678378,0.0,251.5625,2.5919617e-06
S9,3,0.0001417644187071792,0.22368448692712506,-0.9642902650743782,1.3123546274349438,0.6104836412946567,10.533659045341969,0.01180952380952381,8.203125,0.00014127136451556646,3.2052672431582496,0.045815094202129904,2.8789520263671875,3.3721923828125,0.8434332331886748,-0.15875292636368332,0.0,0.68359375,2.748666040364064e-07,2.0645373952188748e-07,0.012200302580858465,-0.07878702963014796,0.05509226488193005,-0.27884286812732184,0.5958629169985228,0.2812142857142857,32.8125,4.255657489465552e-07,-0.0774801524379635,2.7691744916990007,-6.379362541055625,5.592332029437349,-0.04505176760111194,-0.9137521964824362,0.0007380952380952381,0.68359375,0.0026295695020434277,34.824883,0.03594957,34.649353,34.989563,-0.40988767,0.41188788,0.0,213.28125,2.5142424e-06
S9,3,-0.00023523314272668448,0.22169036708996245,-0.9659312172412733,1.2766134776891307,0.6485157462451123,10.894785145431356,0.011904761904761904,10.9375,0.00013523416114363638,3.237267521449498,0.03244906282749205,2.8789520263671875,3.3721923828125,0.20658991579754607,0.8460109359805252,0.0,0.68359375,2.733325997832251e-07,-1.9493157326038498e-08,0.012026138145844982,-0.062142022350617346,0.05114897143856241,-0.2598412813315312,0.47673549273805094,0.28114285714285714,34.86328125,4.1161553364043126e-07,-0.040761878807760825,3.0154608897451163,-6.45900064197868,7.168911257300154,0.08804207999567107,-1.030477593548412,0.0007380952380952381,0.68359375,0.003265333328737844,34.801258,0.030666327,34.649353,34.957184,-0.87609035,1.0068111,0.0,14.35546875,2.455499e-06
S9,3,-9.466500551907467e-05,0.22248470091826872,-0.9659312172412733,1.3021106980873465,0.6944582378208441,11.41910190612107,0.012547619047619047,10.9375,0.00014874276807871038,3.2034767150878904,0.039716324553183614,2.9102325439453125,3.3161163330078125,-0.23788177516691583,-1.010612077143177,0.0,0.68359375,2.3615734962005492e-07,6.3594423673358e-07,0.011880016832015627,-0.07625949792385109,0.04937225756823258,-0.2780476634272936,0.5553956070302828,0.27964285714285714,34.1796875,4.052857487588317e-07,-0.02699544336334191,3.5184679436303696,-8.515870133347605,7.8498551523298525,0.016411699622380725,-0.9119213191186648,0.0006904761904761905,0.68359375,0.0042031607486487715,34.80052,0.030793875,34.664703,34.95871,-0.84878147,1.0306959,0.0,15.0390625,2.4575945e-06
S9,3,0.0001921528027101484,0.22265245644552148,-0.9595640696594762,1.3021106980873465,0.7230732876870264,11.86586141463467,0.013547619047619048,10.9375,0.00014187189295318496,3.1579441524687266,0.03708018932324779,2.9102325439453125,3.2855987548828125,0.2872598359572576,-0.8480208400175107,0.0,0.68359375,2.64278929389746e-07,-9.759529012453693e-07,0.011803596312652013,-0.07625949792385109,0.05201509865168458,-0.3116217972798603,0.7002945745766946,0.28126190476190477,34.1796875,3.9815827293272064e-07,0.035808906397827175,3.6727710030865053,-8.515870133347605,7.8498551523298525,-0.0378010737275842,-1.123140192789875,0.0007619047619047619,0.68359375,0.005603632223878956,34.834427,0.04256183,34.703125,35.03589,-0.1699052,-0.10819578,0.0,127.1484375,2.5194872e-06
S9,3,5.833931653229387e-05,0.2231948764228048,-0.9521923746882872,1.3172106425481072,0.7687860881616878,11.91131772210072,0.01411904761904762,10.9375,0.00012392356312749959,3.158313769385928,0.03658042557315839,3.0429840087890625,3.2855987548828125,0.2638192946107686,-0.8354834793348265,0.0,0.68359375,2.6261677537901427e-07,8.221965834135541e-08,0.011538801291703878,-0.06315335224705693,0.05201509865168458,-0.2923819934646123,0.6550548008030863,0.28295238095238096,29.39453125,3.7519934509755583e-07,0.018025411254695204,3.5344892038481586,-7.958141617089493,6.877702937532289,-0.001714113044856884,-1.0265783625971137,0.0007619047619047619,0.68359375,0.005143176151485418,34.867035,0.035566647,34.730804,35.03589,-0.6822005,0.46931148,0.0,137.40234375,2.559606e-06
S9,3,-4.742959209154573e-06,0.22505139910969535,-0.9710290024535876,1.3464778275262475,0.766779669761106,11.621062370423788,0.013928571428571429,10.9375,0.00013343777120263003,3.151956122262137,0.03077679412643267,3.0513763427734375,3.27301025390625,0.16836016444257068,-0.3461387000611724,0.0,0.68359375,2.3492229429522063e-07,1.09194639120674e-06,0.011698680273574428,-0.07244479565407401,0.04939870521790298,-0.28838404435459664,0.6049770727559496,0.27790476190476193,36.23046875,3.873514916886999e-07,0.03481517353554148,3.7402370104664047,-8.503279489302372,9.066528569711593,-0.0031362927987141753,-0.613520275354595,0.0007380952380952381,0.68359375,0.005044579811080206,34.86765,0.0334655,34.75232,35.025085,-0.70785224,0.66396284,0.0,25.9765625,2.5771678e-06
S9,3,-2.7666626546313423e-05,0.22684710563023927,-0.9710290024535876,1.3464778275262475,0.7535128739800349,11.404796929833983,0.013833333333333333,10.9375,0.00014396278724177188,3.1012276785714286,0.036609183581999466,3.0048370361328125,3.23028564453125,0.3027448965482302,-0.992472142514691,0.0,0.68359375,2.270543444070022e-07,-4.6123526236906304e-07,0.011891705885714985,-0.07244479565407401,0.04585902235404166,-0.30136682986762064,0.6537788629205639,0.2755238095238095,30.078125,4.0226945261163687e-07,0.0017157843651298154,3.967209711693459,-8.503279489302372,9.066528569711593,0.01662779627480152,-0.9751137210791332,0.0007619047619047619,0.68359375,0.006065900403384458,34.85101,0.03305713,34.735413,35.025085,-0.69951046,0.7793944,0.0,36.23046875,2.5936113e-06
S9,3,-7.757529624142485e-05,0.22658265435647132,-0.9611359034018092,1.3440747424207138,0.7407024253473538,11.367936378198003,0.013976190476190475,11.62109375,0.00014440076744558957,3.0529814129783994,0.022478370043524928,2.951812744140625,3.163909912109375,0.29055901306537146,-0.6254109272809552,0.0,0.68359375,2.295047483147903e-07,-2.0821921799682055e-07,0.011766187698748177,-0.0713129002943125,0.04768753586323611,-0.24214746150855462,0.6026800859620556,0.28004761904761905,33.49609375,3.944999804234976e-07,-0.07017980758751506,4.009804365501927,-8.938966192625866,9.953221270220059,0.06600125262642768,-0.9106408485546527,0.0007380952380952381,0.68359375,0.006087010599718531,34.827774,0.03307792,34.71698,35.000397,-0.74899215,0.62323856,0.0,3.41796875,2.5226097e-06
S9,3,2.3655615587815687e-05,0.22492757369291827,-0.9979698765626471,1.3440747424207138,0.6704539527890582,11.479327238428873,0.014357142857142857,11.62109375,0.00014585625798626493,3.0347734996250697,0.017532486757407095,2.8839111328125,3.1177520751953125,0.27849810297039457,0.3875183412128371,0.0,0.68359375,2.3731981449055516e-07,-3.5606526713311167e-07,0.011628515348279012,-0.06336117762985957,0.04768753586323611,-0.20607974579237182,0.5843309560377206,0.2879761904761905,30.76171875,3.880571017983195e-07,-0.006413944469344122,4.247464226920856,-8.938966192625866,9.953221270220059,0.04364760470539601,-0.9872862168702845,0.0006666666666666666,0.68359375,0.005480794768187394,34.81227,0.030877214,34.71234,34.9541,-0.8441971,0.8685298,0.0,9.5703125,2.488929e-06
S9,3,2.4047646228258685e-05,0.22496505132130803,-0.9979698765626471,1.292542185408364,0.6359971884079726,11.201343338837182,0.013976190476190475,10.25390625,0.00014947968220394893,3.0164595467703683,0.024205930562286936,2.8839111328125,3.1177520751953125,0.6981130267856707,-0.1894845536521248,0.0,0.68359375,2.329707685093601e-07,1.023386939462538e-06,0.011416651623242602,-0.05773343963601161,0.054914572048940444,-0.21019446141920384,0.5673476334242329,0.2924285714285714,36.23046875,3.7321755080936646e-07,0.07371420023999845,4.054475024821374,-8.024362811550258,8.012773264847507,-0.00160414974214505,-1.2294768451707294,0.0007142857142857143,0.68359375,0.0056889975493201305,34.81519,0.03125328,34.692352,34.94638,-0.832998,0.8524387,0.0,9.5703125,2.5399595e-06
S9,3,1.3163505518516015e-05,0.2246989484891441,-0.9437348789753536,1.3052019088015356,0.7092751917175902,11.271561553764581,0.013333333333333334,10.25390625,0.00014625575151716537,3.0161079860868907,0.03138719166257948,2.93426513671875,3.1322479248046875,0.6202735170644011,-0.783317702662178,0.0,0.68359375,2.3552733077359018e-07,8.105401816822134e-07,0.011733539073778694,-0.08230880326473447,0.055873219854691666,-0.2287057136060318,0.7112207684416463,0.28785714285714287,29.39453125,3.935832960109974e-07,-0.007699325925890109,3.776136796961478,-7.750098613021771,6.5663149343949945,-0.01712637255971767,-1.227411395844056,0.0007619047619047619,0.68359375,0.005797607057031272,34.820904,0.03157477,34.692352,34.967987,-0.834882,0.78382826,0.0,330.17578125,2.5510842e-06
S10,1,0.0004170802174541395,0.13102850857964835,-0.6407933065208771,0.6963315735241434,-0.49940026923038305,4.924064578002944,0.01230952380952381,1.3671875,4.955947498046688e-05,0.7391015643165225,0.013609668911890098,0.563812255859375,0.8632659912109375,1.400972885456647,5.227445596842802,0.0,24.609375,5.047994021685837e-07,-8.252779433011468e-07,0.008581971932721068,-0.040596171238902766,0.03272066408708956,-0.14215832330142772,0.17790556105948108,0.28783333333333333,38.28125,2.1027779644144874e-07,-0.14156333954988326,2.948633682405757,-7.85672872388443,7.459725261231875,0.024557486948341027,-0.49161266291513783,0.0007142857142857143,0.68359375,0.0027163954194402407,33.923397,0.038610857,33.805054,34.101654,-0.098978035,-0.17212915,0.0,62.20703125,1.6143816e-06
S10,1,0.00011506801781014602,0.1456617435861538,-0.6514081953991042,0.7544346379153177,-0.09385750922298865,4.175812538269497,0.011285714285714286,1.3671875,5.9998823748168714e-05,0.7442449569702149,0.013808601076374709,0.5947113037109375,0.881195068359375,1.5028106104152168,4.9576997164904055,0.0,1.3671875,5.168287059286093e-07,9.01925707936412e-08,0.008067240503899238,-0.040596171238902766,0.03272066408708956,-0.14291471926670668,0.20879916636046625,0.29269047619047617,37.59765625,1.8537903288597967e-07,-0.0425991346213576,3.1054477355065067,-10.462506096235252,9.54954226822529,0.0751014972440369,1.516795762804052,0.0007380952380952381,0.68359375,0.0029351945603518837,33.98876,0.05277512,33.855164,34.196198,0.22037907,-0.64917636,0.0,175.0,1.656439e-06
S10,1,-0.0003868203717841252,0.1540891499203745,-0.6514081953991042,0.7544346379153177,0.009841543585848394,3.6321106049122296,0.010071428571428571,1.3671875,6.737030670332876e-05,0.7476920627412342,0.013591371705346444,0.45318603515625,0.881195068359375,1.3588203446820122,9.91908767495711,0.0,106.640625,5.222590863194232e-07,5.517310190132112e-07,0.0074942933975678154,-0.03227057472056296,0.029803326752787556,-0.13817843558094434,0.14129828923053056,0.30154761904761906,45.1171875,1.602343454303326e-07,0.0713620943848353,2.8645036782134836,-10.462506096235252,9.54954226822529,0.01924098676343453,2.9735215173913803,0.0007857142857142857,0.68359375,0.002325250056488576,34.068615,0.05335951,33.911377,34.252716,-0.33940017,-0.5566747,0.0,197.55859375,1.7531064e-06
S10,1,9.845431620308734e-05,0.15402402190052783,-0.681551838404838,0.7441969629967018,-0.014336702047137051,3.573562713338923,0.009928571428571429,1.3671875,6.797916733717754e-05,0.7493589764549619,0.013476207199947245,0.45318603515625,0.8514404296875,1.337386059117232,9.887309449566933,0.0,50.5859375,5.156540939382703e-07,-4.533741582656615e-07,0.007508550304959698,-0.039793249130321784,0.029803326752787556,-0.1447575027252474,0.230409093927757,0.2988095238095238,38.28125,1.6146627468108766e-07,0.0278630541463637,1.5835181102078868,-3.042981907561487,3.0333737105835907,0.0033625334511219905,-1.2577095419636373,0.0008571428571428571,0.68359375,0.001306807475090519,34.13474,0.03904582,34.01181,34.3031,-0.24301548,-0.18886447,0.0,49.21875,1.8195642e-06
S10,1,-0.00012309969858153279,0.15487399351725015,-0.681551838404838,0.7437241760035982,-0.06805849241046304,3.389562533946367,0.010095238095238095,2.05078125,6.852960833921617e-05,0.7517420087541853,0.01341500516320687,0.5954742431640625,0.8609771728515625,1.5575664046147881,4.910444809745828,0.0,14.35546875,5.030530863334989e-07,4.472369594508934e-07,0.007658694272054092,-0.039793249130321784,0.03284084529011349,-0.12188660993872917,0.17321869453089578,0.2951666666666667,35.546875,1.6723789649379133e-07,0.017212941536128727,1.5385000576125853,-3.042981907561487,2.870850191410131,-0.02448243864861468,-1.248535656050651,0.0008571428571428571,0.68359375,0.0012327072717761272,34.185028,0.038803853,34.054443,34.37039,-0.056095377,-0.029401302,0.0,1.3671875,1.8511386e-06
S10,1,9.207314956982026e-06,0.1559146295442067,-0.5921027270134724,0.8823531118849373,0.14843942243181638,3.786574088274743,0.010071428571428571,1.3671875,6.889240706397192e-05,0.7550476619175502,0.013479207643754192,0.545501708984375,0.8609771728515625,1.3811604275811264,6.032314993835394,0.0,57.421875,5.058519625008975e-07,6.615143007301093e-07,0.007898685240735365,-0.03927417869723158,0.04148228842841311,-0.07022419195930255,0.2498521238834237,0.2898095238095238,38.96484375,1.7816295244748247e-07,-0.031153547566077886,1.789154862465287,-4.368016282280557,4.870720480361672,0.16913410975192686,-0.5808546237023231,0.0008809523809523809,0.68359375,0.0017005629339652117,34.233055,0.03804993,34.1062,34.387238,-0.40871808,-0.09030771,0.0,5.46875,1.9183071e-06
S10,1,0.00018749187246357426,0.155708448270712,-0.572962659512291,0.8823531118849373,0.30502077169640135,3.9701341686853366,0.009595238095238096,1.3671875,6.916466684822439e-05,0.7575212024507069,0.013505981280733189,0.545501708984375,0.8670806884765625,1.5109113790965336,5.932220084740001,0.0,12.3046875,5.135774004901457e-07,-5.388296845959221e-07,0.007586601422298411,-0.03927417869723158,0.04148228842841311,-0.08306530601512344,0.3535803797992516,0.3013095238095238,38.96484375,1.6428631740910715e-07,-0.03684706124952513,1.9695441582039008,-4.368016282280557,4.870720480361672,0.14093556799609058,-0.9724059606444824,0.0009047619047619047,0.68359375,0.0021343600527085945,34.270325,0.030906884,34.14435,34.4209,-0.46159688,0.6024196,0.0,5.46875,2.0010573e-06
S10,1,1.6926552794108462e-05,0.15677949823106146,-0.5560770515277709,0.8620031061125204,0.2321383742669323,3.4484695424255483,0.009261904761904761,1.3671875,7.050047076237642e-05,0.7594061896914528,0.013666367874990681,0.6206512451171875,0.8670806884765625,1.6100163956468314,4.748087861642157,0.0,11.62109375,5.257779845453032e-07,-6.675818682538434e-07,0.007158521966621564,-0.041783432702611784,0.029415513680658797,-0.14457956780480005,0.26112474135791874,0.31264285714285717,38.96484375,1.4601499470422076e-07,0.023423712201906564,1.971635230158944,-3.736741016666772,3.85789412363857,-0.013243732177216415,-1.349769702773626,0.0008571428571428571,0.68359375,0.0019624526778214964,34.300358,0.032415126,34.19165,34.460693,-0.46080235,0.49382854,0.0,15.72265625,1.9942947e-06
S10,1,0.00017360532092263123,0.16125752456161524,-0.5560770515277709,0.8620031061125204,0.35528363197374957,3.4868133687378506,0.009476190476190477,1.3671875,7.405277716540045e-05,0.7617150715419224,0.013730876647750719,0.537109375,0.876617431640625,1.4244012443388387,6.916452471959616,0.0,21.19140625,5.297186301680641e-07,6.360975936512183e-07,0.0072767706636153,-0.041783432702611784,0.029415513680658797,-0.15496991407828248,0.2120769069405588,0.31057142857142855,38.96484375,1.5167129334750825e-07,0.005757274721876641,1.8943530011328282,-3.736741016666772,3.85789412363857,0.019180648144063603,-1.2980665602867756,0.0008333333333333334,0.68359375,0.0017889371338520605,34.319614,0.027615977,34.20996,34.460693,-0.7035091,1.1914525,0.0,2.734375,1.9965323e-06
S10,1,-4.033461840470749e-05,0.1637089051762648,-0.6176626323366543,0.8279908723106317,0.3495853509819588,3.2680420408299415,0.010452380952380953,1.3671875,7.58210758997065e-05,0.7651138396490188,0.013766407807614324,0.537109375,0.876617431640625,1.3668417542194866,6.514544017125656,0.0,5.46875,5.191884053363711e-07,3.7859830659977277e-07,0.007557506130538738,-0.058958485679186504,0.034499313763293044,-0.17464684896241092,0.4409063427533817,0.30866666666666664,36.23046875,1.6259090648540462e-07,-0.006611921741025952,2.2407630001430494,-7.830755868455685,7.45852424703712,-0.10461798206874535,1.436168552743494,0.0007857142857142857,0.68359375,0.0018420592198820954,34.339138,0.035100423,34.234375,34.51126,-0.08114194,0.3561349,0.0,326.7578125,2.02606e-06
S10,1,2.3274486730221847e-07,0.16297476326990434,-0.6176626323366543,0.8103949808995571,0.18076129177453207,3.1702236773716477,0.010785714285714286,2.05078125,7.58043966067347e-05,0.7691464378720239,0.01354151314864963,0.6969451904296875,0.8968353271484375,1.553416271356032,4.33393531270665,0.0,28.02734375,5.098361412396816e-07,-3.82961405349042e-07,0.007895338021526038,-0.058958485679186504,0.03884856957088559,-0.20477265040022202,0.586734134413279,0.30023809523809525,36.9140625,1.7704767776627694e-07,0.018227352160536302,2.0565961500399865,-7.830755868455685,7.45852424703712,-0.1271757866984931,3.0170891909810855,0.0007619047619047619,0.68359375,0.0012798874002435774,34.384113,0.042115457,34.249634,34.560333,-0.3962777,-0.23760581,0.0,303.515625,2.0355976e-06
S10,1,-4.1159193544544314e-05,0.1601874771642222,-0.6129000286138121,0.7572388282928583,0.09737754514717223,3.2474881907695874,0.010333333333333333,2.05078125,7.295367787549889e-05,0.7723714556012835,0.013612464949185698,0.6977081298828125,0.8968353271484375,1.5833459237164444,4.451146480064514,0.0,6.15234375,5.190606505216003e-07,-2.3092670067918843e-06,0.008332687670398405,-0.06232837233071498,0.06755472820358013,-0.17770123495719994,1.0619768909162302,0.2842857142857143,36.9140625,1.902077784898718e-07,-0.030869268217639984,1.0897201796392175,-3.5429917232034716,3.1309010324751165,0.10605816662695065,0.030131852391271252,0.0008333333333333334,0.68359375,0.0005134957572035246,34.428505,0.032682,34.301605,34.57721,-0.45751724,0.43792796,0.0,45.80078125,2.0943983e-06
S10,1,-0.00023642111393466585,0.1566052449904557,-0.7031139860237176,0.7578623072666008,-0.4382135053166126,4.219569442406553,0.013666666666666667,2.05078125,6.953615026014701e-05,0.7756866364252,0.013663881824495357,0.4894256591796875,0.9052276611328125,1.2704008005600256,10.052883373145313,0.0,6.15234375,5.207861767684077e-07,-1.56364172834566e-07,0.008524699603506266,-0.06232837233071498,0.06755472820358013,-0.11798211681560968,1.723439532900847,0.2946666666666667,43.06640625,2.0860905674952818e-07,0.049375268834621365,2.2771950679538526,-7.308535895762725,7.449974116901257,-0.05966853789610126,1.5674257440119783,0.0007142857142857143,0.68359375,0.00139255352744647,34.43239,0.031433895,34.324493,34.57721,-0.5400739,0.5653851,0.0,30.76171875,2.0854668e-06
S10,1,5.918414073720576e-05,0.15260399341051112,-0.7137550326664535,0.7945040191786129,-0.986838752613803,5.848846926160192,0.016023809523809524,1.3671875,6.630757869613062e-05,0.7777878352573939,0.013225270195979074,0.4894256591796875,0.9052276611328125,1.2363731391407924,11.015634769233781,0.0,6.15234375,4.966616239855e-07,2.4860833772318744e-06,0.008562827509308323,-0.06302754413456069,0.06272491382019436,-0.17555778610828407,1.8427539135955193,0.3056190476190476,43.06640625,2.0261616497435574e-07,0.02418227936508979,2.747862200002264,-7.308535895762725,7.449974116901257,-0.04232836252903809,-0.3451758211773521,0.000619047619047619,0.68359375,0.002178444300347539,34.39054,0.046550836,34.237427,34.560333,-0.54256725,-0.1813035,0.0,0.68359375,2.0484592e-06
S10,1,-1.949382300057363e-05,0.1531819280973991,-0.771821886593616,0.7945040191786129,-1.0156093475602508,5.63705564134286,0.014904761904761905,1.3671875,6.721310864784458e-05,0.7785459700084868,0.013155771124102388,0.7053375244140625,0.8975982666015625,1.5545637495992457,4.219151639329879,0.0,166.11328125,4.897114532356363e-07,-4.6704804815141514e-07,0.00834190791405169,-0.06302754413456069,0.04183469243701886,-0.1956004578697973,1.1271229546115862,0.2973095238095238,38.96484375,1.9765954550528345e-07,-0.04567621227364026,2.2103930482945406,-4.562385213160868,4.4753510668589165,0.03823638277745306,-1.139848331958237,0.0007142857142857143,0.68359375,0.001830136576669697,34.340046,0.0409043,34.226746,34.53427,0.20824261,0.06923413,0.0,51.953125,2.0478599e-06
S10,1,-3.517083081404487e-05,0.1586540322332305,-0.771821886593616,0.8815037893913639,-0.7226215058455027,5.463599917000932,0.014785714285714286,2.05078125,7.201417335188252e-05,0.7792035784040179,0.01336002666500565,0.507354736328125,0.8975982666015625,1.3009520335975528,8.113507445174916,0.0,326.07421875,5.096634917676276e-07,-2.4681088877419125e-07,0.009938439585666594,-0.12439555164344351,0.09727698717631758,-0.40963201723707104,5.398691545625345,0.2787142857142857,43.06640625,2.8383793167027813e-07,0.02931130375088165,2.345705585297961,-5.136150304500955,4.696317886064962,0.0017000108695709405,-1.0480037853175497,0.0007142857142857143,0.68359375,0.0019445046441431064,34.332626,0.03182257,34.226746,34.494415,-0.35558963,0.6696768,0.0,69.04296875,2.0191414e-06
S10,1,1.2017040889555993e-05,0.16298328543912935,-0.6786884568879317,0.9885667666988585,-0.08244674256548097,6.96015350978551,0.014761904761904763,2.05078125,7.564531265322961e-05,0.7802025658743722,0.013307835581975017,0.507354736328125,0.8678436279296875,1.2632842746839512,8.162367108260733,0.0,321.2890625,5.033717310293802e-07,1.5167820078875407e-06,0.011604443804978702,-0.12439555164344351,0.09727698717631758,-0.4326349891970549,3.350392790000554,0.25576190476190475,42.3828125,3.8735847270784914e-07,-0.022408301219064865,2.7700839518729485,-7.4876160188141805,8.24793253462834,0.09230557153075387,-0.016698498364270176,0.0006428571428571428,0.68359375,0.0022521662091746146,34.31653,0.04467587,34.171783,34.494415,-0.34557256,-0.32497358,0.0,97.75390625,1.9834542e-06
S10,1,-0.000169307039932401,0.1614877895991163,-0.7197541046459915,0.9885667666988585,-0.6473693990081177,7.2923748069263485,0.014547619047619047,1.3671875,7.45587338254095e-05,0.7818859736124675,0.013400101809164499,0.5886077880859375,0.896453857421875,1.439143194928729,6.057544279471982,0.0,6.15234375,5.123904415765148e-07,-1.9898302152480001e-07,0.010060711202678225,-0.08206832738113319,0.05538388945005024,-0.36393221812398946,1.9607572322717717,0.26730952380952383,43.75,2.897626768987892e-07,-0.05430228501611647,2.346344827382079,-7.4876160188141805,8.24793253462834,0.18219586936726773,1.586710567923153,0.0007380952380952381,0.68359375,0.0016235122494449399,34.30969,0.044421155,34.171783,34.479065,-0.1781748,-0.43894362,0.0,40.33203125,1.96253e-06
S10,1,0.00012952568232028653,0.16139136428941295,-0.7197541046459915,0.9487624280759734,-0.6280027404673034,6.4569988296274765,0.014547619047619047,2.05078125,7.521831171687655e-05,0.7839420681908017,0.013453283954851233,0.5886077880859375,0.896453857421875,1.357075546921645,6.642256339072636,0.0,9.5703125,5.145950288909115e-07,-1.3114890240072562e-06,0.009920024419214982,-0.10984128274273555,0.062281055139663574,-0.4108605486979124,3.0334008138689263,0.2713333333333333,40.33203125,2.7695556941514195e-07,0.0313924047319006,2.011644781410562,-5.861855317511377,6.105574705820036,0.01827062174608997,0.25475328171529066,0.0008095238095238096,0.68359375,0.0014430326519354099,34.300243,0.05206061,34.148895,34.479065,-0.22831385,-0.57954574,0.0,0.68359375,1.9910117e-06
S10,1,-7.399675401618513e-06,0.1641335751937824,-0.6357000892334785,0.9487624280759734,0.3262666133883348,6.523612731335946,0.01419047619047619,2.05078125,7.65183057818091e-05,0.7865673246837798,0.013485423596800675,0.58135986328125,0.8922576904296875,1.2108182260611826,7.0687576323432655,0.0,9.5703125,5.092825125274018e-07,-1.7075338428261372e-07,0.010076651076794068,-0.10984128274273555,0.062281055139663574,-0.37226598882618683,2.3905422027584358,0.2570952380952381,40.33203125,2.902500919073175e-07,0.02014974432692395,1.9819771480827078,-5.861855317511377,6.105574705820036,0.020425115562476975,0.3556350316518655,0.0008333333333333334,0.68359375,0.0015120228541127836,34.247,0.041288123,34.13675,34.44998,0.2967428,0.16310668,0.0,16.40625,1.9522577e-06
S10,1,-7.258422561976124e-05,0.17418980001903958,-0.6627286385539367,1.2208001839688085,0.717546643690236,6.887092452752979,0.014357142857142857,2.05078125,8.612151240452284e-05,0.7886932554699125,0.013477882789260187,0.58135986328125,0.91552734375,1.3204601227823995,6.872441994278404,0.0,209.1796875,5.125677190682992e-07,3.942356848297612e-07,0.009284588359225607,-0.08483016671994786,0.052347912656384527,-0.2368188968339998,1.3283137317180653,0.2678333333333333,41.015625,2.4848400129756847e-07,-0.05043707596080227,2.229452354057927,-7.604504800037562,8.025812098569205,-0.0871746565070175,2.15566201722279,0.0009047619047619047,0.68359375,0.002005506529604812,34.245544,0.03655385,34.13675,34.4209,-0.03465642,0.10287142,0.0,22.55859375,1.9353033e-06
S10,1,-4.3360860601284875e-05,0.18027751584523455,-0.6766642402279505,1.2208001839688085,0.8924277103976206,7.260573724507397,0.013714285714285714,1.3671875,9.242439974100905e-05,0.7900716963268462,0.013490520926864992,0.7114410400390625,0.91552734375,1.5746334265456838,4.4561081974731165,0.0,248.828125,5.168996442262389e-07,8.715504627560474e-07,0.00897060726278424,-0.0943895966435852,0.0623319020385021,-0.2618085705511847,3.0593497284107753,0.30528571428571427,33.49609375,2.2828775543442276e-07,0.003985315196161835,2.618472112179571,-7.604504800037562,8.025812098569205,-0.08516699628752403,0.2859130880331615,0.0008333333333333334,0.68359375,0.0026050805140886766,34.26431,0.03102321,34.1474,34.4209,-0.43785542,0.6086893,0.0,41.69921875,2.0320633e-06
S10,1,4.28714387067127e-05,0.17323808871086904,-0.6766642402279505,1.1014326656848867,0.964398082458247,7.571257878105369,0.0115,1.3671875,8.623949459324399e-05,0.792326309567406,0.013595332800385322,0.62255859375,0.933074951171875,1.5248295965127219,5.106483514873066,0.0,259.765625,5.195696438907194e-07,-4.2126049641416433e-07,0.007319688828590702,-0.0943895966435852,0.0623319020385021,-0.1642569107003791,4.00107413597593,0.33545238095238095,34.1796875,1.5000462897799515e-07,0.033807862147413915,2.150611151667457,-4.580414306965343,4.739785850322958,-0.02093498463275595,-1.0277561549190877,0.0007619047619047619,0.68359375,0.001878470123803023,34.289856,0.04079477,34.16571,34.45764,-0.061056677,-0.27017856,0.0,77.24609375,2.036084e-06
S10,1,0.000341437622054482,0.1698407055963633,-0.7821549222998074,1.0678773187355646,0.6094692879184896,7.513941390427208,0.011714285714285714,1.3671875,8.30700961458631e-05,0.7955706369309198,0.013519534836384356,0.62255859375,0.933074951171875,1.5508333192333634,5.65291529467323,0.0,10.25390625,5.052565488580655e-07,-1.1590818986477412e-06,0.010006031248296495,-0.1111542212867418,0.10156137053834549,-0.45525478043457746,10.638267321809506,0.3066190476190476,39.6484375,2.88581380011234e-07,0.02114334746960672,1.8908396068960573,-5.306561496043637,4.348697412894606,-0.11597846091193996,-0.4108835835489746,0.0007619047619047619,0.68359375,0.0012955834501309769,34.330826,0.034395054,34.18857,34.497467,-0.69279176,0.7366328,0.0,22.55859375,1.9994939e-06
S10,1,3.0977642927290445e-05,0.17034852671355416,-0.7821549222998074,1.1298840453298413,0.6039099067904011,7.677810154847544,0.012928571428571428,1.3671875,8.280100555307701e-05,0.7991416931152344,0.013391043728086742,0.59051513671875,0.92010498046875,1.3550628607632342,7.503483820263684,0.0,10.25390625,4.891830546026077e-07,1.557930629812646e-07,0.010176207657208959,-0.1111542212867418,0.10156137053834549,-0.4551022127818579,9.727737805037076,0.2795,39.6484375,3.0122404730888074e-07,-0.016101665042949635,2.2881622251821523,-5.306561496043637,5.892090726037427,-0.032329289732398854,-0.5115227772852289,0.0007857142857142857,0.68359375,0.0019081199450859236,34.347267,0.027529912,34.237427,34.497467,-0.7574557,1.2067294,0.0,51.26953125,1.9946553e-06
S10,1,-0.00024975758915741467,0.16818587914095795,-0.635109701353077,1.1298840453298413,1.1454242334714746,7.910430272151531,0.01230952380952381,1.3671875,8.078924937275046e-05,0.8029273623511904,0.013349985966721416,0.59051513671875,0.9281158447265625,1.3112497162974899,7.82540568959244,0.0,2.734375,4.92407943340965e-07,5.414224576636515e-07,0.007211687061971853,-0.05424547621619285,0.05155552440034838,-0.17909427701453637,0.8431677523326235,0.2924047619047619,38.96484375,1.4833778659888652e-07,-0.014310452469815643,2.0541148404773373,-4.853177872606095,5.892090726037427,0.05452811338694841,-0.3202300964016733,0.0008571428571428571,0.68359375,0.0018256546025313578,34.34942,0.026943402,34.25882,34.482147,-0.8195183,1.2889762,0.0,257.71484375,2.0022817e-06
S10,1,-0.0001558146076220856,0.1628578404265538,-0.5545242298492317,0.9919015871028317,0.973384595111888,7.720558283473313,0.011857142857142858,1.3671875,7.609404165324569e-05,0.8061814535231817,0.01337132987872592,0.7236480712890625,0.9281158447265625,1.5682060539278844,4.986920678571918,0.0,3.41796875,5.014242860011764e-07,2.8506635879843927e-07,0.007022214939766453,-0.05424547621619285,0.05155552440034838,-0.17792459574254688,0.8303435391038354,0.3008571428571429,35.546875,1.4163975226857031e-07,0.015655126978400675,1.479256517189916,-3.324042644531228,3.0023958107679705,0.07564797547523797,-1.0740613369679568,0.0008809523809523809,0.68359375,0.0010802988555978956,34.340527,0.028472083,34.24353,34.479065,-0.68376094,0.9844606,0.0,294.62890625,2.0009456e-06
S10,1,-0.00013575971578049369,0.1621708889480749,-0.7620629423868076,0.9539078013331556,0.1890059287760211,7.127746247099145,0.012904761904761905,1.3671875,7.552089607784029e-05,0.8086801892235166,0.01336058148963779,0.6099700927734375,0.9220123291015625,1.4522690769528972,5.7734276624995395,0.0,1.3671875,4.992499468796727e-07,-8.879213796957871e-08,0.00873561093818198,-0.12214962164009943,0.1253446359742588,-0.05277065034182073,16.915706662001867,0.2887619047619048,38.96484375,2.158047612278286e-07,-0.033192612288558944,1.704909598532547,-4.364505782495821,3.1872082420503993,-0.09865303141054056,-0.8378335954889384,0.0007857142857142857,0.68359375,0.0010706284590147246,34.33421,0.027557667,34.22827,34.47296,-0.73251414,1.1754322,0.0,325.390625,2.0227835e-06
S10,1,5.668339356532981e-05,0.1600566156291347,-0.7620629423868076,0.9539078013331556,-0.9073908827842686,7.5642989618682375,0.013428571428571429,1.3671875,7.254487743602744e-05,0.8111193157377697,0.013349487055904292,0.5157470703125,0.927734375,1.1728345900098212,11.60553701685155,0.0,168.1640625,4.97623980885642e-07,-2.0630736287416456e-07,0.009060211675454745,-0.12214962164009943,0.1253446359742588,-0.028809716524636077,14.484432592859278,0.28954761904761905,38.28125,2.3311822744340106e-07,0.009667322512472327,1.7629557379870908,-4.364505782495821,3.366553715497298,-0.1406196627641679,-0.8550460512439364,0.0008333333333333334,0.68359375,0.0012701107678105383,34.33086,0.028241932,34.22827,34.47296,-0.6405304,1.1184325,0.0,25.9765625,2.0192203e-06
S10,1,0.00026360065513061486,0.15620631727638506,-0.747768548643792,0.8052810014658394,-1.5281270820361494,7.67571212456604,0.013857142857142858,2.734375,6.930576168468532e-05,0.8133519944690523,0.013299347335031558,0.5157470703125,0.927734375,1.3266140449604922,10.619040219684214,0.0,55.37109375,4.955820167119288e-07,8.384585312862533e-08,0.008027646140436854,-0.03754104968523972,0.04482829515446082,-0.07407512701803694,0.38993802750536677,0.2934047619047619,33.49609375,1.8468254110290782e-07,0.059957584146040216,2.2538375907503703,-7.742595323684817,7.254251280527291,-0.3775993259749788,1.5914397311464459,0.0007857142857142857,0.68359375,0.0017419099974424897,34.325912,0.028740682,34.22522,34.47296,-0.5972627,1.0526757,0.0,235.15625,2.0072293e-06
S10,1,7.964006479435257e-05,0.15792225918801964,-0.7615509878031498,0.853262806030909,-1.507199160667759,7.468529197728806,0.014357142857142857,3.41796875,7.103162179092659e-05,0.8152986344837007,0.013184452516606868,0.7472991943359375,0.9479522705078125,1.6419439153776492,4.630839316059098,0.0,190.72265625,4.876875318580975e-07,5.288506491495892e-07,0.008551192055095335,-0.09436429587422762,0.05731357340683592,-0.21456546735847978,2.11757821664924,0.2796190476190476,36.9140625,2.1038799093358924e-07,0.01651572619019191,2.174880418691343,-7.742595323684817,7.254251280527291,-0.362998142076242,2.156769204787869,0.0007857142857142857,0.68359375,0.001574142754258296,34.30806,0.034684345,34.200806,34.47296,-0.26198065,0.32659698,0.0,235.15625,2.0220566e-06
S10,1,-0.0002314275338364426,0.1677565368362532,-0.7936601223486391,0.853262806030909,-1.521682543184001,7.3792163521607534,0.014238095238095239,3.41796875,7.947511461120085e-05,0.8173633666265578,0.01315154580224048,0.6473541259765625,0.962066650390625,1.6176323252068896,5.811956498569382,0.0,304.8828125,4.869366200333106e-07,-2.5231862928476144e-07,0.007760702579999742,-0.09436429587422762,0.05731357340683592,-0.2983038784878353,2.9760023327364964,0.28869047619047616,30.078125,1.7235040654682911e-07,-0.0271800617086069,1.9534082059883773,-4.1759409552123055,4.428631481655136,0.02840435996330709,-0.5978942193523604,0.0008571428571428571,0.68359375,0.0015674229327773451,34.31072,0.037685174,34.200806,34.479065,-0.15490457,-0.013569832,0.0,33.49609375,2.0348355e-06
S10,1,-8.080991138039897e-05,0.17558276366855566,-0.7936601223486391,0.7773533138125011,-1.5425032509203211,6.625958944096837,0.014380952380952381,3.41796875,8.860275606898242e-05,0.8188511076427641,0.013106133044376685,0.63629150390625,0.962066650390625,1.540875055097362,6.4243391130404,0.0,212.59765625,4.890507579142006e-07,-7.549241188622603e-07,0.006876940969422699,-0.0316484553322717,0.026668131005160387,-0.128980759419744,0.0580525714429041,0.3057142857142857,36.9140625,1.3505678362766877e-07,-0.05231016630113888,2.296822437039587,-4.450254686241237,5.101771460853769,0.07001633648582416,-0.9797298095018196,0.0007857142857142857,0.68359375,0.0020957647000543387,34.34377,0.032108538,34.20688,34.479065,-0.8315524,0.953423,0.0,294.62890625,1.9738743e-06
S10,1,0.0002442480652238094,0.18159408890335937,-1.068315083687327,1.2878633417455292,-1.2517444799866495,6.785978162567478,0.01507142857142857,2.05078125,9.539404353160569e-05,0.8200807389758882,0.013203541039161923,0.63629150390625,0.9258270263671875,1.4959083294417252,5.2277298420955205,0.0,0.68359375,4.903299222006913e-07,4.1158176474083363e-07,0.008265499995465166,-0.10240890046162521,0.09164142665385253,-0.21631646953378825,5.40025008328614,0.3031904761904762,36.23046875,1.9425839550101239e-07,0.08045635730378685,2.628917800296129,-7.341951426521533,8.604748645597883,0.193527271266891,0.5400810362070034,0.0008333333333333334,0.68359375,0.002471814783455691,34.356102,0.026770411,34.246582,34.494415,-0.78613144,1.3778925,0.0,199.609375,1.948623e-06
S10,1,0.00022562069735851888,0.178741132454978,-1.068315083687327,1.2878633417455292,-0.6876795326290156,7.1567835770306445,0.015047619047619048,2.05078125,9.205285209468957e-05,0.8224823724655878,0.013458206970236801,0.72784423828125,0.96435546875,1.5632311273581023,4.6978944268552505,0.0,0.68359375,5.053283701906665e-07,2.39514200202125e-07,0.008967831465404436,-0.10240890046162521,0.09164142665385253,-0.2226216542636985,4.155828326482294,0.28123809523809523,36.23046875,2.2967145355034716e-07,0.03397753820681155,2.776563002533932,-7.341951426521533,8.604748645597883,0.11396112593097965,0.17564219320370222,0.0008333333333333334,0.68359375,0.002960090311157145,34.350536,0.028091472,34.246582,34.494415,-0.66314805,1.1971865,0.0,239.2578125,2.0297377e-06
S10,1,-0.00025533857854030786,0.1682040548964008,-0.701544981951087,1.0023834070495012,-0.28682600932160085,7.199439940831571,0.014357142857142857,1.3671875,7.907592585513041e-05,0.8248221987769717,0.013406904566872404,0.739288330078125,0.96435546875,1.607073444930194,4.937583666831113,0.0,8.88671875,5.105200709299444e-07,3.552466659762014e-08,0.00950673649247052,-0.08101464520043164,0.07197515425708431,-0.1934887984970186,2.4550459934210176,0.2612857142857143,38.96484375,2.599979827678995e-07,-0.05999362476741639,2.2490484418238523,-5.580693427715,5.39758084293827,-0.07422322638228236,-0.6100986560118562,0.0008571428571428571,0.68359375,0.002289078510257117,34.338203,0.027827788,34.234375,34.48523,-0.66993684,1.3131413,0.0,17.7734375,2.0774723e-06
S10,1,-0.00016762097129808837,0.1668059499048442,-0.7053920244656932,0.9292599319577016,-0.4417429537156902,6.948935723798124,0.014285714285714285,1.3671875,7.758239960314042e-05,0.8278673535301572,0.013533104854634954,0.739288330078125,0.9342193603515625,1.524474144497339,4.380123297722548,0.0,8.88671875,5.060267980252492e-07,3.8150379005890294e-07,0.009743686227118097,-0.0845026222000578,0.07197515425708431,-0.19846385450648774,2.2975142119412615,0.26254761904761903,39.6484375,2.736857847502346e-07,-0.011025493074114049,1.8624147376935816,-4.1893920446634025,4.205313429421823,0.03424750148104765,-0.8057444201967123,0.0008809523809523809,0.68359375,0.0016263345468674288,34.331856,0.027346393,34.19925,34.48523,-0.75331646,1.4049845,0.0,205.76171875,2.0652876e-06
S10,1,-9.891175586557916e-06,0.1662659704550251,-0.7053920244656932,0.9252769865490746,-0.770231423532416,6.277489402256753,0.014333333333333333,1.3671875,7.812769528043039e-05,0.8316030956449962,0.01344813331143416,0.669097900390625,0.93994140625,1.5308413364913818,5.028487234557851,0.0,214.6484375,5.06920019997731e-07,8.025600347447421e-08,0.008758910332565071,-0.0845026222000578,0.05729078315523696,-0.18890449643418447,1.1725663307504401,0.2785714285714286,43.06640625,2.2015710710540472e-07,0.006538801416463711,1.7359542962737189,-4.457828898563907,3.6626778887149176,-0.007389949562207692,-0.7977619902447151,0.0008809523809523809,0.68359375,0.0015547491137830568,34.35456,0.040845554,34.19925,34.54193,0.23897585,0.27360106,0.0,131.93359375,2.054734e-06
S10,1,-0.00021086748480408617,0.16708924259093796,-0.702878432666517,1.0606493399445562,-0.7362577214452601,6.013827212152881,0.014452380952380953,1.3671875,7.875183187026793e-05,0.8342379342942011,0.01327773314259195,0.669097900390625,0.95672607421875,1.5510628205813057,5.315853458003643,0.0,249.51171875,4.953714187122115e-07,-6.783483206138777e-07,0.008861307916108755,-0.06080259135991782,0.07883856781253591,-0.03854024365572421,2.1600425013460267,0.2878095238095238,43.06640625,2.2319914089211113e-07,-0.008413060032872156,1.9651998102047281,-4.895852548835987,5.553680786278576,0.017911757440458132,-0.2887751342423108,0.0008809523809523809,0.68359375,0.0018367019540460646,34.41637,0.05133066,34.26184,34.589508,-0.36657077,-0.70308876,0.0,133.30078125,2.067333e-06
S10,3,-2.0624100936607398e-05,0.12047713477434105,-0.5437455214779353,0.8768804705495788,0.9464482993917558,8.655307055844448,0.008452380952380953,1.3671875,4.248368482254388e-05,0.90094423748198,0.01349220850473874,0.7595062255859375,1.031494140625,1.4934335068497944,5.280791891386796,0.0,138.0859375,4.968517522716353e-07,-4.779919045097045e-07,0.006359619850853543,-0.03270283522384794,0.02531976579140613,-0.27152366135619793,0.13738809201777702,0.3049047619047619,34.86328125,1.1556565604436643e-07,0.05526701899584272,1.8140986983391365,-3.6267533177357802,4.3829262362996255,0.06178575578201682,-0.7971166463810819,0.0007857142857142857,0.68359375,0.0014643305307585662,34.492043,0.0327531,34.37039,34.65396,-0.4670532,0.65123105,0.0,209.86328125,2.1932594e-06
S10,3,0.00017192088902944,0.11394598910995989,-0.43754423470907233,0.725614342155307,0.5312540186585725,7.806242120214582,0.008238095238095239,1.3671875,3.75922452221168e-05,0.9068406967889695,0.013884548025812854,0.7595062255859375,1.024627685546875,1.3630352308682816,4.812073877188198,0.0,138.0859375,5.006874282894157e-07,4.446950386585981e-07,0.006288653008976917,-0.03270283522384794,0.023996027544777462,-0.2566538311481553,0.14891839556994446,0.31502380952380954,40.33203125,1.1262110906505517e-07,-0.006962349324233151,1.6803717898527388,-4.0193910213106525,3.5591314194604284,-0.07778691027953946,-0.9370454524281566,0.0008571428571428571,0.68359375,0.0013677613852114054,34.46689,0.03551003,34.355103,34.62326,-0.31838784,0.23204088,0.0,220.1171875,2.1602307e-06
S10,3,-9.568181233515312e-05,0.11711961973264459,-0.6072921646166535,0.6920034905471251,0.30611631545691154,7.298433818441163,0.008690476190476191,1.3671875,3.794863000395148e-05,0.9131353469122023,0.013687498125377662,0.743865966796875,1.024627685546875,1.3828175374531042,5.170838472687041,0.0,171.58203125,5.012249061369665e-07,-1.0450462513444587e-07,0.006472243373849223,-0.03146315860609748,0.027723113667678045,-0.22305396818552017,0.19332931691593824,0.3012142857142857,39.6484375,1.1857642900366539e-07,-0.01024065204849484,2.231413934582475,-5.539704372411718,4.5536538783000715,-0.1633079439376475,-0.7363423087025551,0.0008333333333333334,0.68359375,0.002124124658154346,34.43556,0.03145647,34.2695,34.5849,-0.49916053,0.61177444,0.0,132.6171875,2.1379046e-06
S10,3,-0.00017170982334989757,0.11858424910296254,-0.6072921646166535,0.6792610264073928,0.11966613427975631,6.852537683451189,0.008761904761904762,1.3671875,3.938713980291783e-05,0.9168652761550177,0.013334596578058787,0.662994384765625,1.0478973388671875,1.3330498675502989,9.079358196623508,0.0,237.890625,5.037749667741442e-07,-3.561191909397896e-08,0.006616557184100962,-0.03146315860609748,0.027723113667678045,-0.2446100189264181,0.1921343939623199,0.28304761904761905,35.546875,1.246391011930457e-07,0.017286070564328158,2.3129234326118553,-5.539704372411718,4.5536538783000715,-0.0920288706845154,-0.8298845840707894,0.0008095238095238096,0.68359375,0.002229202562235021,34.42195,0.027715616,34.2695,34.58026,-0.7588273,1.1777401,0.0,133.984375,2.1389646e-06
S10,3,5.3921265175247125e-05,0.1199444323980499,-0.5511399847645827,0.7638151621295455,0.24295631428953127,6.849270037166875,0.008952380952380953,1.3671875,4.264539295182522e-05,0.918851797921317,0.01337847886434494,0.662994384765625,1.0498046875,1.3517319531055605,8.72015204213115,0.0,241.9921875,5.062124125032325e-07,4.27841422439032e-08,0.00651587486097752,-0.030243104994619355,0.026736154503757076,-0.26528025123415805,0.163744988244384,0.28035714285714286,36.9140625,1.2209591320187457e-07,0.004826950307004327,1.9311991720507988,-3.8433120695206693,4.415476837084549,0.0575845608093157,-1.1005292453555102,0.0008571428571428571,0.68359375,0.0018647312049518492,34.41688,0.027851747,34.2955,34.560333,-0.7144641,1.2136211,0.0,93.65234375,2.122122e-06
S10,3,-2.4899774637978064e-05,0.12158284640729591,-0.7430005640479594,0.7638151621295455,0.25407317818052466,7.169975129749748,0.00969047619047619,1.3671875,4.328063714483957e-05,0.921627189999535,0.013437155069580847,0.75225830078125,1.0524749755859375,1.377115034791114,6.359722627704921,0.0,312.40234375,5.043780498652123e-07,2.530918471221702e-08,0.006491930498388638,-0.03360566271974816,0.02724477223649173,-0.23252136117060151,0.16990749219149137,0.29495238095238097,32.12890625,1.2146575242261074e-07,0.07781182734068788,2.0864768296904748,-4.318369288504014,6.809286147678133,0.29921049913229514,-0.20939569621260912,0.0008333333333333334,0.68359375,0.0019444411590386925,34.40451,0.028048776,34.2955,34.558807,-0.7046506,1.227664,0.0,172.265625,2.05737e-06
S10,3,-8.254346793455045e-05,0.11826328526215417,-0.7430005640479594,0.7153210741472579,-0.051613745167847176,7.2221439707280375,0.009928571428571429,1.3671875,3.8932061719453684e-05,0.924090321858724,0.013368412765306493,0.75225830078125,1.0524749755859375,1.4368848245386214,7.053552559152754,0.0,336.328125,5.099918945305115e-07,9.291451641396164e-08,0.0066550437540295404,-0.03360566271974816,0.02724477223649173,-0.19862630361672456,0.20112149921814204,0.31666666666666665,32.12890625,1.268694369038964e-07,0.0012696313842455072,2.2460553942783092,-4.981827566796598,6.809286147678133,0.2621387987250834,-0.3517434003177309,0.0007619047619047619,0.68359375,0.0020086501366684156,34.38642,0.029982876,34.27716,34.54193,-0.6317108,0.88660073,0.0,168.1640625,2.052331e-06
S10,3,-6.391751773231293e-05,0.11609691862343112,-0.5453252157437913,0.6532731946618753,-0.21302274425670628,6.77813807233351,0.009952380952380952,1.3671875,3.7809474309927404e-05,0.9252647399902344,0.013327434472232997,0.7610321044921875,1.0417938232421875,1.5385410019115708,6.070083868073896,0.0,338.37890625,5.07043873443569e-07,3.43928382025627e-07,0.006841512440464917,-0.02996966442307914,0.026355861054499954,-0.1755790151653693,0.11855500774292516,0.31995238095238093,32.12890625,1.3352306897145627e-07,-0.05862136627497988,2.024884858723355,-4.981827566796598,4.361992382988602,0.005310000724915737,-0.9666543807088779,0.0007619047619047619,0.68359375,0.001785610410236413,34.35823,0.03366869,34.25116,34.51895,-0.3520578,0.4599378,0.0,313.76953125,2.0674167e-06
S10,3,0.00013754347607123713,0.11632839889315459,-0.6387522069529264,0.6678400493332494,-0.24635587733714367,6.873098849993246,0.010214285714285714,1.3671875,3.9742303119510076e-05,0.926543698992048,0.013280573563262553,0.74310302734375,1.050567626953125,1.4676138915274757,6.509821860066586,0.0,339.74609375,4.974727292142046e-07,-7.796101840103583e-07,0.006933841854766739,-0.033662940464423974,0.04692322070209244,-0.16166853622827282,0.2713344237450608,0.31711904761904763,31.4453125,1.3729761806636906e-07,0.030893034853966397,2.262380049083858,-7.878852685851408,5.829161582636273,-0.4823182594902452,0.58506729352206,0.0007380952380952381,0.68359375,0.002035941461527294,34.337326,0.027861442,34.246582,34.48523,-0.7051088,1.1132679,0.0,336.328125,2.043335e-06
S10,3,4.791126673954917e-05,0.11488031267283556,-0.6387522069529264,0.6678400493332494,-0.3034352287162327,7.031095201022541,0.010047619047619048,1.3671875,3.807151745572104e-05,0.9291921433948335,0.01341773075308034,0.74310302734375,1.08184814453125,1.4580685581678616,7.05255950873563,0.0,339.74609375,5.039129045025707e-07,-8.768483066869555e-07,0.007013213707898086,-0.033662940464423974,0.04692322070209244,-0.1540578036249264,0.25886048517591886,0.316047619047619,31.4453125,1.4043310606937034e-07,-0.0259477261740507,2.3164283342511016,-7.878852685851408,5.829161582636273,-0.41400871006642165,0.3809645979686902,0.0007619047619047619,0.68359375,0.0022665426326811036,34.35026,0.03195007,34.246582,34.502075,-0.43800947,0.564363,0.0,327.44140625,2.054535e-06
S10,3,-0.00010355727508413986,0.11370483675390833,-0.4985580196521737,0.6409654655352167,-0.3210969098204217,7.070940274827411,0.010452380952380953,1.3671875,3.599725607029542e-05,0.9322735286894299,0.013473715018084443,0.8274078369140625,1.08184814453125,1.526321381367022,5.898130169699856,0.0,325.390625,5.055277541208073e-07,-3.37071558770053e-08,0.007650993245554447,-0.05182789877581504,0.08001885014345624,0.09440294112821306,2.9501495452763873,0.31597619047619047,42.3828125,1.6537102838010725e-07,-0.015224787730191407,2.1458965736213234,-5.6001158744729675,5.593309655484228,0.03310158000460929,-0.6123830500070175,0.0008333333333333334,0.68359375,0.0022426989954958602,34.371334,0.028229509,34.264893,34.512787,-0.68736464,1.2532363,0.0,333.59375,2.0917935e-06
S10,3,-1.9448507347405995e-06,0.11548601366682287,-0.4693543945444552,0.7282183578592459,-0.2089273245628866,7.191299161663485,0.010619047619047618,1.3671875,3.841206128768673e-05,0.9354159128098261,0.01357543262578631,0.6103515625,1.0677337646484375,1.1731567404370105,13.143360847720405,0.0,330.17578125,5.032290573130371e-07,4.198609875778301e-08,0.007454476985331735,-0.05182789877581504,0.08001885014345624,0.12493662283857869,3.375308814782615,0.32507142857142857,42.3828125,1.5700222501602995e-07,0.000957684038168931,2.1064269425920408,-5.6001158744729675,5.593309655484228,0.04819943989412707,-0.601814022371447,0.0008333333333333334,0.68359375,0.0019865491878164167,34.39373,0.03268889,34.283264,34.543488,-0.46942264,0.43642068,0.0,349.31640625,2.0717762e-06
S10,2,9.590655547198555e-05,0.17249429111006118,-0.7262964949033087,1.1348978781726626,0.8292304145841678,4.162127967915479,0.021666666666666667,2.05078125,8.488850915882383e-05,1.6247858410789853,0.022663878623209264,1.236724853515625,1.802825927734375,0.2511690391671332,3.7907623130901698,0.0,0.68359375,5.16163203458706e-07,2.111297221442659e-07,0.007967932508496733,-0.09474597578487833,0.08394317376725413,-0.13076056296181202,3.9584700277964258,0.3415952380952381,41.69921875,1.8354705345773325e-07,0.027128767772681472,4.701401774740429,-14.538296548883666,12.982614863174541,0.22132420875727485,0.5414616012157434,0.0005714285714285715,0.68359375,0.005255575227823824,34.730034,0.04586975,34.5849,34.90323,-0.34226882,-0.18255663,0.0,1.3671875,2.469333e-06
S10,2,5.117265180998813e-05,0.16887668437289774,-0.6694740366670499,0.8898626753849143,0.749729857820963,4.032063109191091,0.021333333333333333,4.1015625,8.185877749879446e-05,1.6041414896647135,0.02602827740208346,1.273345947265625,1.74407958984375,0.37031492059536203,0.4065258381102197,0.0,0.68359375,4.678058529250879e-07,9.020749913097575e-07,0.007614655068458349,-0.04319700607650566,0.051741892025456364,-0.08116735916830613,0.7571370173416891,0.3295952380952381,38.28125,1.65172304104744e-07,0.07382619053939693,4.158683765296184,-10.020364302604639,9.869057469552622,0.4630203700081227,-0.7357893748028292,0.0005,0.68359375,0.003366250617954588,34.784485,0.040882703,34.647797,34.95871,-0.4591469,0.06278491,0.0,45.1171875,2.4407914e-06
S10,2,-0.0003254951364203501,0.16130455857085624,-0.9592484519096209,0.8853888026512654,0.5176602526284242,4.840579967993855,0.021714285714285714,4.1015625,7.424657919458912e-05,1.577847399030413,0.020399300465065336,1.2363433837890625,1.703643798828125,0.594092582974793,4.142299433796519,0.0,0.68359375,4.736933745325258e-07,-1.8146187096154377e-07,0.007883957707448774,-0.05888842125954062,0.058271182960184235,-0.08953786042435206,1.6465397766716974,0.31966666666666665,34.86328125,1.76921646173446e-07,0.044750719826902326,4.351201098203756,-10.756330012349295,10.722658848785077,0.2291129305568943,-0.1216461368412296,0.0005,0.68359375,0.004445325580183283,34.843628,0.05178639,34.700073,35.065277,0.26205793,-0.044979095,0.0,97.75390625,2.5231059e-06
S10,2,-1.259893189842865e-06,0.14813526859224022,-0.9592484519096209,0.870793911838412,0.24176657952507907,5.0893571718886506,0.02361904761904762,3.41796875,6.261452270027994e-05,1.6502173015049526,0.10147417063536936,1.2363433837890625,1.9893646240234375,1.1069259359494292,0.4677785779838697,0.0,0.68359375,5.18609465287328e-07,-1.1275004376703148e-06,0.007899733965755815,-0.05888842125954062,0.058271182960184235,-0.07970658273217648,2.1374607932046814,0.3148095238095238,34.86328125,1.7732056910454237e-07,-0.006912605437216833,4.132371414058439,-11.505168840646885,14.632610805102294,0.22860740959728637,2.0273356969401677,0.0005714285714285715,0.68359375,0.004891444028443323,34.94968,0.08902328,34.743103,35.22455,0.25076637,-0.7812896,0.0,0.68359375,2.675025e-06
S10,2,0.00023175787402284859,0.15461212460784776,-0.6995661830448486,0.8846242102021854,0.7430835409533953,5.863365273320019,0.02726190476190476,15.72265625,6.831602252064938e-05,1.840141959417434,0.12667708111587908,1.581573486328125,2.079010009765625,-0.3711481422677767,-1.5966861080711243,0.0,0.68359375,4.821833637306403e-07,-1.6598853103408019e-06,0.0084049648166408,-0.057209072948005604,0.0546671404834858,-0.03684834572820477,0.9796903451710648,0.2932619047619048,45.1171875,2.0025342078737952e-07,-0.08915934563765744,3.7236249056710755,-11.505168840646885,14.632610805102294,0.6347093160904391,2.4987810319188686,0.0005952380952380953,0.68359375,0.0034290211665106603,35.135178,0.12972711,34.860077,35.426147,0.018457823,-1.3316041,0.0,0.68359375,2.9033304e-06
S10,2,-3.675642840183019e-05,0.17019032925118202,-0.7718954242098894,1.0170320346328703,0.9957741025376663,6.801539508691418,0.02819047619047619,7.51953125,8.325770335028088e-05,1.9719533920288086,0.03177400227314251,1.8310546875,2.1350860595703125,-0.31151479017730976,-0.2928076875590828,0.0,0.68359375,4.2815214757182875e-07,4.3439564343398056e-07,0.008811150725719998,-0.04960036896811813,0.04445390046089304,-0.05521386112408345,0.6632915810957414,0.2871666666666667,38.96484375,2.228889167970252e-07,-0.005133746147800447,2.9328367945855884,-4.32938604533663,7.8439570584791545,0.7742234199805885,-0.2105702259446347,0.0005952380952380953,0.68359375,0.0021595462761791733,35.319366,0.08938331,35.03589,35.5412,-0.45237404,-0.60863113,0.0,2.734375,3.1218165e-06
S10,2,-8.342478320986872e-05,0.15619388236462084,-0.7718954242098894,1.0170320346328703,0.9676665285287722,7.8208721336934435,0.030071428571428572,15.72265625,6.866229655955888e-05,2.0037906192597887,0.033835715063316014,1.8489837646484375,2.21710205078125,0.8363727953440165,0.3944197397546487,0.0,0.68359375,4.185341737570579e-07,1.9615744176260554e-06,0.007959142961850558,-0.04960036896811813,0.0381463921961958,-0.05596126640216943,0.7540033291393486,0.3122142857142857,38.96484375,1.7908034513035103e-07,-0.005763906276610658,2.557336846763342,-6.112625685533726,7.0756834854010835,0.4510260059534467,0.1973827670190169,0.0005952380952380953,0.68359375,0.0018038931636305698,35.431267,0.061502,35.22766,35.63147,-0.18318386,-0.3395145,0.0,23.2421875,3.3621272e-06
S10,2,8.274558041358398e-05,0.1405652335560036,-0.7000312286827293,0.9151753217437835,1.0342473342409289,7.292252733870642,0.031,15.72265625,5.550068477824972e-05,2.0178095953805104,0.033208886254637304,1.729583740234375,2.21710205078125,0.09936803650953382,0.21186340062787545,0.0,0.68359375,4.2791559271959555e-07,-1.2020328037677922e-07,0.0077085002600347455,-0.04049388819577816,0.059932672029328546,0.02012961080881577,0.9206155094373711,0.3110952380952381,41.015625,1.6955735230301478e-07,-0.009811804294263256,2.681964811390063,-6.112625685533726,6.66904929845553,0.16828025115400788,-0.37211691137503466,0.0005952380952380953,0.68359375,0.0019043068022666836,35.512184,0.05741449,35.32373,35.678223,-0.5088276,-0.33387828,0.0,341.796875,3.4741795e-06
S10,2,-7.903170332006282e-06,0.15237525105625718,-0.7887984508310435,0.9208273759337501,1.1026565004721478,7.362464039081857,0.02969047619047619,15.72265625,6.68005939438868e-05,1.9950716200329008,0.03296910549922638,1.729583740234375,2.1732330322265625,0.23317122548375713,-0.46639026536885364,0.0,0.68359375,4.216045203055181e-07,2.3531302466695561e-07,0.008973126280826672,-0.07771357886825371,0.09696513765291895,0.23256538605978566,4.633651202818055,0.2955,41.015625,2.303404697322198e-07,0.031810666314607675,3.066992548878585,-6.394310500404998,9.766480160659745,0.47318043157239725,0.15075796155556098,0.0005714285714285715,0.68359375,0.0022978946246781018,35.567623,0.039518643,35.419952,35.70627,-0.8833209,0.5378711,0.0,277.5390625,3.432991e-06
S10,2,5.284289702588179e-05,0.14407786557056176,-0.7887984508310435,0.9208273759337501,0.7683973795294702,7.7504041121498215,0.032,15.72265625,5.935877639660651e-05,1.9908287229992094,0.03923216550928376,1.6849517822265625,2.1442413330078125,0.5648868836796433,-0.6756150254677107,0.0,0.68359375,4.184889486163842e-07,3.821564698863022e-07,0.008234905177174477,-0.07771357886825371,0.09696513765291895,0.23664154093339793,6.352118739215548,0.3238333333333333,39.6484375,1.932522055420301e-07,-0.027602042884954953,2.8150317660295774,-6.394310500404998,9.766480160659745,0.4977246658186918,0.9090931383771625,0.000619047619047619,0.68359375,0.002088736473040579,35.591255,0.03644587,35.460327,35.72345,-1.0825377,0.8638575,0.0,233.10546875,3.4837365e-06
S10,2,-7.257617131860834e-05,0.14160932923760092,-0.7537693774860229,0.8902231747092965,0.7104131029418058,7.826998311302548,0.031380952380952384,15.0390625,5.725774702699809e-05,2.0406708126976376,0.0433941005743339,1.6849517822265625,2.2579193115234375,-0.7727791940889136,0.3650662553964774,0.0,0.68359375,4.308007735264043e-07,-5.662436153821877e-07,0.007333622553505321,-0.08990121762820034,0.05702524982686216,-0.38163161459901196,4.53387010131268,0.3428809523809524,39.6484375,1.5496300314687215e-07,-0.03489001960662779,3.180264806106056,-6.192394187613667,11.728976033883518,0.9081261270519981,1.2713189906573286,0.0005476190476190477,0.68359375,0.002195815495039726,35.606594,0.03671202,35.482117,35.734344,-1.0966516,0.8199725,0.0,205.76171875,3.5573487e-06
S10,2,-2.5124401115588246e-05,0.14461805233311678,-0.6931045720488391,0.8902231747092965,0.98191899847627,7.945040779855553,0.027642857142857143,15.72265625,5.90879311117782e-05,2.054814647492908,0.026910592935037378,1.8939971923828125,2.2579193115234375,0.3428996044865846,-0.06658436717382088,0.0,0.68359375,4.185610982816501e-07,-9.61415868097165e-08,0.007242469275125049,-0.08990121762820034,0.05702524982686216,-0.3869697618918916,4.862056268733603,0.3481190476190476,39.6484375,1.5117480875570214e-07,0.027652135089311178,3.9033076056006046,-10.078642918813998,11.728976033883518,0.6089568718527167,0.7523745269694988,0.00042857142857142855,0.68359375,0.002832773498793782,35.62026,0.036009118,35.499176,35.756195,-1.1811241,0.9375067,0.0,277.5390625,3.572977e-06
S10,2,0.00022167187718315874,0.1444754278320169,-0.9476971307714677,0.9817899457549112,1.1422472095902974,8.367042525843141,0.02530952380952381,16.40625,5.9047344105760934e-05,2.053334426879883,0.025668848821929817,1.8939971923828125,2.18658447265625,0.38786206787422645,0.267076963346105,0.0,0.68359375,4.070155027891786e-07,6.135961749446727e-07,0.0063189949410128446,-0.03280681856537587,0.04372043142960083,-0.11040211231176794,0.874903228816299,0.35895238095238097,37.59765625,1.1376160588964947e-07,-0.008782386977265343,3.2365114056663384,-10.078642918813998,11.571000960879744,0.22735249919242484,2.1950850167972558,0.0006666666666666666,0.68359375,0.003009326856133191,35.628456,0.035335056,35.499176,35.756195,-1.2252073,1.000855,0.0,224.21875,3.520024e-06
S10,2,-0.00013594356716798252,0.15585549779673671,-0.9476971307714677,0.9817899457549112,1.3523447490389204,7.502531991888073,0.02204761904761905,16.40625,6.91400358673135e-05,2.055379377092634,0.021122350215222723,1.7757415771484375,2.18658447265625,0.9007436353888224,2.4983069973187764,0.0,0.68359375,4.121860850722935e-07,-1.7576939247648376e-08,0.006322020195611466,-0.039688137022701325,0.04372043142960083,-0.07283880610221842,1.1871123402904162,0.35983333333333334,37.59765625,1.1482970503832904e-07,-0.014577576846835595,2.8062522185048624,-8.257981864861721,6.607893142549123,-0.07657749267587775,0.523888688577689,0.0008095238095238096,0.68359375,0.003024085387297693,35.630978,0.035609588,35.51007,35.759308,-1.2050185,0.99159,0.0,181.15234375,3.5053731e-06
S10,2,-9.176096086998681e-05,0.15509228704356057,-0.6158136474554052,0.9185618895004222,1.4500585751496655,6.842953191856573,0.020476190476190478,2.05078125,6.824996286182451e-05,2.0249028796241397,0.02892790020292775,1.6307830810546875,2.1739959716796875,-0.40871551032610826,0.5514607938339453,0.0,0.68359375,4.1089238745310606e-07,-4.278914662902614e-07,0.005906308842036239,-0.039688137022701325,0.0434197370263423,-0.1309478721800983,1.0073554850781026,0.37676190476190474,34.86328125,9.990987011968716e-08,0.028037274327762016,3.16854332912068,-7.611657551919885,8.12685688434469,0.26954064002125183,-0.38183598317313017,0.0005952380952380953,0.68359375,0.00237651974524809,35.625145,0.036182236,35.494537,35.778046,-1.1252464,0.9094746,0.0,218.06640625,3.525554e-06
S10,2,-5.185959641103286e-05,0.14535511822393868,-0.5033719733050621,0.8645881213707505,1.2307909263476338,6.658784422525827,0.019928571428571427,15.72265625,6.0472042777446685e-05,1.9647165116809664,0.046159587441517866,1.6307830810546875,2.1503448486328125,-0.024005770911739995,-0.9942266123286614,0.0,0.68359375,4.177989142495392e-07,-1.028047723352102e-07,0.005708726102113968,-0.03152686892230229,0.03050126389334479,-0.19710846875032415,0.49158495330981733,0.3831904761904762,29.39453125,9.294925204116392e-08,0.01833745762818759,3.255319003771137,-5.673619251178644,8.12685688434469,0.6031504277508237,-0.6195059192139722,0.00045238095238095237,0.68359375,0.0019650214685746157,35.610435,0.03648192,35.4852,35.778046,-1.0847406,0.8909757,0.0,206.4453125,3.5035234e-06
S10,2,2.038167700276661e-05,0.13922710445217396,-0.5743229867489348,0.8121538345082348,0.911911960902001,6.292067846291607,0.018833333333333334,15.72265625,5.5976787282966725e-05,1.8920309248424712,0.04105695220986789,1.6574859619140625,2.0660400390625,0.13605888892514953,-0.8091972270806034,0.0,0.68359375,4.1913165614946563e-07,1.6086218899976744e-08,0.00586766681687743,-0.029959761774771422,0.02946641340714654,-0.19283537479338445,0.39005144014503257,0.37154761904761907,29.39453125,9.86474415563153e-08,0.05689726424776282,2.942438532524646,-4.630347496092211,8.073957803412329,0.5700880890704738,-0.6513328803220801,0.0005238095238095238,0.68359375,0.0017885598644879772,35.59389,0.03615771,35.47589,35.742157,-1.1035577,0.90840006,0.0,206.4453125,3.4936381e-06
S10,2,4.990283206485663e-05,0.1453965786052793,-0.6410628080620996,0.875345047984882,0.9314562974463227,6.191337558919502,0.02019047619047619,15.72265625,6.0746650557121436e-05,1.8262734549386161,0.03898703842283078,1.683807373046875,1.9939422607421875,0.076344744526105,-0.934758636411062,0.0,0.68359375,4.1084973044980126e-07,1.6724342025867637e-07,0.007004302865219587,-0.07345908742528161,0.06215736711809845,-0.061247267481192795,2.883725069555502,0.34814285714285714,43.75,1.398746451690835e-07,-0.1326797633208462,3.421188680422016,-8.405867340305184,12.763970083277076,0.7739577785742388,1.4276425783795004,0.0004761904761904762,0.68359375,0.0023452244573474975,35.579704,0.03600204,35.45099,35.746857,-1.1075194,0.9121654,0.0,206.4453125,3.4677546e-06
S10,2,-3.6893332901527045e-05,0.14244194972834212,-0.6618555209747502,0.875345047984882,0.9721862670829348,6.863229696756523,0.023285714285714285,15.72265625,5.835699864256362e-05,1.766564096723284,0.03380220408080763,1.5811920166015625,1.920318603515625,0.2284178254993308,-0.8076255847008711,0.0,0.68359375,4.113621512875564e-07,9.641843824523918e-08,0.007698694936697608,-0.07345908742528161,0.06215736711809845,-0.02009351353312493,1.8633385279907762,0.32804761904761903,41.015625,1.6930137719054515e-07,-0.05847607362553172,3.6279297721773553,-8.405867340305184,12.763970083277076,0.7404706429154748,0.7496201019141653,0.0004047619047619048,0.68359375,0.002496257828286488,35.58159,0.036268566,35.45099,35.746857,-1.0970751,0.8867097,0.0,250.1953125,3.4480095e-06
S10,2,-2.6967514612459804e-05,0.13200778361563995,-0.6618555209747502,0.7616588009619665,0.6875969357087766,7.894736681161385,0.025523809523809525,15.0390625,5.049501496825285e-05,1.7196428662254697,0.026190549258499833,1.5811920166015625,1.883697509765625,0.21783705337987191,-0.2547383387768827,0.0,22.55859375,4.139018349030773e-07,2.0334601383354204e-07,0.0072815245766526355,-0.033608080338093094,0.03269413632152089,-0.04373314285871551,0.2397806510709395,0.32666666666666666,41.015625,1.5238500863852488e-07,0.18893268571120633,2.7022587190463225,-4.493917947499294,7.24044308443086,0.49944074128253524,-0.8551614952891589,0.0004761904761904762,0.68359375,0.0014202314944931356,35.589314,0.034946553,35.478973,35.73593,-1.2373854,1.0313807,0.0,237.890625,3.4850477e-06
S10,2,-1.743267603544636e-05,0.13886652606551753,-0.6646318958310378,0.7811166993632735,0.5139992431105501,7.798769009732592,0.026119047619047618,16.40625,5.5277431991442075e-05,1.6836791265578497,0.02297232865795448,1.467132568359375,1.8402099609375,0.3841769070643968,0.1685693578740488,0.0,25.29296875,4.234800925193477e-07,5.284759258110064e-08,0.007172772625213278,-0.033608080338093094,0.031708874279924845,-0.06286483062279036,0.20728089673569006,0.32457142857142857,35.546875,1.4722722336986788e-07,0.03584117981116395,2.587680867798893,-4.5125901211212005,6.356891490072234,0.35099264577488,-0.8133474634626294,0.0004761904761904762,0.68359375,0.0012415985933836137,35.588,0.03497307,35.46344,35.73593,-1.222187,1.0096631,0.0,237.890625,3.489545e-06
S10,2,0.00017816150928382467,0.14956626632968179,-0.8609481076043773,0.8628634489715623,0.6356993982531125,7.549617400200569,0.026119047619047618,16.40625,6.369266228853097e-05,1.6534704208374023,0.019921737354526306,1.4118194580078125,1.7810821533203125,0.40341406679128966,1.4142008011828144,0.0,121.6796875,4.449388523155161e-07,4.7454841885965803e-07,0.007503463026885786,-0.04379468559888928,0.043413321346523835,-0.08716483346132325,0.6614082366759866,0.3212857142857143,34.1796875,1.6027340630429393e-07,-0.15896659736545338,3.997891242784488,-16.114343278176584,11.611275605106194,-0.009121132203391353,2.6099130386645433,0.00042857142857142855,0.68359375,0.004003556927649238,35.585842,0.034976173,35.46344,35.710968,-1.205218,1.0406184,0.0,203.7109375,3.4506913e-06
S10,2,0.00010464060092403235,0.14287006292284243,-0.8609481076043773,0.8628634489715623,0.652200922355722,7.997223465695006,0.02676190476190476,15.72265625,5.810914820348773e-05,1.6314790634881882,0.01584341686002739,1.26800537109375,1.7711639404296875,0.5918837166576973,10.921191387409566,0.0,60.83984375,4.502796799155478e-07,-1.3319550591537042e-09,0.007753554485107462,-0.04379468559888928,0.043413321346523835,-0.0784087903458151,0.6199434720509842,0.30233333333333334,35.546875,1.7110685335284647e-07,-0.042203553890606905,3.949010578028045,-16.114343278176584,11.611275605106194,-0.0548059395789113,2.859363210447156,0.00045238095238095237,0.68359375,0.004283629857188037,35.57776,0.03571402,35.457214,35.70627,-1.135889,0.9422858,0.0,270.01953125,3.4356035e-06
S10,2,-0.00017758108038036977,0.12774193540203596,-0.7278362575301028,0.8037080276185178,0.6836224719194921,8.964829542221946,0.029238095238095237,15.72265625,4.6583170067661225e-05,1.6224976312546504,0.013040475285616868,1.26800537109375,1.7711639404296875,0.4994397498202649,28.131951386052506,0.0,60.83984375,4.4478869949938516e-07,-7.039927558604399e-07,0.007282935003313575,-0.05023240209296004,0.04536653064747013,-0.10822635043844556,0.40367407609682093,0.31366666666666665,35.546875,1.498589007540122e-07,0.08586169208528564,2.4658894638723057,-4.436515441785156,6.2437726238370175,0.5098883564656195,-0.5833678204676525,0.0004047619047619048,0.68359375,0.001169828267873661,35.575436,0.03552622,35.457214,35.717194,-1.1667861,0.9427414,0.0,269.3359375,3.4699033e-06
S11,1,-0.0003636696289748866,0.26911287304508535,-0.5943445408351329,1.6855834003392611,4.028308225651204,19.802593886632398,0.014071428571428572,7.51953125,0.0002242575529622243,6.662588092258998,0.10114738879490731,6.3495635986328125,6.9431304931640625,0.2573035341648947,-1.149538207857485,0.0,0.68359375,2.0828188962253693e-07,8.87949999868062e-07,0.015432234691043309,-0.14270964893140758,0.16992175851563385,0.1633091486589318,5.55787120387531,0.2715,51.953125,6.593011634736703e-07,-0.0512743979619983,2.893054815312639,-10.06830668141003,7.844160908177279,-0.267831771269487,1.3069512990273093,0.0007380952380952381,0.68359375,0.002279827815947304,33.677353,0.052836638,33.496033,33.865784,0.06998137,-0.9914305,0.0,256.34765625,1.3013223e-06
S11,1,9.450664845730056e-05,0.2607921287641861,-0.5218413562575126,1.6855834003392611,4.1756315545547675,21.307703132880224,0.012642857142857143,7.51953125,0.00019410490852359114,6.5092321940830775,0.08476510682007252,6.299591064453125,6.7638397216796875,0.31588439693197984,-1.1777050375958895,0.0,0.68359375,1.8827305995773513e-07,4.827890174681786e-07,0.010644814138939276,-0.06310280033477826,0.08005374059973494,0.09426407076985122,2.095757112145911,0.28683333333333333,52.63671875,3.242969821332081e-07,0.008299360910961598,2.9203333173214405,-10.06830668141003,7.844160908177279,-0.2699629133004798,1.0130520555703413,0.0007380952380952381,0.68359375,0.0026421928621980016,33.75097,0.049476467,33.609528,33.98288,0.6084273,0.1025064,0.0,216.015625,1.3791324e-06
S11,1,0.00029598805842275097,0.26120286047639585,-0.517250780203161,1.6696379028582995,4.175924902995137,21.262094081120587,0.011761904761904762,7.51953125,0.0001892367258084733,6.398488362630208,0.04520275605593713,6.1565399169921875,6.5914154052734375,0.2624232835590384,-0.8443101703812861,0.0,0.68359375,1.8528040076204137e-07,7.659617257591385e-07,0.009807476480914857,-0.06310280033477826,0.083939159376051,0.09656044001092387,2.828676363675859,0.2973095238095238,41.015625,2.700216377593477e-07,-0.015242447216237999,2.392949295271365,-4.67664169376792,4.8950368432042985,0.04210737019048359,-1.2270316819458575,0.0007142857142857143,0.68359375,0.002113063779385096,33.823048,0.056659773,33.621613,34.002655,-0.50792766,-0.9120152,0.0,208.49609375,1.4546724e-06
S11,1,0.0002120690718686858,0.2668713716630825,-0.5215605940771275,1.6693523147089886,4.140261287353932,20.56710588204815,0.011476190476190477,7.51953125,0.00020755210936420146,6.3135372888474235,0.055366713161081826,6.1275482177734375,6.5006256103515625,-0.17941466654044125,-1.2950550835861023,0.0,0.68359375,1.9575403032479354e-07,-5.911654163049468e-07,0.010040173700955942,-0.05981310188002302,0.083939159376051,0.09474514380126577,1.829772046069417,0.28595238095238096,51.953125,2.8879305669558446e-07,-0.010968142209790168,2.2496383534703233,-4.67664169376792,4.261898981267294,0.007577461352448193,-1.2418337453220083,0.0006666666666666666,0.68359375,0.0015543220158835437,33.88067,0.03136447,33.72467,34.042236,0.13523251,0.5927057,0.0,217.3828125,1.5413575e-06
S11,1,-0.0003074713702353793,0.2669178786182057,-0.5215605940771275,1.6693523147089886,4.159528985991763,20.570113953443236,0.011547619047619048,7.51953125,0.00021853438692677097,6.229371152605329,0.04393944913779766,6.0771942138671875,6.4014434814453125,0.5873738726066356,-0.5613575738866703,0.0,1.3671875,1.965348919286386e-07,-2.545808074777161e-07,0.009674940992297595,-0.05717113221690709,0.06319261484206977,0.043278866933705626,0.8887379444079211,0.2784761904761905,53.3203125,2.6499454250461443e-07,0.004748286393768857,1.9752669701097572,-3.7559347174064666,3.795129356715741,-0.0017120700946392936,-1.355190786519163,0.0006904761904761905,0.68359375,0.001215752250594838,33.92504,0.041423,33.802002,34.10321,-0.20862374,-0.41659403,0.0,205.078125,1.5566255e-06
S11,1,3.417766111633981e-05,0.26504995887979843,-0.4953323923489425,1.6651395524173553,4.167011619796438,20.699990742077993,0.010952380952380953,7.51953125,0.00019698998404389626,6.175322378249396,0.02613932446927645,6.0230255126953125,6.3144683837890625,-0.4268982155953584,0.1830724793056846,0.0,0.68359375,1.8790613727207215e-07,1.7159863955994658e-07,0.00906495675047608,-0.06479647552654677,0.039527546268729334,-0.0030312938161660796,0.2786288141844171,0.27864285714285714,38.96484375,2.3521161161145614e-07,-0.011233691476879656,2.129322328644589,-5.817432250190674,6.232829050972333,0.06475089156706691,-0.16240862970271142,0.0006904761904761905,0.68359375,0.001286286906462245,33.98376,0.041721232,33.839996,34.164154,0.053185895,-0.34761906,0.0,215.33203125,1.58251e-06
S11,1,6.6452668963345e-05,0.2673630941819341,-0.5135209214160925,1.6721049102842507,4.11695848686724,20.255167550700417,0.010928571428571428,7.51953125,0.0002011700167692511,6.132336888994489,0.030673705379279957,5.893707275390625,6.2808990478515625,0.331466012423861,-0.9052753690088129,0.0,0.68359375,1.8828570875768108e-07,-1.0232010242198573e-06,0.01023119260785256,-0.09585504660294704,0.10131846758566518,0.03155220908583558,2.376659057038654,0.2817857142857143,53.3203125,3.0288540950720556e-07,0.019869743972641105,2.2003474404293915,-5.817432250190674,6.232829050972333,-0.005244254586735407,-0.1981727620220668,0.0007142857142857143,0.68359375,0.001510192101759018,34.04259,0.04220435,33.86429,34.222168,-0.21508245,-0.33799505,0.0,215.33203125,1.6420681e-06
S11,1,-0.00023416118495649742,0.27228436563454517,-0.5513533774273802,1.6721049102842507,4.069876569216368,19.70458213029508,0.011333333333333334,7.51953125,0.00020243779048947317,6.081727164132254,0.029230475612495487,5.893707275390625,6.2221527099609375,-0.05338228402166395,-1.1305132395476774,0.0,0.68359375,1.8991955519219217e-07,2.722850601734717e-07,0.010943517302843474,-0.09585504660294704,0.10131846758566518,0.04389177797138869,2.551345449538392,0.2801904761904762,53.3203125,3.425229773620917e-07,0.03503735652012149,2.0891029346486434,-4.51623037867221,3.741311053682017,-0.04264267692831782,-1.2627880618179033,0.0007619047619047619,0.68359375,0.001809302898063372,34.06583,0.028352577,33.97528,34.222168,-0.27454004,0.9304354,0.0,5.46875,1.6415174e-06
S11,1,6.644689259690968e-05,0.27312119612518415,-0.5513533774273802,1.665916636550111,4.08653588503468,19.799326232633785,0.0115,4.1015625,0.00019448225943949923,6.04398444039481,0.017767761129801215,5.8582305908203125,6.1862945556640625,0.8194296218586183,2.524525037475531,0.0,1.3671875,1.8873534736905283e-07,-3.8060670735077263e-07,0.010173663842056467,-0.09069063107983395,0.08325734960605727,0.05002174199810969,1.351275902798946,0.2796904761904762,53.3203125,2.9291473966431585e-07,0.01685983815170795,2.122495262315997,-3.8675405048896745,3.543687142083085,0.0024375600153781173,-1.4002921921213938,0.0008095238095238096,0.68359375,0.0021450789810287473,34.061146,0.025383156,33.957,34.20996,-0.50819206,1.3708367,0.0,64.94140625,1.6073155e-06
S11,1,0.0001525705785444918,0.27052541918582745,-0.532328476733237,1.672261987199689,4.110545220402652,20.069576867920894,0.011404761904761905,4.1015625,0.00020790552124133588,6.020823442368281,0.01530073361981912,5.8582305908203125,6.1695098876953125,0.13791369305200363,3.4133267363069395,0.0,1.3671875,1.9270783758452097e-07,-1.0775246696675116e-07,0.00938130719748486,-0.05522938851215953,0.05251410643749799,0.007422986348154941,0.589280537243388,0.2944047619047619,48.53515625,2.5130489421293005e-07,-0.024257490281331902,2.170744661601375,-4.42164422554877,4.0881933757749405,0.022203453352430822,-1.2316822182034775,0.0008571428571428571,0.68359375,0.00238325556823545,34.080914,0.035646174,33.957,34.271027,0.42831704,0.7235515,0.0,17.08984375,1.6375405e-06
S11,1,3.144228927224663e-05,0.26933159252971794,-0.5130816499206212,1.672261987199689,4.133859030214707,20.209093047969965,0.011119047619047619,4.1015625,0.0002096135031231997,5.995096615382603,0.018159459542818196,5.670928955078125,6.1527252197265625,0.15186305222233193,3.5272593194623383,0.0,1.3671875,1.9882711246332098e-07,-8.430797657971002e-08,0.008159387747242815,-0.05522938851215953,0.05251410643749799,-0.042651961559685904,1.18242992389541,0.29914285714285715,41.015625,1.8991687560458778e-07,0.004827876310033129,2.2372878431891867,-4.42164422554877,4.0881933757749405,0.015365312491967105,-1.3078765936332448,0.0007619047619047619,0.68359375,0.0020114846779322086,34.137257,0.04956757,33.995056,34.31534,-0.29497784,-0.8189912,0.0,25.29296875,1.7311893e-06
S11,1,-2.9181601617978723e-05,0.2706822989861452,-0.5318927450304527,1.666663992456763,4.107844169381635,19.920437013319717,0.010857142857142857,4.1015625,0.00020544728409927109,5.976970182146345,0.011564530672414669,5.670928955078125,6.1309814453125,-0.05102931467060602,32.24865423920265,0.0,0.68359375,2.011850809409762e-07,-5.489018042034925e-07,0.007867080030623055,-0.08501690291021698,0.07760389080046774,-0.015564918097980029,3.767712792601423,0.30083333333333334,51.26953125,1.7579847471340942e-07,0.019892368430529057,2.200260327358055,-3.515982763405314,3.5340048698390536,0.002681002411265343,-1.4123687085060732,0.0007142857142857143,0.68359375,0.0017456747535287526,34.188396,0.029220741,34.06659,34.34897,-0.46869913,0.6802852,0.0,17.7734375,1.7789807e-06
S11,1,-3.455970154625055e-06,0.27442126507036463,-0.542470900015702,1.6684153514250457,4.036069324813396,19.316036730118718,0.011238095238095238,4.1015625,0.0002255639722806116,5.979345412481399,0.012855899424333097,5.69000244140625,6.11724853515625,0.3201791837012112,12.943141768539348,0.0,0.68359375,1.9670029465918565e-07,3.017078481482445e-06,0.009903010791664455,-0.08501690291021698,0.07760389080046774,0.0029696491337703797,2.519064889842104,0.29845238095238097,51.26953125,2.761453121736024e-07,-0.03423469000190575,2.5666162114379354,-6.693242845902981,8.156068963753839,0.1589629905225471,0.16428346046206244,0.0007380952380952381,0.68359375,0.0021112716384694493,34.19844,0.026445888,34.06659,34.34897,-0.6420431,1.151535,0.0,16.40625,1.7762248e-06
S11,1,-0.00021362241830939822,0.27270799430779424,-0.542470900015702,1.6684153514250457,4.047477744999635,19.5726614006567,0.011428571428571429,4.1015625,0.00022450027169550947,5.982672382536388,0.010903139838642405,5.8818817138671875,6.1115264892578125,1.0508963033253542,13.299709210240099,0.0,0.68359375,1.9408669351639698e-07,8.85196045723891e-07,0.01684126957124859,-0.30511554164513804,0.26762266899404846,-0.9235571583857635,59.896292934108835,0.28819047619047616,49.21875,8.223169032722624e-07,-0.007270656040763172,2.436960004961586,-6.693242845902981,8.156068963753839,0.15359131085139552,0.6700776099694785,0.0007857142857142857,0.68359375,0.002056146002162221,34.220867,0.037171874,34.071167,34.411713,-0.19754873,-0.12122989,0.0,6.8359375,1.8449227e-06
S11,1,7.348401779169996e-05,0.2702620959699592,-0.5268829823223213,1.6675212245731061,4.077591393205817,19.883862875067912,0.011095238095238096,4.1015625,0.0002054272708727419,5.969770268031529,0.014140236142095017,5.8055877685546875,6.1206817626953125,0.5787193704493505,5.099435454859311,0.0,1.3671875,1.9294267063855662e-07,-2.4451656904513277e-06,0.016055797343187756,-0.30511554164513804,0.26762266899404846,-1.0694132023690484,72.7883881243416,0.29369047619047617,49.21875,7.140398923101607e-07,0.03385393227460356,1.8446135794590406,-3.5428711998525935,3.332194541796996,-0.022593850442930285,-1.3147827816434567,0.0008571428571428571,0.68359375,0.0016952598335203762,34.260326,0.030819735,34.071167,34.41632,-0.4679263,0.72118354,0.0,6.8359375,1.9523907e-06
S11,1,0.00016253292391167574,0.26930582699754885,-0.5236886562929379,1.6694585975239984,4.089958739012202,20.000859212247654,0.010690476190476191,7.51953125,0.0002041261044911275,5.957847231910343,0.009590979251954223,5.6262969970703125,6.1206817626953125,-0.05985341559242259,71.59748863961858,0.0,0.68359375,2.0624839750158397e-07,-7.476499815671242e-07,0.008145192848828873,-0.04370163592500362,0.04409830262308812,-0.041851107422108395,0.33776788819087145,0.2971666666666667,51.26953125,1.893495330542276e-07,-0.027351142484276048,2.013607257563984,-3.7090414213687373,3.6090226198026896,0.01991648571166957,-1.3699515909549287,0.0008095238095238096,0.68359375,0.0018790333506503926,34.27966,0.027894313,34.18399,34.41632,-0.6580449,0.98870516,0.0,148.33984375,1.9978638e-06
S11,1,0.00015015200660037825,0.2684139630664225,-0.5245150912537293,1.6694585975239984,4.092591407309865,20.05905537909844,0.010666666666666666,7.51953125,0.00021011091691601477,5.953732327052525,0.01126412513321848,5.6262969970703125,6.08062744140625,-0.6665808110720125,49.59172290487511,0.0,0.68359375,2.2238315545791016e-07,2.4444213882765734e-07,0.008598716957079993,-0.06667792963994065,0.07426625698572695,-0.03507780468235441,1.037302003200348,0.29014285714285715,45.80078125,2.11547195465141e-07,-0.0366629697824328,1.9066842648023232,-3.7090414213687373,3.6090226198026896,0.038391148953301216,-1.2454964280016914,0.0008095238095238096,0.68359375,0.0016903336327776708,34.2791,0.02756017,34.187042,34.41324,-0.6641629,0.9986353,0.0,131.93359375,1.9801814e-06
S11,1,-0.00022867205962784435,0.26634867117184186,-0.5245150912537293,1.665709986382347,4.1155741706889035,20.298919376581694,0.010571428571428572,3.41796875,0.00020774553223322593,5.968361282348633,0.021386288067274047,5.7010650634765625,6.0955047607421875,-0.0031459952857085887,1.274847535122226,0.0,0.68359375,2.0734455310271365e-07,-4.425144690090592e-07,0.009346051580410842,-0.0809545785420626,0.07564484217310177,-0.053858058961819416,2.0304996708943097,0.2869285714285714,43.06640625,2.521297061287101e-07,0.056376175230243256,2.0078287032553175,-5.120807795481101,6.725764089500294,0.24350964178537365,0.038890120240040904,0.0008333333333333334,0.68359375,0.001738182024816865,34.28975,0.0327083,34.187042,34.44232,-0.26711047,0.36718178,0.0,144.921875,1.9724177e-06
S11,1,-0.00028430580718516744,0.2679596336707756,-0.5178010030920904,1.6769225177623808,4.071775482081444,19.900453378941926,0.010476190476190476,3.41796875,0.00020486406594546753,5.989491362798781,0.014773494295529925,5.76019287109375,6.11114501953125,0.19468721697673022,5.485854609513224,0.0,0.68359375,1.9178584112719648e-07,-4.0083160767135617e-07,0.01007746276155483,-0.0809545785420626,0.07564484217310177,-0.023731189325736073,1.9326884508029174,0.2790238095238095,43.06640625,2.899600818990977e-07,0.039573965015128575,2.0775042029350255,-5.120807795481101,6.725764089500294,0.19685707876855968,-0.18329555478725457,0.0008333333333333334,0.68359375,0.0018418849419852105,34.32115,0.032130048,34.196198,34.471405,-0.6026522,0.4767909,0.0,146.2890625,1.9724432e-06
S11,1,0.00022195045569947954,0.2692798211638654,-0.5204740447569084,1.6769225177623808,4.0535722328331145,19.73648182750346,0.010476190476190476,3.41796875,0.00020774737710063017,5.999088904971168,0.014393067159416018,5.841827392578125,6.128692626953125,0.3994337809947551,4.7794209830713985,0.0,0.68359375,1.9323587350908796e-07,1.0483800091750862e-06,0.010137717489524238,-0.06910457620483643,0.06349014527686402,-0.006668397114968826,1.093363800477297,0.272,42.3828125,2.9220221476120153e-07,-0.015492455043919226,1.802647792508827,-3.696955079378976,3.2540738177127433,-0.0933681509197308,-1.1828414378369594,0.0008809523809523809,0.68359375,0.0016053850189467784,34.36449,0.0438442,34.197754,34.548065,0.17506914,-0.23988962,0.0,129.19921875,1.9761806e-06
S11,1,-0.00018839245646532684,0.26627654859038874,-0.5232746504784251,1.6683838676375475,4.111643910259276,20.36108304610833,0.010476190476190476,3.41796875,0.00020884701143100793,6.008970878237769,0.011159183182156356,5.841827392578125,6.1374664306640625,1.0483948361634856,13.438678619692684,0.0,0.68359375,1.8574083916618624e-07,-9.221519472567418e-07,0.009838785923218981,-0.05512494040437193,0.06813588172772106,-0.003678261803031769,0.9561815922303625,0.278,51.26953125,2.736803175946575e-07,-0.04711426056634043,1.728463548861657,-3.723282557597027,3.2540738177127433,-0.09647176805052331,-1.1532794044947399,0.0008809523809523809,0.68359375,0.0015220013225245312,34.43148,0.05256147,34.24814,34.62018,-0.33616507,-0.4488864,0.0,163.37890625,2.0702507e-06
S11,1,-5.689669242438741e-05,0.2685340788880372,-0.5304364133564085,1.6683838676375475,4.05523686153608,19.85319413715824,0.010595238095238095,3.41796875,0.0002034749803156,6.028201212201799,0.0187760252142552,5.9154510498046875,6.16302490234375,0.4484399699340828,0.6271340761139883,0.0,0.68359375,1.8326320310836168e-07,2.49593973982707e-07,0.011208904132519678,-0.07638912357282696,0.1086077293360244,0.08324182301160471,1.8673835581940743,0.2803333333333333,51.26953125,3.5841467666577643e-07,0.008426529166631586,1.8862328030128803,-3.723282557597027,4.085794585570806,0.042716393079937215,-1.1061817868916097,0.0008333333333333334,0.68359375,0.0017031044179891043,34.47246,0.031126807,34.358154,34.62018,-0.58591586,0.63446236,0.0,147.65625,2.0878292e-06
S11,1,1.775362156858749e-05,0.271202334276446,-0.5410320185487594,1.6693137654246832,4.035324387242335,19.589687035140795,0.010809523809523809,4.1015625,0.00019640285165440705,6.043006061372303,0.014036288911317559,5.823516845703125,6.1756134033203125,0.28201434208905457,6.092908450401859,0.0,0.68359375,1.9244388210864206e-07,5.807464716264812e-07,0.011006145948779031,-0.07638912357282696,0.1086077293360244,0.06653788170317639,1.703324065032219,0.27330952380952384,51.26953125,3.441127109361618e-07,0.0028354319427115094,2.1045200770483645,-3.626882418535919,4.085794585570806,0.07110659027695841,-1.2466342282035237,0.0007857142857142857,0.68359375,0.001820846593281599,34.476868,0.028914265,34.37805,34.60788,-0.7071763,0.8546479,0.0,47.16796875,2.0844152e-06
S11,1,-0.00010369056409198564,0.27064945275092894,-0.5410320185487594,1.6730643037635498,4.089750227352584,19.935417648505272,0.011,4.1015625,0.0002050031319968253,6.032636851356143,0.016115004979970506,5.823516845703125,6.1756134033203125,0.712564445256068,2.9907437880074914,0.0,1.3671875,1.8849739075418316e-07,-1.5345791119806025e-07,0.00997924017789278,-0.06660423020335202,0.07593544632349966,0.04340677362966253,0.963186141221156,0.27066666666666667,56.0546875,2.8108550940520526e-07,-0.00034349517014734264,2.188676021485056,-3.8970287007502287,4.670700739188574,0.04150261538987786,-1.2693240487218596,0.0007857142857142857,0.68359375,0.0019837237451713055,34.48782,0.030893106,34.36734,34.64319,-0.39780283,0.88536286,0.0,19.140625,2.1237627e-06
S11,1,6.525659459630207e-05,0.26768167469476095,-0.5349373931804702,1.6730643037635498,4.128643172785329,20.286231443456717,0.011142857142857144,7.51953125,0.00020390015518240653,6.018458984011695,0.009733050196950402,5.9051513671875,6.14166259765625,1.3576606362072825,22.788920064402518,0.0,1.3671875,1.8908391885199131e-07,-7.634064045428176e-08,0.009841022065202635,-0.06660423020335202,0.07593544632349966,0.04839540754782256,1.218333357223992,0.2696904761904762,51.26953125,2.7624363651949346e-07,0.027804084693182324,2.1358795533903128,-3.8970287007502287,4.670700739188574,-0.0004283530678185447,-1.2792166490132018,0.0008095238095238096,0.68359375,0.002156698378330667,34.532257,0.047281023,34.36734,34.707733,-0.152777,-0.59337544,0.0,19.140625,2.1394155e-06
S11,1,0.00031656777333140875,0.2662551026257804,-0.5277400330695494,1.6636257081701196,4.152082611301636,20.517680663755108,0.011428571428571429,7.51953125,0.00019589101616943126,6.015962128412156,0.013024323497035873,5.902862548828125,6.14166259765625,0.7443888618034454,7.074565511471054,0.0,0.68359375,1.9096188545068415e-07,-4.912238547182757e-07,0.01027238494192963,-0.06706415559510634,0.0932647578475154,-0.014387037364123105,1.4278574132013082,0.26995238095238094,44.43359375,3.012428059768934e-07,-0.049416186051031326,2.080719231983676,-3.9667973224234725,3.7214308568211782,0.004728485114636852,-1.2779267137676413,0.0008333333333333334,0.68359375,0.0020298607688550704,34.588844,0.036901277,34.45764,34.750793,-0.45430532,0.1448183,0.0,66.9921875,2.1750068e-06
S11,1,-4.729394334911639e-06,0.2659874416467981,-0.5205569722805328,1.6674397205245584,4.161269443356538,20.639001392279084,0.01107142857142857,7.51953125,0.00020655532819505545,6.026730373927525,0.016006395035080914,5.902862548828125,6.16607666015625,-0.2937016260894596,2.7147911331210066,0.0,0.68359375,1.862657058183202e-07,4.2850444009368673e-07,0.010340011410292334,-0.06803101161846258,0.0932647578475154,0.028037149420805204,1.8577173754986065,0.2746904761904762,52.63671875,3.096443438112197e-07,-0.02722164425097859,2.0399285620502527,-3.9667973224234725,3.7214308568211782,-0.006023493392440436,-1.2322070991133687,0.0008333333333333334,0.68359375,0.0019357124776129466,34.605076,0.029816521,34.453064,34.750793,-0.75901663,0.8613553,0.0,66.9921875,2.1705139e-06
S11,1,-0.00033129469746823854,0.2671865657321385,-0.5250590111277362,1.667713769330351,4.113879279395514,20.275725734040766,0.010761904761904762,4.1015625,0.00020397031364141388,6.043212036859422,0.013054432187235308,5.92498779296875,6.1969757080078125,1.2379312542192018,7.94313046658711,0.0,0.68359375,1.9142582298766297e-07,-3.220018028429882e-08,0.00993609047820646,-0.06803101161846258,0.08718748582418852,0.0784890228156055,1.663094149338919,0.2822857142857143,44.43359375,2.813000412856571e-07,0.012409232827010702,2.765512710431843,-9.466974152734528,8.394112637158077,-0.22891693245564215,1.340155841188297,0.0007619047619047619,0.68359375,0.0023945742187510776,34.61209,0.031318802,34.453064,34.7554,-0.6826049,0.7372172,0.0,131.93359375,2.212724e-06
S11,1,4.463479491975192e-05,0.26886182919996404,-0.5331456585280454,1.671110136577505,4.046099640864427,19.73305669231346,0.010833333333333334,3.41796875,0.00019919743052115388,6.055195545014881,0.012092492901634078,5.9284210205078125,6.1969757080078125,0.8506994098376798,9.436620157470175,0.0,0.68359375,1.9499060628124882e-07,-7.754005852497734e-07,0.010716580065307783,-0.08992219717062491,0.08813682725130946,-0.006521141590383221,1.7477842119949099,0.28373809523809523,44.43359375,3.2295303511076927e-07,-0.04403910661697229,2.767146119054567,-9.466974152734528,8.394112637158077,-0.2067668376826049,1.3284293368778899,0.0007857142857142857,0.68359375,0.0024050052374965498,34.62836,0.0292018,34.45459,34.789246,-0.8046374,0.9245541,0.0,141.50390625,2.2861627e-06
S11,1,8.03868714395371e-05,0.267306721776361,-0.5331456585280454,1.671110136577505,4.06619822632408,19.94429345101236,0.010523809523809524,3.41796875,0.00020296521005526422,6.059262502761114,0.00990899569425139,5.8330535888671875,6.18743896484375,0.8600788719008201,27.49221270901315,0.0,0.68359375,1.940439041540684e-07,3.8684844117192774e-07,0.010166803349177633,-0.08992219717062491,0.08813682725130946,-0.06009541803927141,1.6355684726231159,0.28314285714285714,36.9140625,2.925388982783347e-07,-0.00302402747498196,2.090268522032197,-4.558820464657782,6.6292942392293535,0.22383020558765132,-0.3920817421736311,0.0007857142857142857,0.68359375,0.0018073530239711088,34.644142,0.031600755,34.540375,34.789246,-0.67491686,0.637506,0.0,134.66796875,2.3714967e-06
S11,1,-9.358289376771621e-05,0.26769588227300445,-0.5168291664157278,1.6674188626115312,4.0835631427345005,20.002675812489862,0.010761904761904762,3.41796875,0.00020232591798299742,6.063251386369978,0.011367528082055276,5.8330535888671875,6.21490478515625,0.7944409522411594,16.951238659543993,0.0,0.68359375,1.9824389476739697e-07,-4.890653889772771e-08,0.00920591921462456,-0.06983806966453633,0.05824521333738931,-0.006741974920777159,0.6886823883144269,0.2753809523809524,36.9140625,2.409920943815429e-07,0.0526648211835908,2.283237995046292,-7.318345096848988,6.6292942392293535,-0.005684678129390944,0.5008925521108236,0.0007857142857142857,0.68359375,0.001939917078979082,34.65914,0.030649561,34.548065,34.801544,-0.73366565,0.80462027,0.0,64.2578125,2.4254355e-06
S11,1,2.4609671557035026e-05,0.2725436637071834,-0.545213382888365,1.6677549542056835,4.010058467830403,19.263672315119784,0.012142857142857143,3.41796875,0.0002023939267613164,6.0862902141752695,0.023707408262118635,5.914306640625,6.2664031982421875,0.33128008301785694,-0.42893943786869837,0.0,0.68359375,1.929158705324106e-07,4.3555495722501657e-07,0.015190773636015328,-0.13438916926240818,0.13728143337205145,-0.002488062715949358,4.274159599363431,0.26480952380952383,73.828125,6.592404490430355e-07,-0.027800696997326388,2.300201753951795,-7.318345096848988,6.063792670904455,-0.20735857263676957,0.1999927316531287,0.0008809523809523809,0.68359375,0.002275332560230972,34.671864,0.03329642,34.54193,34.821594,-0.56542224,0.48114467,0.0,127.83203125,2.3669547e-06
S11,1,5.149903432505289e-05,0.2736976401306354,-0.5572090536481964,1.6697222934816855,4.044192664170268,19.429383438929015,0.012214285714285714,4.1015625,0.00021201411444755802,6.112005388169061,0.017273901229345027,5.914306640625,6.2664031982421875,-0.6630315886619325,4.524778048492603,0.0,0.68359375,1.9211859489892844e-07,2.137666572152888e-07,0.01589380025107167,-0.13438916926240818,0.13728143337205145,0.011659087856218086,3.5089724958682362,0.2729761904761905,73.828125,7.286804271045673e-07,-0.01746917595946869,2.3537240987667207,-5.016886824699817,4.832476272106025,-0.011120720185978624,-1.0000630887727313,0.0008095238095238096,0.68359375,0.0022982309759746055,34.67252,0.03305529,34.53119,34.821594,-0.61150837,0.5424435,0.0,125.78125,2.3559192e-06
S11,1,-8.631918875126548e-05,0.265459646845369,-0.5572090536481964,1.6697222934816855,4.193185926767478,20.85211174881297,0.010904761904761905,7.51953125,0.0002070932949712269,6.121345520019531,0.012440016412524815,5.9871673583984375,6.2664031982421875,0.7638570369413472,9.035620550029842,0.0,0.68359375,1.8779721567748928e-07,-8.71529126140464e-07,0.009912575340709115,-0.07574512043523693,0.08173303339300035,0.009494484637488643,2.7902784712211153,0.2892142857142857,58.10546875,2.806668614434014e-07,0.04157337946317505,2.2372535832583527,-4.050587969165044,4.693091683691436,0.00667452108602588,-1.2579800222157629,0.0007857142857142857,0.68359375,0.002155221039700358,34.674873,0.032079987,34.53119,34.816956,-0.78781706,0.587986,0.0,125.78125,2.4205424e-06
S11,1,3.758604505415557e-05,0.2621484316654259,-0.5187157159355804,1.6712615211495372,4.213205484526306,21.14469612202858,0.010452380952380953,3.41796875,0.00019679530195237517,6.117569768996466,0.01398756416231044,5.79071044921875,6.2465667724609375,0.1714618254493792,12.147863561221508,0.0,0.68359375,1.9248250162449614e-07,1.9789356957041092e-07,0.008261785270988989,-0.08016105890711736,0.06606578772968888,-0.17821061765178034,2.2414200677386864,0.2930238095238095,56.0546875,1.9695983783717563e-07,0.03169002936550862,1.9332701943563038,-3.6847950473508244,3.813363020553412,-0.01950428101968358,-1.3220139209116302,0.0008333333333333334,0.68359375,0.0018075900221214553,34.6879,0.029537812,34.594086,34.816956,-0.9682039,1.0011954,0.0,136.03515625,2.444173e-06
S11,1,2.2843173075144383e-06,0.26307617648010617,-0.5187157159355804,1.6712615211495372,4.214801539633815,21.133541773552786,0.010285714285714285,3.41796875,0.00019904445394516694,6.108871905008952,0.011670016336940111,5.79071044921875,6.23626708984375,0.6323797382639934,24.95941914671707,0.0,0.68359375,1.9550962332062687e-07,-2.1719287753205626e-07,0.008076483184112745,-0.08016105890711736,0.06606578772968888,-0.16713155283748393,1.1422944664688073,0.28526190476190477,61.5234375,1.868575178280402e-07,-0.0011546564785743603,1.8436610936342874,-3.2123955001767377,3.4362615101282405,0.007894371573266135,-1.359746907632529,0.0008095238095238096,0.68359375,0.0015594766498611076,34.700638,0.031351585,34.552673,34.840027,-0.78604466,0.80058074,0.0,148.33984375,2.4302742e-06
S11,1,-3.4670855824381915e-05,0.2660143421938817,-0.6160459335762877,1.677920301051114,4.169495713773116,20.66605093551424,0.010666666666666666,4.1015625,0.00019505203092594906,6.115840312412807,0.015548895172458357,5.9955596923828125,6.2564849853515625,0.5564212886591694,2.809435273414781,0.0,0.68359375,1.9227005788959305e-07,5.433995065187021e-07,0.01150975782273486,-0.25051673010754516,0.213885119961852,-0.6595594052962503,36.476449797478,0.2820238095238095,54.00390625,3.9012477716020317e-07,-0.01791930498262703,2.7394523690797015,-10.040635822191913,8.361856020692436,-0.2635680759224504,1.84138129031236,0.0006904761904761905,0.68359375,0.002139241595584798,34.711025,0.02940346,34.552673,34.84314,-0.922236,1.1482291,0.0,138.0859375,2.3954678e-06
S11,1,1.9399114014802114e-05,0.2669928573881056,-0.6160459335762877,1.677920301051114,4.1356036645950605,20.377537904753726,0.01107142857142857,4.1015625,0.00019729024644765162,6.123221787952241,0.013499327448764066,5.789947509765625,6.27593994140625,-0.2774731573630164,14.97526477240351,0.0,0.68359375,2.0323812238294558e-07,1.051927205533123e-06,0.012108751044177374,-0.25051673010754516,0.213885119961852,-0.5346110306725851,29.580918798704467,0.2804285714285714,54.00390625,4.3181229870923596e-07,-0.020176780509995388,2.679278489660161,-10.040635822191913,8.361856020692436,-0.32429651464973724,2.302411960107267,0.0007380952380952381,0.68359375,0.002074201533720927,34.71721,0.030303845,34.583344,34.8508,-0.8406117,1.0032339,0.0,138.0859375,2.4117335e-06
S11,1,0.0002786303770569392,0.26504991348584017,-0.5439898239382115,1.671878854204501,4.223742656587654,21.054617144321444,0.011333333333333334,7.51953125,0.00019258437931980282,6.1278471265520364,0.014342439267538048,5.789947509765625,6.27593994140625,0.25326998048614535,11.593321292869224,0.0,0.68359375,1.9305563809303094e-07,-9.43229579259564e-07,0.009476379789002818,-0.049194609027634194,0.05411857335429003,0.011644977766115694,0.46423662298996193,0.2705238095238095,49.90234375,2.555374096378211e-07,0.038889138870967496,1.8966817675782681,-4.683089142779881,4.595842547388379,-0.16832437571770179,-0.49349567475714506,0.0008571428571428571,0.68359375,0.0017117584843377711,34.724144,0.029933786,34.566467,34.86316,-0.9077601,0.99662995,0.0,190.0390625,2.447824e-06
S11,1,4.4330327136836904e-05,0.26941619803313055,-0.5841707312943927,1.671878854204501,4.12159238898157,20.139635134415993,0.011976190476190475,7.51953125,0.00019880856701914257,6.1377198718843005,0.02353090940701867,6.029510498046875,6.3068389892578125,1.4584598522676508,2.017325120954073,0.0,0.68359375,2.1940405867930676e-07,1.1829651533620232e-07,0.013830765622816394,-0.1295022443839618,0.15228302183339584,0.25724574928985294,9.402665723216952,0.26254761904761903,51.26953125,5.498737293539253e-07,0.09026463543772421,2.5986872650960025,-6.292807100041982,7.441124494835437,0.13770262499634073,-0.3369499080980072,0.0007857142857142857,0.68359375,0.0027043631982582713,34.73002,0.030353824,34.566467,34.884735,-0.8707578,0.9745288,0.0,180.46875,2.404597e-06
S11,2,-0.00011218424749529446,0.3520612811047384,-0.8456613931367776,1.67379381638076,2.6260210009120497,9.47525332040445,0.016928571428571428,6.8359375,0.00035287872323941003,6.475185312543597,0.02068463380057906,6.1817169189453125,6.6493988037109375,-0.35798532650863074,1.179236551801126,0.0,0.68359375,2.1928134218741826e-07,1.5422164386830482e-06,0.01498866154398234,-0.15918425655594226,0.1164226022137101,-0.08925951528081179,4.108784338912619,0.25426190476190474,41.015625,6.327414792868987e-07,0.03341705685029081,2.521168944005574,-4.376926497252484,7.485678238038653,0.44036018456921333,-0.4161433383686637,0.0005,0.68359375,0.001458333363608919,34.556217,0.029454216,34.4469,34.7016,-0.7321812,0.9356184,0.0,27.34375,2.166217e-06
S11,2,6.916490319454399e-06,0.35032770771407157,-0.8456613931367776,1.677062219709614,2.6446758500435075,9.686249030890453,0.01864285714285714,8.88671875,0.0003495649759682884,6.503964306059338,0.026980316488170328,6.1817169189453125,6.65435791015625,0.15982118241868096,0.06393615410238107,0.0,0.68359375,1.9840960295120974e-07,-2.39586480795013e-06,0.01468546338890224,-0.15918425655594226,0.1164226022137101,-0.03327383123496298,3.46559919919496,0.2538095238095238,41.015625,6.115133050660898e-07,-0.010049158733091786,3.051173252304216,-6.17507084526402,7.485678238038653,0.38291604826936426,-0.25770734439265475,0.00045238095238095237,0.68359375,0.001536078365393007,34.569603,0.028201569,34.46222,34.71698,-0.848316,1.0511637,0.0,4.78515625,2.1467556e-06
S11,2,0.00019769211877868778,0.34764932108813623,-0.8302769154142235,1.677062219709614,2.6871589587251803,9.907295394188282,0.018452380952380953,8.203125,0.0003452653252001354,6.537750453040713,0.02552912541326028,6.40869140625,6.6654205322265625,-0.10207829744680899,-0.149896968504732,0.0,0.68359375,1.9071088906531356e-07,-1.128375380032513e-06,0.014397668533222902,-0.11461750077726382,0.11215185841355993,-0.024216184456665107,2.574796553837217,0.2512857142857143,42.3828125,5.874522149546107e-07,0.013414595656059214,3.2383378544491532,-6.17507084526402,7.273775747857522,0.13880962669084032,-0.7137313503888865,0.0005714285714285715,0.68359375,0.0018443220677324503,34.57192,0.027710164,34.46222,34.71698,-0.8816339,1.1566687,0.0,3.41796875,2.138592e-06
S11,2,0.00013148455990366127,0.34802629818680375,-0.8600411503790174,1.6871703114626726,2.6845000931875522,9.82648144481465,0.01838095238095238,8.203125,0.000345671786486773,6.569621621994745,0.028892599772775366,6.4212799072265625,6.72760009765625,0.4665041430838781,-0.11922581637880336,0.0,0.68359375,2.0250387989341193e-07,1.6207840940394238e-06,0.014744541937194093,-0.11461750077726382,0.11215185841355993,-0.019768855638804848,2.5254284912761387,0.24247619047619048,42.3828125,6.155194563637718e-07,0.06511275172790815,3.0579494479046647,-5.768922579270978,6.677193592930852,0.08369229286664914,-0.9714272553660432,0.0005952380952380953,0.68359375,0.0018970680766824074,34.57197,0.027803123,34.443848,34.70468,-0.87558174,1.1735582,0.0,17.7734375,2.1546339e-06
S11,2,-0.00023869046174009406,0.34796212225236073,-0.8600411503790174,1.6871703114626726,2.6891282523659714,9.815301805046477,0.0185,8.203125,0.0003446635838131189,6.627288545880999,0.050238968828068,6.4212799072265625,6.7989349365234375,0.15854175052472144,-1.2092510617576977,0.0,0.68359375,2.1168513788410927e-07,1.398786530624707e-07,0.014564569163721324,-0.0920160877075667,0.1349188391424227,0.06811585493164489,2.480611975070545,0.24528571428571427,41.015625,6.063878517834701e-07,-0.06228407228902878,3.0177409224417913,-5.768922579270978,6.979446563070435,0.2655124131479288,-0.7683900473707124,0.000619047619047619,0.68359375,0.0022370179598408227,34.57805,0.028117573,34.443848,34.73694,-0.87016314,1.0874634,0.0,13.671875,2.1708327e-06
S11,2,1.7759637300690682e-05,0.349814722427988,-0.8151227613758906,1.6734749452422473,2.689107661232761,9.670898458523583,0.018738095238095238,8.88671875,0.00034800303604199176,6.698560642060779,0.03998440527941523,6.542205810546875,6.8592071533203125,-0.6694036267032565,-0.37797794986816413,0.0,0.68359375,1.8830831334254837e-07,1.9147113572103577e-06,0.014664406860310916,-0.11057614481148602,0.1349188391424227,0.026560689556140216,3.0732201627746916,0.2606904761904762,47.16796875,6.07546924943241e-07,0.019324880358958938,2.4909535773966844,-5.353256340866185,6.979446563070435,0.2267359803307557,-0.40726943428694096,0.0005238095238095238,0.68359375,0.0015813811271600151,34.580215,0.027795753,34.483704,34.73694,-0.8936578,1.235529,0.0,38.28125,2.1454168e-06
S11,2,5.67901557101997e-05,0.3477633267355644,-0.8532656418140888,1.6970590213522645,2.7314396310701796,9.873955786387382,0.018023809523809525,8.203125,0.0003447361257982706,6.742021133786156,0.021705072386711113,6.6131591796875,6.8782806396484375,0.17920519525318526,-0.45160335762268566,0.0,0.68359375,1.7536048603635777e-07,-1.7676129497393768e-06,0.013705930254027271,-0.11057614481148602,0.0969302286373033,-0.04307383609671345,3.252149419696277,0.2721904761904762,45.1171875,5.318204960288988e-07,0.0489843882567339,2.577064048001542,-7.174671359810963,6.672729377832643,0.032117133540166855,-0.3892616097941852,0.0005238095238095238,0.68359375,0.0016534757893459193,34.574368,0.028700449,34.443848,34.707733,-0.84607875,1.0338707,0.0,11.62109375,2.1639057e-06
S11,2,-0.00011352655760402367,0.34399429468552417,-0.8532656418140888,1.6970590213522645,2.7699776319242053,10.200421184789242,0.017,8.203125,0.00033832098866845735,6.7740387235369,0.026777771837573648,6.633758544921875,6.9301605224609375,-0.04174359811921528,-0.04450763344762443,0.0,0.68359375,1.8135301997597694e-07,-2.612072007386387e-06,0.013343254719520569,-0.09768704347104931,0.0969302286373033,0.09218433007969254,3.262027561021706,0.2705714285714286,43.06640625,5.049689114787477e-07,-0.11120099950761568,3.1816372181656356,-7.174671359810963,9.074552776549773,0.4303303741991567,-0.13963229793939513,0.0005952380952380953,0.68359375,0.0025038881534218786,34.57407,0.02904309,34.434692,34.71234,-0.76765025,1.0101719,0.0,26.66015625,2.163699e-06
S11,2,-4.6663619563655165e-05,0.3380255615003586,-0.8162788403301091,1.679057641235849,2.8781534957012544,10.832741853643626,0.01826190476190476,8.203125,0.00032683849460461364,6.815655790056501,0.028402675886394554,6.694793701171875,6.989288330078125,0.002234486252283786,-0.7783611697953212,0.0,0.68359375,1.7986951377888617e-07,4.070500551171222e-06,0.013025636541170456,-0.10044190098470508,0.09206876425739591,0.0797115939015593,3.493013153873493,0.27014285714285713,45.80078125,4.747612148486051e-07,-0.02321388775821324,2.8950161038415407,-6.688647551327113,9.074552776549773,0.46661355267170657,0.22566605017737196,0.0005952380952380953,0.68359375,0.001997480580044317,34.57208,0.02882916,34.434692,34.71234,-0.75249165,1.1186123,0.0,19.82421875,2.1270168e-06
S11,2,5.526697213533375e-05,0.3386740648142528,-0.7834870916291224,1.6759149092932473,2.863253153228355,10.701606314492958,0.0175,8.203125,0.0003272619212234839,6.861619722275507,0.03215455697880129,6.729888916015625,7.0301055908203125,0.35597963470738925,-0.8682919310175694,0.0,0.68359375,1.7997371194723091e-07,1.1487140551476463e-06,0.012096681106486075,-0.10044190098470508,0.08439258770679323,0.0520679767535489,2.844700390972892,0.2687380952380952,47.16796875,4.1608471431311484e-07,0.05434586631333538,2.3955708893178977,-5.413900946073966,6.271456715577079,0.3088787399677699,-0.4118662057293925,0.0005714285714285715,0.68359375,0.0014661672057968466,34.56544,0.027976789,34.46222,34.71234,-0.84951735,1.1278348,0.0,19.140625,2.1541407e-06
S11,2,0.00018567106130290578,0.3366503787597566,-0.7614498639926355,1.6759149092932473,2.8857901159944053,10.892003330560897,0.01588095238095238,8.203125,0.000323639496670659,6.893125706627256,0.022626274377119646,6.74896240234375,7.0346832275390625,-0.5904382739056285,0.5404147090317175,0.0,0.68359375,1.7397340270171417e-07,-2.6379960029729377e-06,0.011194816668138546,-0.06985947810074497,0.08125610736973474,0.13126008936909228,2.4323071123505864,0.2721904761904762,45.80078125,3.5629443940458156e-07,-0.02217603911697691,2.4162709523525523,-5.58137862030295,6.2897435143435665,0.43461311922415663,-0.0462672638505186,0.000619047619047619,0.68359375,0.0015478462109988751,34.55896,0.02964627,34.45459,34.700073,-0.74689823,0.9605961,0.0,15.72265625,2.1708427e-06
S11,2,1.7383307941858532e-05,0.33395049053509945,-0.7564984191060702,1.674730677089951,2.9245719846570672,11.22194009427956,0.015214285714285715,8.203125,0.0003174983087641288,6.899517586117699,0.014846001943614368,6.621551513671875,7.0346832275390625,0.5209173152271871,5.364535432159112,0.0,0.68359375,1.6683365988710722e-07,-5.443677742255631e-07,0.009571822388428545,-0.10105534007681133,0.06773273018278093,0.08931156714314822,2.562210113903637,0.2821190476190476,45.1171875,2.5364520739215437e-07,-0.007389049448018449,1.9802178982912373,-5.58137862030295,6.2897435143435665,0.06182942254390222,0.7636381449061789,0.0008571428571428571,0.68359375,0.0013723666759678657,34.54411,0.030215355,34.445404,34.69388,-0.6259543,0.85843205,0.0,15.72265625,2.1813e-06
S11,2,0.00029790287842276054,0.33902655174247326,-0.7986449925871396,1.6783483749998485,2.8312154509479432,10.677988404051918,0.014047619047619048,8.203125,0.00032604046540886947,6.928454253787086,0.034734672988642024,6.621551513671875,7.09075927734375,0.07339294179625795,-1.2320471452652688,0.0,0.68359375,1.631666557067783e-07,2.6211766487112825e-07,0.00911815718417799,-0.10105534007681133,0.06773273018278093,0.050406892032209105,2.1956119755181547,0.28414285714285714,45.80078125,2.3710870925743397e-07,0.00108679220556306,1.700629152136962,-4.140012011282645,4.2606814581535355,0.033454060403182814,-0.3512427743212667,0.0008333333333333334,0.68359375,0.001109919736200009,34.53509,0.027997343,34.445404,34.670868,-0.86903584,1.1227684,0.0,36.9140625,2.1920596e-06
S11,2,0.00014830732701993316,0.3470504233369722,-0.8407984604577614,1.6783483749998485,2.6606678164345823,9.739314106680851,0.013166666666666667,8.88671875,0.0003445871665926928,6.984861846197219,0.04592754354774768,6.717681884765625,7.271575927734375,2.001768395939489,6.197269211337629,0.0,0.68359375,1.954292190826322e-07,-3.813387341840591e-07,0.009284974299086264,-0.05460883032436992,0.052213060152115534,0.04235991348920352,1.3497248059892835,0.27614285714285713,38.96484375,2.4561868895701504e-07,-0.026063644347485815,2.557653617441723,-6.466370957491517,7.183989002603939,0.17227630038287756,-0.24188257235925148,0.0007380952380952381,0.68359375,0.002137386521317929,34.53119,0.028368065,34.42395,34.670868,-0.8208159,1.0716772,0.0,73.828125,2.1974247e-06
S11,2,-0.00046131462876946623,0.35556948348137163,-0.8574328222782652,1.670786921764761,2.521297906937618,8.968485260101229,0.012785714285714286,8.88671875,0.00036194016524084346,7.084858049665178,0.0854749087369619,6.717681884765625,7.3451995849609375,-0.030192530012182663,-1.2806702091219484,0.0,0.68359375,2.3766460910589216e-07,1.940852410207334e-07,0.00917089009907855,-0.06879122802823467,0.05634879971384534,0.025365568444793294,1.4941096028557963,0.267,41.69921875,2.394035700866235e-07,0.014650371488610555,2.79142176182173,-6.466370957491517,7.183989002603939,0.17232499674439478,-0.5189874914127501,0.0006904761904761905,0.68359375,0.0024975089463848445,34.528908,0.027970864,34.42395,34.657043,-0.8385272,1.0760231,0.0,8.88671875,2.2056722e-06
S11,2,-0.0003494146780482127,0.35399152858172045,-0.8574328222782652,1.6970531882039612,2.5666610459888166,9.21689360645027,0.013214285714285715,8.88671875,0.0003575735118833403,7.166539074125744,0.035372882876158064,7.057952880859375,7.3451995849609375,1.3560868920178983,1.6465411252208977,0.0,0.68359375,2.2856664451757548e-07,1.0542784196706612e-06,0.009071592069530355,-0.06879122802823467,0.06007370476369517,0.0446968934463129,2.1579888526929345,0.2732380952380952,40.33203125,2.391255110936367e-07,-0.01432197817069573,2.510066333055563,-5.0666497020082915,6.1409538320876615,0.19724947475458066,-0.7128771241291525,0.000619047619047619,0.68359375,0.0017156440213976004,34.53291,0.027802086,34.43927,34.660095,-0.859493,1.0796933,0.0,42.3828125,2.1709855e-06
S11,2,2.8925219611065127e-05,0.3512152941814619,-0.8358591477278392,1.6970531882039612,2.6150860608448303,9.488342143519024,0.013047619047619047,8.203125,0.0003517877109446778,7.191636221749442,0.03312746693904055,7.070159912109375,7.3383331298828125,0.1129697591252943,-0.8186847549572782,0.0,0.68359375,1.8438755546544452e-07,-2.2654588864187615e-07,0.00890684454493554,-0.05729559200061612,0.06007370476369517,0.04601013374980238,2.1217007505923497,0.2925238095238095,39.6484375,2.2799695303463037e-07,0.0283205713153492,2.543830163627457,-5.435843733218094,5.828557940370838,0.13444941587575157,-0.8092171074803343,0.0005952380952380953,0.68359375,0.0015542561601764098,34.53538,0.027763048,34.437714,34.669342,-0.88535416,1.1416144,0.0,24.609375,2.168029e-06
S11,2,0.00018588206261312723,0.35100348505635093,-0.8272500274833479,1.717170704135374,2.6048996107131814,9.460809278124051,0.012476190476190476,8.203125,0.00035020971611804847,7.238372684660412,0.049329320864313214,7.006072998046875,7.4497222900390625,1.4547326509592373,1.8251229123924126,0.0,0.68359375,3.131838007374214e-07,-1.1181708717922247e-06,0.0082838331865916,-0.053950473789205006,0.05174559394610405,0.015639178569737375,1.6265631829002487,0.3042142857142857,32.8125,1.9555177667009524e-07,0.05370651615833523,2.5003965119648353,-6.283115526235512,5.828557940370838,-0.12756382249128323,-0.5603570098256698,0.0006666666666666666,0.68359375,0.001866377776087362,34.53983,0.02836255,34.437714,34.67395,-0.81856745,1.1133533,0.0,7.51953125,2.1870808e-06
S11,2,5.701997951409588e-05,0.3472781468365319,-0.8173773941413217,1.717170704135374,2.6223595891166607,9.623588205751052,0.012809523809523809,8.203125,0.000343653423980127,7.292645009358724,0.055477491965230406,7.006072998046875,7.5122833251953125,0.227957240280213,-0.6228690213368591,0.0,0.68359375,4.5940929210206486e-07,1.125594609897076e-07,0.007836469638291732,-0.05304730446058084,0.04499087300229176,-0.0028950948284104587,1.3847671350910877,0.3122142857142857,24.609375,1.7621500677088383e-07,-0.06294436351538372,2.928056933855302,-6.283115526235512,9.787682740791613,0.3512591775138346,0.5084030620742035,0.0006666666666666666,0.68359375,0.00202754846575066,34.553993,0.029596606,34.427032,34.69388,-0.6905017,0.96237946,0.0,26.66015625,2.205912e-06
S11,2,0.0001864550219531714,0.34013377054824695,-0.8146010655220873,1.714413236299535,2.6926394951220454,10.095092034657856,0.013,8.203125,0.00033086995157357874,7.328413382030669,0.04070560981523592,7.1460723876953125,7.5122833251953125,-0.08592941333225593,-0.04685136825053382,0.0,0.68359375,3.452579319205098e-07,4.532957207067546e-07,0.007499561475786955,-0.05304730446058084,0.04400922835127427,-0.012350186798600856,1.5023403388948413,0.3211428571428571,27.34375,1.6223604432907402e-07,0.0034309712589637173,3.3697833930939782,-6.448144245429756,9.787682740791613,0.3791092510455001,-0.14818628719560056,0.0005952380952380953,0.68359375,0.002191741394532226,34.574028,0.030197695,34.427032,34.727722,-0.6743308,0.76884675,0.0,21.19140625,2.2317934e-06
S11,2,0.0005013838152219073,0.3422027263341675,-0.7935850864638457,1.6784383660756772,2.679901447541857,9.937493607640514,0.012357142857142856,8.203125,0.0003323550663534948,7.421027210780553,0.0972807378586963,7.222747802734375,7.6526641845703125,0.39215831251616523,-1.310465143865623,0.0,0.68359375,1.8771910041896813e-07,-3.847708788838664e-08,0.006855518724594991,-0.043219805792926363,0.04400922835127427,-0.01604716546872796,1.0335696758394572,0.3192857142857143,25.29296875,1.3486931886820247e-07,0.032369648954201836,2.6983424595158096,-6.448144245429756,7.592359045627911,0.12210122553079213,0.17705375393661926,0.0006666666666666666,0.68359375,0.001728178815720178,34.58651,0.028119372,34.47757,34.727722,-0.9054505,1.1228685,0.0,11.62109375,2.1923825e-06
S11,2,0.00018353263380092941,0.34705794113813626,-0.8354886949802588,1.6748020212799004,2.657389855859607,9.67948615127181,0.012238095238095239,8.203125,0.0003420318307787898,7.572984577360607,0.08825882228117395,7.31353759765625,7.78045654296875,-0.5676391449635024,-0.4915746624755073,0.0,0.68359375,1.8583127749169888e-07,2.2625498084535184e-07,0.006838316364525341,-0.03636779841114737,0.03301792313668239,-0.0003192654338677856,0.6352852393332817,0.3214047619047619,25.29296875,1.3350786538200362e-07,0.012659012205162969,2.023681241639377,-4.550616035308375,5.1248895430838735,-0.10561587160400862,-0.5935580173218753,0.0006666666666666666,0.68359375,0.0013080689372218825,34.58788,0.027842283,34.460693,34.715424,-0.9034937,1.1604056,0.0,67.67578125,2.1829833e-06
S11,2,-0.000582614752249349,0.34159802311070836,-0.8354886949802588,1.688141834856006,2.7465834571821106,10.302356671436641,0.013166666666666667,8.203125,0.00033427181606258434,7.7027073633103145,0.10817560237645461,7.4615478515625,8.166885375976562,1.7571815498884278,2.683423050546426,0.0,0.68359375,5.107362748663509e-07,2.9438869003219534e-07,0.007656393414475704,-0.04888231612427883,0.05372228807279554,0.0304727822610542,1.6180332434576776,0.31761904761904763,25.9765625,1.65515963589438e-07,-0.05404095583465844,2.3885448063905796,-4.550616035308375,5.1248895430838735,0.2080250333333638,-0.9274454649578812,0.0005952380952380953,0.68359375,0.001406811823890684,34.597054,0.031509068,34.460693,34.756927,-0.48281533,0.77892876,0.0,123.046875,2.2151664e-06
S11,3,0.00019968604125773751,0.27482912047572583,-0.5581540449494439,1.6710991382778877,3.9502849368464443,18.830571365357216,0.011857142857142858,4.1015625,0.00022498468128189964,6.378754506792341,0.015568707701829275,6.237030029296875,6.5128326416015625,1.6715637123925327,8.107316156547423,0.0,0.68359375,2.59590322487548e-07,2.0529457607590586e-07,0.008477114575172634,-0.10567556965108545,0.1517781287351713,0.28639406902484066,13.482935446185355,0.3340952380952381,58.10546875,2.0640575203305734e-07,0.018683268170218256,2.5837580565477345,-8.825451371148775,7.971832106835062,-0.27080419202399186,1.6638984254331195,0.0006666666666666666,0.68359375,0.0023265826433853296,34.956863,0.0320579,34.853912,35.102325,-0.7988874,0.7949662,0.0,144.921875,2.6285427e-06
S11,3,-0.00021132669516951764,0.263542836348154,-0.5108038544341733,1.6648060486480811,4.090254810755043,20.39257729696935,0.010452380952380953,4.1015625,0.0002035800315134036,6.3629752477010095,0.012957372974983231,6.2408447265625,6.5113067626953125,0.4481382167432602,7.375277250507077,0.0,0.68359375,1.5987021735651464e-07,5.497509169694814e-07,0.005934365798594965,-0.02797371561314494,0.02849193525026449,-0.04591949458574521,0.24249245899056193,0.3479285714285714,28.02734375,1.0059638255608052e-07,0.04004827334120869,1.5014903815302711,-4.055158321829766,4.168970812087878,0.15563228443652807,-0.4419654092422314,0.0006666666666666666,0.68359375,0.0006495683861110601,34.95607,0.030725598,34.860077,35.082245,-0.9963919,0.85127664,0.0,136.71875,2.6529701e-06
S11,3,-0.00022563586584939692,0.26464306653526054,-0.5335593497412379,1.67656641853988,4.079761697166026,20.254644005122298,0.011095238095238096,4.1015625,0.00021257136504689538,6.346887524922689,0.01303542253346603,6.1756134033203125,6.4891815185546875,0.2853896703065061,6.6827191035384885,0.0,0.68359375,1.7082289214879047e-07,-1.5749234943145978e-07,0.00594191798358907,-0.0281542001270295,0.02917023105659285,-0.040685274626221464,0.4520791324485294,0.3381190476190476,28.02734375,1.0122468870535901e-07,0.024278458181060572,2.7868340065283714,-7.461675145516151,9.489438303630774,0.34212157302332935,1.1729775323796705,0.0006904761904761905,0.68359375,0.0017943157721057852,34.96121,0.030741747,34.816956,35.094604,-0.98875254,0.8670163,0.0,189.35546875,2.658278e-06
S11,3,0.0002976804068952624,0.26590838118056837,-0.5335593497412379,1.67656641853988,4.074790635782448,20.126995061133098,0.011166666666666667,4.1015625,0.00021063639627315046,6.3248120898292175,0.018462026957019758,6.1756134033203125,6.4655303955078125,0.14259423427191323,1.0756600460164192,0.0,0.68359375,1.7261271717526506e-07,-3.333372760550108e-07,0.005891304367925694,-0.0281542001270295,0.02917023105659285,-0.06166770542009499,0.5157001824836449,0.3350952380952381,31.4453125,9.908724689578197e-08,-0.02347179637793959,2.8275460173429128,-7.461675145516151,9.489438303630774,0.367940311020042,1.0085306437301718,0.0006904761904761905,0.68359375,0.0018460477630918072,34.96452,0.030766161,34.816956,35.110046,-0.96723616,0.87559867,0.0,24.609375,2.672736e-06
S11,3,0.00034396066757133706,0.2681684771790833,-0.5280501847145627,1.6701233932742028,4.030722579510449,19.695835219770743,0.010714285714285714,4.1015625,0.00019983518471131806,6.31319533756801,0.012004368749933537,6.0039520263671875,6.4655303955078125,0.641403727268598,22.276725277990487,0.0,0.68359375,1.762590011364259e-07,5.872215692652647e-07,0.005782138303125773,-0.026912231147120033,0.02600415838842121,-0.07295051758675013,0.37894517477330236,0.3355,31.4453125,9.455046170485055e-08,-0.122074750552755,2.5645084200158133,-7.312552308148869,8.429670244481203,0.11965708457671902,0.9331323515957255,0.0007619047619047619,0.68359375,0.001957000728754267,34.965885,0.03080559,34.864685,35.110046,-0.96024954,0.89333224,0.0,24.609375,2.6723842e-06
S11,3,-6.787843878583215e-05,0.274004691849086,-0.5280501847145627,1.6838829349771514,3.9692842036835323,18.957363414563215,0.011333333333333334,4.1015625,0.00019792149109135917,6.3137878327142625,0.014575964631884007,6.0039520263671875,6.4617156982421875,0.5480276854039559,10.276440110168402,0.0,0.68359375,1.964761929659403e-07,2.535987476417859e-07,0.006341121449148178,-0.09077111091602179,0.10730551747408659,0.02387501138002603,7.55572958018743,0.3333333333333333,28.7109375,1.141950860636339e-07,-0.025792192876818935,3.7680609525159965,-12.07242550673952,11.134064064791183,-0.10201342655780381,0.9248208635650248,0.0006666666666666666,0.68359375,0.0033683089853591432,34.97321,0.03171681,34.87085,35.10385,-0.9016066,0.8210778,0.0,23.92578125,2.690481e-06
S11,3,-0.00038541470656831795,0.27144204500026364,-0.5250727115564784,1.6838829349771514,4.035288610632135,19.505831515720075,0.011880952380952381,4.1015625,0.00020549053362981732,6.311309841700963,0.014334970699331744,6.0443878173828125,6.4617156982421875,0.6863145433204696,9.625611064314299,0.0,0.68359375,2.0056754957843253e-07,-6.349256742251507e-07,0.0065006399831178336,-0.09077111091602179,0.10730551747408659,0.026077927829441478,8.678883328673999,0.32795238095238094,31.4453125,1.2071534172260344e-07,0.06288737423986385,3.5142536142541307,-12.07242550673952,11.134064064791183,-0.10901081873106008,1.76456548182433,0.0005714285714285715,0.68359375,0.002683687096133864,34.991817,0.033133242,34.88318,35.12863,-0.80054146,0.7019193,0.0,12.98828125,2.6856167e-06
S11,3,-0.0002850240075656543,0.26848068962730587,-0.5326787785628191,1.681256867825672,4.0876695248564845,19.972736134748317,0.011476190476190477,4.1015625,0.00021559744404233872,6.3062521253313335,0.013153492782223056,6.04400634765625,6.4357757568359375,0.05813410070923707,15.7459223620506,0.0,0.68359375,1.970560386347175e-07,-1.85011879533518e-07,0.006217759649029525,-0.06426139353371918,0.08205769119987479,-0.0035433840134210387,4.415759805301886,0.3303333333333333,30.76171875,1.1081027112069932e-07,-0.028245289565916314,3.0825171580716373,-11.421708608581966,10.485105081094025,0.03832876176606848,2.667187701307923,0.0005,0.68359375,0.0025706575130560677,35.009445,0.031880565,34.900116,35.139435,-0.90192544,0.74790263,0.0,10.9375,2.6943444e-06
S11,3,3.78280534361248e-05,0.2756384785563188,-0.6540192214997694,1.7255750901520979,3.979291746040697,18.869713640119702,0.011642857142857142,6.8359375,0.0002209148547880092,6.306654330662319,0.01715958074891741,6.04400634765625,6.4411163330078125,1.269955889650655,5.747444829292171,0.0,0.68359375,1.8321218816436344e-07,1.1119047630193817e-06,0.011096839332206385,-0.20405406227618308,0.17739720648734697,0.28526460119500213,23.37921093158374,0.3193809523809524,80.6640625,3.539338523322751e-07,0.07520668779258108,3.1109642572163905,-11.421708608581966,10.485105081094025,-0.29905016785060173,2.3504925226883975,0.0004761904761904762,0.68359375,0.0026018855178536466,35.025623,0.033084232,34.914,35.17502,-0.83792186,0.69646764,0.0,349.31640625,2.758337e-06
S11,3,-8.411483024009805e-07,0.2720560286496404,-0.6540192214997694,1.7255750901520979,4.014285830219509,19.324110708392265,0.013666666666666667,4.1015625,0.00021970535776794423,6.308019456409273,0.01719108612779665,6.177520751953125,6.4411163330078125,1.2812563301581397,3.8964238698925646,0.0,0.68359375,1.7599674392845397e-07,-7.238595936667684e-08,0.012135707605883892,-0.20405406227618308,0.17739720648734697,0.2334921120369599,16.859057537404453,0.2914761904761905,80.6640625,4.2591658621970345e-07,0.0028720962076647645,3.1753291604087472,-8.196338826097069,7.462763299548928,-0.04384116874931647,-0.0035890529557689455,0.0004761904761904762,0.68359375,0.0021931301243450765,35.029274,0.032194283,34.904755,35.17502,-0.92104906,0.8678229,0.0,349.31640625,2.7585743e-06
S11,3,9.269929343400287e-05,0.26387876372373226,-0.5083941099255918,1.6698091278907743,4.121544076733137,20.483346226221652,0.015166666666666667,4.1015625,0.0002085496289659483,6.308027685256231,0.013343862851077026,5.9783935546875,6.44989013671875,-0.3228001544425199,21.61877876582906,0.0,0.68359375,1.848470783911263e-07,-9.346740758164259e-07,0.008531863462496068,-0.08754002763954415,0.07880618577482666,0.026697970525879362,5.533367765537635,0.2809047619047619,57.421875,2.1086112516484826e-07,-0.012953242010188711,3.039938045998446,-8.196338826097069,7.462763299548928,0.2610505409962489,0.2695401505042785,0.0005476190476190477,0.68359375,0.0019453481578757437,35.03625,0.034869213,34.904755,35.19513,-0.70556694,0.486835,0.0,339.0625,2.7963388e-06
S11,3,0.0001903800134069837,0.2662424897547792,-0.529353793790675,1.6818694430993335,4.098316252907516,20.19382396056561,0.014238095238095239,4.1015625,0.00021448238860796116,6.318124207996187,0.014090959345597122,5.9783935546875,6.4502716064453125,-0.19589931712996675,20.55040083513245,0.0,0.68359375,1.988288997695941e-07,-6.232332650561888e-07,0.0073745094467017385,-0.08191532201270867,0.05946847348628144,-0.039772787943093794,1.7390089768284698,0.2904285714285714,25.9765625,1.5613903776646346e-07,0.011763892110753215,2.45551637873459,-4.959453214624763,7.342549007193424,0.5033839076202209,0.005920020612673049,0.000619047619047619,0.68359375,0.0016275990353200596,35.058735,0.033758316,34.937134,35.19513,-0.8928071,0.6273582,0.0,10.25390625,2.867964e-06
S11,3,0.00011741047257073889,0.27220591623656626,-0.5477935065930732,1.687442432681439,4.015747554888109,19.342528929013167,0.012452380952380953,4.1015625,0.00022182482128578463,6.326394907633463,0.02422112796876601,6.128692626953125,6.5235137939453125,1.946048307999838,5.436962822489766,0.0,0.68359375,2.0903502389578763e-07,8.036874900141107e-07,0.009176692235938397,-0.1315882959789312,0.17659522973285138,0.004749071050423637,32.53361088189719,0.2881190476190476,63.57421875,2.4427178791677184e-07,-0.12208474849649849,2.8622611163367475,-5.477250834141415,6.547079295929628,0.22352169937647043,-0.8211611405687766,0.0005952380952380953,0.68359375,0.002149594370568664,35.072266,0.03217941,34.92633,35.21524,-1.0371091,0.8725178,0.0,335.64453125,2.8458849e-06
S13,1,0.0003902835277751551,0.23475490128755602,-0.4949910532019242,1.4905035293977458,3.7657895181828436,17.123775002784427,0.01638095238095238,4.78515625,0.00016241590258994024,2.3741773242042177,0.01522527647061098,2.2396087646484375,2.5028228759765625,0.8781019807285597,3.960069731685567,0.0,0.68359375,4.0212763230710937e-07,-1.0812318058212355e-06,0.02149491372991935,-0.18860112848977195,0.440605994564835,0.7761483769250606,11.524745560933606,0.27171428571428574,67.67578125,1.3215012735617332e-06,-0.06622298088672773,4.4210803159028655,-9.277170790990093,12.70061794480809,0.36929058099973555,0.0913350744650181,0.0005476190476190477,0.68359375,0.004383942057378834,32.82239,0.03869756,32.669098,33.02585,0.2650758,0.12965536,0.0,285.05859375,7.744715e-07
S13,1,1.2161355487103027e-05,0.22376688571252296,-0.48946893678127723,1.4582987343030895,3.9982706180218166,18.785794533218603,0.014785714285714286,4.78515625,0.00014250763290761742,2.356626991998582,0.01788528236394628,2.2258758544921875,2.487945556640625,0.3170440775396131,1.7292032431964541,0.0,0.68359375,4.1464431576258995e-07,-3.517301112238567e-07,0.014499558140951234,-0.169753666346443,0.17760659155501302,0.23413120007350918,7.3276451194162675,0.2929761904761905,60.83984375,5.902326812490649e-07,-0.061836710500667365,4.113210722489069,-9.40359781423997,10.093557339464834,0.2477739023663563,-0.3300280596365348,0.0005238095238095238,0.68359375,0.004215860341696994,32.89249,0.052308403,32.71399,33.156647,0.050565198,-0.9005966,0.0,0.68359375,7.9146815e-07
S13,1,-0.00035711716722415754,0.22301242017772455,-0.3183418596538518,1.4385513988204055,4.1710983208343375,19.940415388180618,0.013642857142857142,4.1015625,0.000131015780661878,2.3394010180518743,0.015446368571412626,2.1495819091796875,2.4875640869140625,0.7747166118464437,4.059366920389676,0.0,0.68359375,4.0690038906726723e-07,3.259597583962023e-07,0.012251894446139805,-0.1463253170690978,0.17760659155501302,0.24882185632033083,5.365430584289829,0.2826904761904762,59.47265625,4.25617076329503e-07,0.08894402692765749,3.1537538251546455,-9.40359781423997,8.314065869973435,-0.13768351677073598,0.12798855356692052,0.0006904761904761905,0.68359375,0.0034033504220536415,32.976997,0.052351497,32.848785,33.197327,0.22646078,-0.7499988,0.0,0.68359375,8.2933747e-07
S13,1,0.0002631353728710426,0.2302919639939727,-0.471879532448735,1.4893298713075847,4.141989173423407,19.630961376716403,0.012714285714285714,4.78515625,0.00014179568103226504,2.3264396758306596,0.014213549997603377,2.1495819091796875,2.4669647216796875,0.8652739056225214,4.751471884782993,0.0,0.68359375,3.688453240383353e-07,3.8205766685358827e-07,0.012870872735808114,-0.07395839493351156,0.1385181967794778,0.3189825659975697,2.3359754187140274,0.2644285714285714,50.5859375,4.729294567728733e-07,-0.010916880809340368,3.4573566582560127,-11.485474022861286,12.693406352569527,0.16048572027307265,2.0467539205932415,0.0006666666666666666,0.68359375,0.0036347734053962144,33.06397,0.05594879,32.890747,33.305817,-0.13399145,-0.9063332,0.0,0.68359375,8.802734e-07
S13,1,-0.00014746932286721377,0.22993725830905695,-0.471879532448735,1.5184781342290479,4.157518993640876,19.714229949014445,0.012738095238095238,4.78515625,0.00015109550775253301,2.3246124994187127,0.013877779583345202,2.0267486572265625,2.4566650390625,0.7414471896888497,9.644934573180658,0.0,0.68359375,3.795010299838268e-07,-3.606343413148939e-08,0.014479192943896888,-0.11095140766920912,0.1385181967794778,0.24252358978239577,3.0017157319338965,0.25885714285714284,60.83984375,6.021094324959283e-07,-0.09481850496361187,3.653396925419458,-11.485474022861286,12.693406352569527,0.27941541974730844,1.830750208848773,0.0006428571428571428,0.68359375,0.004702808942264706,33.143307,0.042450495,32.944794,33.337494,-0.12495827,-0.5484586,0.0,153.80859375,9.277601e-07
S13,1,-0.00018017162115104105,0.22456819292651828,-0.3521000937113327,1.5184781342290479,4.23268319750378,20.2492739796037,0.013047619047619047,7.51953125,0.00014860360833215223,2.3321737743559336,0.01322815957712831,2.0267486572265625,2.4951934814453125,0.5163021592405784,13.39163997534105,0.0,0.68359375,3.8246964333950837e-07,1.2172770376886012e-07,0.01453027187684747,-0.11095140766920912,0.09093552132416552,0.09970819097560903,1.9373804604283196,0.2637857142857143,60.83984375,6.072508460566578e-07,0.00493034196251662,2.92833246361583,-8.91419468476431,10.284878764652714,-0.05217685483270739,1.0686105307238778,0.0007142857142857143,0.68359375,0.0035591910260071424,33.210304,0.041455608,33.079987,33.494537,0.140663,-0.637959,0.0,231.0546875,9.5033175e-07
S13,1,0.0002983870575361202,0.22408191507343697,-0.3000461898822287,1.4467178709780553,4.2097524157286585,19.886392066735688,0.013357142857142857,8.203125,0.00014487545428551292,2.341053108941941,0.018412805612353013,2.2129058837890625,2.4951934814453125,0.9671906467242048,1.9928769052428565,0.0,0.68359375,4.0513693763818495e-07,2.312578436202955e-07,0.013000597479403372,-0.08049164578691737,0.1328222465969694,0.2226487139482526,1.8312599995744083,0.2769761904761905,54.00390625,4.854117282982344e-07,0.01968346863284885,2.7873198482902635,-7.478464558506998,6.882666637937338,-0.18588203767197586,-0.2695027037140312,0.0006428571428571428,0.68359375,0.00228992875144078,33.26475,0.032184273,33.15518,33.499084,-0.030915985,0.6859982,0.0,4.1015625,1.0160165e-06
S13,1,5.490557911933633e-05,0.22225537900424536,-0.5117296868305179,1.5167101800458043,4.174715822119923,19.68955372809035,0.013214285714285715,8.203125,0.0001364138691254827,2.351965277535575,0.01825744691343544,2.1488189697265625,2.4852752685546875,0.0786345883226976,2.2969135327838863,0.0,0.68359375,4.172540697438287e-07,-2.4593597484802667e-07,0.010287989907849304,-0.0705466403253099,0.1328222465969694,0.2998253126478868,4.335172135718781,0.29842857142857143,51.26953125,3.0105543059132404e-07,-0.008541647639915427,3.3894569326803046,-9.152251797155971,13.678785230557928,0.6828340357452033,2.5000399199539807,0.0006666666666666666,0.68359375,0.003301063466470289,33.304676,0.029430546,33.16571,33.499084,0.11341375,0.79708123,0.0,6.15234375,1.0736028e-06
S13,1,-0.0002390637316014152,0.21342103272898777,-0.5117296868305179,1.5167101800458043,4.286366444812592,20.970040547456346,0.012285714285714285,4.1015625,0.0001268130572606104,2.36450495946975,0.014306779260998239,2.1488189697265625,2.5043487548828125,0.5605529537426424,7.542993627555463,0.0,190.72265625,3.810875928962168e-07,-5.922441541259326e-07,0.007971648349690852,-0.04749617675946989,0.03676708190964807,-0.09763834363113116,0.6776433077200981,0.31261904761904763,24.609375,1.799565915968274e-07,0.033448023587423575,2.9674747273783795,-9.152251797155971,13.678785230557928,1.0174058821582703,5.173603223867696,0.0007142857142857143,0.68359375,0.002696053471759304,33.346626,0.033380445,33.21692,33.54294,0.21817984,0.16496658,0.0,37.59765625,1.0793595e-06
S13,1,-0.00013345519995054726,0.2237565161090291,-0.46396769888077166,1.5736785735655996,4.2550928321985415,20.545124263288095,0.012452380952380953,7.51953125,0.0001433274224755446,2.3704835528419133,0.012449073886494856,2.2510528564453125,2.5043487548828125,1.1722030206420415,8.155158836225118,0.0,0.68359375,3.675593175526511e-07,-1.8943949067005037e-07,0.009304958370867492,-0.0679827716947619,0.09690000245609266,0.030022618268026085,2.703988582279896,0.3108095238095238,24.609375,2.4671463847064825e-07,0.003633174116539056,2.156084799607064,-7.126276102858869,5.200181959635454,-0.3613299128831183,0.5802015010238679,0.0006428571428571428,0.68359375,0.0014729255231986848,33.38588,0.02836008,33.266632,33.630707,-0.20400567,1.3178964,0.0,339.74609375,1.0970629e-06
S13,1,-8.573134219387345e-06,0.24071464582429122,-0.46396769888077166,1.5736785735655996,4.086390530175237,18.823619954658277,0.01330952380952381,4.78515625,0.00016754385642313367,2.3589248475574314,0.016374776124835632,2.2495269775390625,2.4871826171875,0.5594267146239718,2.447394676871049,0.0,0.68359375,3.7863506747716427e-07,9.207427275373099e-07,0.014095615696721527,-0.09070818496077013,0.13488715750402008,0.7190186728841442,6.753507484436325,0.2985238095238095,53.3203125,5.72018844999128e-07,0.005725719874173966,3.223721332927063,-11.513187340563439,9.314725800497872,-0.34252936566884595,1.6727749006263615,0.000619047619047619,0.68359375,0.0027750496143800762,33.415314,0.026012806,33.27716,33.630707,0.26818633,2.0920272,0.0,339.74609375,1.1285614e-06
S13,1,-4.718581406381999e-05,0.24300981969561639,-0.5043987768205571,1.5350598664048787,4.091505808411898,18.686163539473487,0.013261904761904761,4.78515625,0.0001709296010025927,2.342482530503046,0.01424119457785584,2.185821533203125,2.483367919921875,0.9554588969081851,5.895976226730678,0.0,1.3671875,3.816733628739577e-07,-1.533771884419327e-07,0.015469915246678172,-0.11999289987653435,0.13488715750402008,0.6641981774391179,5.17359017638668,0.2851190476190476,60.83984375,6.892121923201255e-07,0.015216686801946648,3.7960123742310694,-13.425754472451278,9.515509416110282,-0.5540614879235914,2.006847654219693,0.0005476190476190477,0.68359375,0.003547014890685811,33.434746,0.023323918,33.27716,33.63675,-0.0015775322,3.7546415,0.0,312.40234375,1.1458793e-06
S13,1,-1.0557976524748336e-05,0.2370707861702681,-0.5043987768205571,1.5227115815054277,4.178564263905543,19.277132271297702,0.013142857142857144,7.51953125,0.0001591695163609731,2.337400145757766,0.014689045494700476,2.185821533203125,2.5089263916015625,1.371958173160862,6.244369926037843,0.0,0.68359375,3.8007193602674625e-07,-7.965148266222247e-07,0.012497894169567085,-0.11999289987653435,0.13385695396856556,0.3152189526365996,3.2803683317429204,0.2818809523809524,56.0546875,4.4450814858091654e-07,-0.0868762253426164,3.139532496776414,-13.425754472451278,9.515509416110282,-0.6831281619814221,3.5594761650257194,0.000619047619047619,0.68359375,0.0028927307356498436,33.448475,0.022122253,33.319397,33.63675,0.28261456,4.1531963,0.0,340.4296875,1.1829718e-06
S13,1,-1.861117158671734e-05,0.23596149081165352,-0.44812069472356075,1.5271598869663936,4.185007405313519,19.323346000073407,0.013285714285714286,7.51953125,0.00016210423666265314,2.3345512480962842,0.015025178613593102,2.10418701171875,2.5089263916015625,1.390650991682313,7.195584341096044,0.0,0.68359375,3.6805832911587707e-07,-2.1966605935728478e-07,0.011721111843796978,-0.07800704519607869,0.08057683611634212,0.20530980657558207,1.6036080063886509,0.27676190476190476,54.6875,3.8616634017604816e-07,0.015505884549649985,3.017290758439525,-10.672831068765523,7.174916566393094,-0.5260871478541359,0.9648365492737327,0.0006904761904761905,0.68359375,0.0026737553781346238,33.474228,0.029893346,33.319397,33.65039,0.24645637,0.65672684,0.0,325.390625,1.2327771e-06
S13,1,-1.532620705574979e-05,0.24044401408881852,-0.44812069472356075,1.5271598869663936,4.066714858217652,18.54412119938212,0.01369047619047619,4.78515625,0.0001696068063148131,2.336004384358724,0.01598577026862773,2.10418701171875,2.4639129638671875,1.029045937825537,4.229744905788526,0.0,0.68359375,3.605330678947249e-07,-4.2140807065197486e-07,0.014010555670547185,-0.12059153780147108,0.1632582243266668,0.5190848834587365,7.49447374928325,0.2846666666666667,58.7890625,5.574827912449746e-07,0.04593939125033268,3.7688951277642158,-12.121151756427393,9.794551345045537,-0.4820580622359253,1.2165131867111683,0.0005952380952380953,0.68359375,0.0032313473654253843,33.503494,0.02736542,33.402374,33.709473,-0.17795552,1.1780791,0.0,227.63671875,1.2644383e-06
S13,1,0.0003388756137027505,0.24309384162931308,-0.563439890005654,1.514001341032465,3.8141437033782517,17.158789783331226,0.013952380952380952,4.78515625,0.00017069461161937257,2.3538435163952056,0.01926159454303632,2.21710205078125,2.5264739990234375,-0.018027308845855728,0.691829259454587,0.0,0.68359375,3.5652559111042564e-07,6.341646801309955e-07,0.013065148887975372,-0.12059153780147108,0.1632582243266668,0.530991004012538,9.980291077031278,0.30742857142857144,43.75,4.787447534755594e-07,0.014577704377346111,3.979379962255381,-12.121151756427393,9.907393026749883,-0.3885931829460158,1.0695172734833198,0.000619047619047619,0.68359375,0.0043023439747922184,33.493973,0.03079914,33.34201,33.709473,0.048757363,0.33246422,0.0,259.765625,1.2425808e-06
S13,1,0.0003845199282383616,0.24063631852015108,-0.592643401520363,1.514503205431162,3.720306803505043,17.089733771548147,0.013214285714285715,4.1015625,0.00016913886518627407,2.364656130472819,0.011732395166586657,2.2319793701171875,2.5264739990234375,1.2571279646201736,9.200089246939125,0.0,194.140625,3.4823518907544927e-07,4.7310253994382946e-07,0.009319103235490414,-0.09559357486488389,0.06406693408652256,-0.1505063578651169,3.2854957615091624,0.32745238095238094,56.0546875,2.5043239663239036e-07,0.05921843227495231,3.9287141698528925,-12.473943592904046,9.907393026749883,-0.5503307432792567,1.2126987443034603,0.0006666666666666666,0.68359375,0.0042384391496289656,33.47668,0.023600403,33.34201,33.656464,0.018153204,2.1940622,0.0,199.609375,1.2281891e-06
S13,1,-3.867638889064934e-05,0.2401047713946818,-0.592643401520363,1.514503205431162,3.7358865567894832,17.315636301790942,0.013,4.1015625,0.000166097273503811,2.3601547059558685,0.011869372729249967,2.2319793701171875,2.486419677734375,1.254851455430324,8.345548869011662,0.0,209.1796875,3.5215872698819187e-07,-3.1499925455680753e-07,0.008331544338120592,-0.09559357486488389,0.061373538444610534,-0.1616217371657252,4.193790266226165,0.3330238095238095,25.9765625,2.0055002479622946e-07,0.004268949257658403,3.1553555154203834,-12.473943592904046,9.651236689417093,-0.5564725460392755,2.9045853718561663,0.000619047619047619,0.68359375,0.002083396843859281,33.499866,0.030921647,33.343536,33.656464,-0.1814987,0.28042412,0.0,246.09375,1.2430174e-06
S13,1,-0.0003593067538706493,0.24560610767307725,-0.4895428217917843,1.5242782241825157,3.6614158428281205,16.572750505840105,0.013166666666666667,4.1015625,0.0001659845581013715,2.355356725056966,0.011468578371911823,2.21710205078125,2.486419677734375,1.4253508129187689,10.27912781218112,0.0,185.25390625,3.566330497659816e-07,-1.8436549845490712e-08,0.00785241277594793,-0.09752755949559978,0.05905633438769564,-0.17711376380784224,5.313812856872797,0.3388095238095238,23.92578125,1.767877250897645e-07,-0.0055124002819831805,2.462794161164328,-6.374795666142598,6.714641612935908,0.09237899095532157,0.18358374787665577,0.0006428571428571428,0.68359375,0.001584827102967024,33.53553,0.0281097,33.4205,33.697357,-0.011735837,0.89300704,0.0,205.76171875,1.2227772e-06
S13,1,-0.0002828610902498856,0.24728307420099918,-0.5906223012471371,1.5242782241825157,3.594032604075792,16.152791916996325,0.012809523809523809,4.1015625,0.00016419792184150055,2.3578740801130023,0.014454739441332345,2.1686553955078125,2.4814605712890625,0.8216714461901379,4.292646090027768,0.0,0.68359375,3.567316987691659e-07,-2.692953207296968e-07,0.007905895285116281,-0.09752755949559978,0.06424974474064177,-0.11145130200620296,5.594380538711841,0.3452142857142857,45.80078125,1.7888406818543842e-07,0.015163072477604579,3.708315011553174,-13.244484826731469,14.361131422086418,0.130064068302187,2.980561382269104,0.0006904761904761905,0.68359375,0.0038028630437360565,33.552002,0.022978809,33.46585,33.697357,-0.1478131,2.4694614,0.0,235.15625,1.2264692e-06
S13,1,-4.164004746815494e-05,0.24487711107685625,-0.5906223012471371,1.503895087429037,3.5788719534739784,16.193853700676314,0.0125,4.1015625,0.00017498289811628565,2.3636588323683965,0.013989721484479798,2.1686553955078125,2.4932861328125,0.5571491100952843,4.883179453123457,0.0,0.68359375,3.575080163928127e-07,-8.693689171064212e-07,0.008146207633544627,-0.09410505408457147,0.22366533272746827,0.7126889012923113,24.457152922273988,0.3422857142857143,45.80078125,1.889175613142622e-07,0.024058068778511056,3.64821999498113,-13.244484826731469,14.361131422086418,0.12090713536381155,3.368709616593547,0.0006666666666666666,0.68359375,0.003923657721915121,33.55571,0.021498634,33.45224,33.69281,-0.124624655,3.2818866,0.0,226.26953125,1.2369212e-06
S13,1,0.00010937443472638286,0.24771513635214445,-0.5386834621027529,1.5237084030959953,3.597457834812079,16.194621973217906,0.013095238095238096,4.1015625,0.00018290138195657576,2.361821374439058,0.011877312471304148,2.2617340087890625,2.4932861328125,1.3569760299488993,7.575057377797782,0.0,0.68359375,3.4865594745597924e-07,-6.901270382041422e-07,0.01037169381337341,-0.10072039359239923,0.22366533272746827,0.14427311705956475,14.223189141494313,0.337,72.4609375,3.032506525881437e-07,0.01698622770233401,2.908264934880374,-7.18153436811475,7.772555349385334,0.13876214640080328,-0.1305467574607193,0.0006666666666666666,0.68359375,0.0027758021399495224,33.556824,0.02189063,33.41446,33.73831,-0.13245405,3.2100506,0.0,231.73828125,1.233137e-06
S13,1,0.0003175479863338844,0.2551300987633274,-0.6108526096471997,1.5332206395709205,3.511131456484699,15.511519783272153,0.014023809523809523,4.1015625,0.00018196421361585087,2.3491072609311057,0.0155539648195385,2.2449493408203125,2.4822235107421875,0.35292151823680146,2.346831159572333,0.0,0.68359375,3.4802332162726283e-07,7.103227720910914e-07,0.014422764099884208,-0.16796689779788204,0.23849865022260927,-0.05166968701758253,9.908084583760553,0.3223809523809524,55.37109375,5.964602245627881e-07,0.07533303099088337,4.16418816494466,-10.466145703636183,12.869568825998185,0.3058180303475123,0.3761911837435643,0.0005476190476190477,0.68359375,0.0037919579191430523,33.553646,0.022196036,33.41446,33.73831,-0.08143966,3.1946163,0.0,254.98046875,1.2097843e-06
S13,1,3.117962490012205e-05,0.2551013476703473,-0.6108526096471997,1.5767331412772008,3.4094224326559317,15.080219758639018,0.01338095238095238,8.203125,0.00019247897587259654,2.3284128734043668,0.01731535246676044,2.2159576416015625,2.4822235107421875,0.6213707266006574,1.5066612997552236,0.0,0.68359375,3.6097879421719313e-07,8.034125785959255e-07,0.013514262478711727,-0.16796689779788204,0.23849865022260927,0.034518161850707864,11.809616223352206,0.3006904761904762,55.37109375,5.215916121704181e-07,-0.06503398210826486,4.114726263418059,-10.466145703636183,12.869568825998185,0.2450838658219032,0.636668266224877,0.00045238095238095237,0.68359375,0.003246060490837233,33.548977,0.034304645,33.437103,33.744385,0.046298735,0.8141749,0.0,0.68359375,1.2336737e-06
S13,1,3.420701554347997e-05,0.2462497171638412,-0.6037917858372348,1.5767331412772008,3.5486053718231436,16.153706826916824,0.012738095238095238,7.51953125,0.0001796534091680673,2.3249381110781715,0.01954044741094266,2.21099853515625,2.477264404296875,1.4188574507264313,2.502607702520409,0.0,0.68359375,3.632729479041113e-07,3.9782442357959643e-07,0.01009688225795429,-0.09869536768743886,0.1051937532062839,0.08334335566355891,3.701330164033065,0.2915952380952381,66.30859375,2.884778043367641e-07,-0.13124913608648806,3.91984315395162,-9.83624191113627,11.40032822436614,-0.13671205698019612,0.17901458406200943,0.0005,0.68359375,0.003871811276287666,33.610996,0.07572523,33.437103,33.85974,-0.17090751,-1.2310748,0.0,209.86328125,1.3175533e-06
S13,1,0.00021817741144418486,0.2364127189011984,-0.5830183221802421,1.5540132759798044,3.8764791857184795,18.23803171781418,0.012928571428571428,4.78515625,0.00016294013001144067,2.3452682949247814,0.022160160875707297,2.21099853515625,2.484893798828125,0.043594200524840365,-0.15394229980690977,0.0,0.68359375,3.617820953306414e-07,2.455639931193889e-07,0.01229494879065673,-0.11809901912828462,0.1329042646380429,0.36156793945940413,8.068234404261167,0.2915,58.7890625,4.3198104497690614e-07,-0.012165848625648203,3.779488371491577,-9.83624191113627,11.40032822436614,-0.11745645574593802,0.3362432337247272,0.0005238095238095238,0.68359375,0.003872500018993759,33.62805,0.06837966,33.44467,33.85974,-0.55094963,-0.7172153,0.0,0.68359375,1.3155287e-06
S13,1,-6.415577038700015e-05,0.23858129710041218,-0.5022246572506166,1.5540132759798044,3.8753769764966384,18.124578870609966,0.012642857142857143,4.1015625,0.00016516905578475022,2.3450547263735815,0.017898019692331388,2.223968505859375,2.484893798828125,0.501538257609978,1.123153084081622,0.0,0.68359375,3.593111821139088e-07,-3.668767645264196e-07,0.012185691909832378,-0.11809901912828462,0.1329042646380429,0.38473011584536165,7.499502464037031,0.2806904761904762,58.7890625,4.2769964648953484e-07,0.02866139154608998,3.0085299772368814,-5.916957456210707,5.933972378511833,-0.016424321054091806,-1.0595473434079932,0.0005952380952380953,0.68359375,0.002637230307483235,33.564034,0.051467255,33.44467,33.823303,0.52274984,-0.076922655,0.0,0.68359375,1.2680862e-06
S13,1,-0.00032772316100392046,0.24232438222417196,-0.4583174178898157,1.4960728454336465,3.802173381687457,17.626219278849003,0.012261904761904762,4.1015625,0.00016413699186938342,2.3299102783203125,0.011880802041198506,2.2205352783203125,2.471923828125,1.3007098651918532,7.553442709854712,0.0,139.453125,3.494387710553345e-07,-6.734806356602906e-07,0.008697267076668527,-0.05068074732844599,0.047485203184903346,0.07609251833282224,1.268039369309105,0.2836666666666667,52.63671875,2.1588295800679837e-07,0.04368217474128596,2.9088276060935163,-5.211392700856858,5.586799936343771,0.012295779454548695,-1.1711564686905596,0.0006904761904761905,0.68359375,0.002768489758170174,33.553482,0.03039096,33.446167,33.723114,-0.18812108,0.59601355,0.0,254.98046875,1.2597726e-06
S13,1,-0.0002099176451156258,0.23710470805496436,-0.4465435104052128,1.5188040220706318,3.9931610545928002,18.705040757872055,0.012904761904761905,4.1015625,0.00015837506578773657,2.32648131052653,0.011845914492507659,2.1991729736328125,2.4555206298828125,1.2502014280037332,8.551586236534618,0.0,0.68359375,3.60528328882413e-07,1.9016606733979252e-07,0.009537484403972939,-0.07339065224578495,0.09200324316515018,0.008258910870098493,3.4767619277606956,0.2916190476190476,78.61328125,2.6023329420910203e-07,0.08788653039840089,3.1575829262875312,-9.86966563223374,11.149025716262315,0.5184229124467338,0.8396031454203206,0.0007380952380952381,0.68359375,0.0038691572508348896,33.578,0.03435632,33.47943,33.808136,0.23031761,0.1357522,0.0,259.765625,1.2784635e-06
S13,1,-4.670615572827366e-05,0.23079796463104402,-0.4465435104052128,1.5188040220706318,4.286016734387906,20.51520271995758,0.012904761904761905,7.51953125,0.0001472959731368263,2.324251211257208,0.012077341335550029,2.1991729736328125,2.4555206298828125,1.1496415931796629,8.928357790441801,0.0,0.68359375,3.6819219697529236e-07,2.7948354604091456e-07,0.009769318359186254,-0.07339065224578495,0.09200324316515018,0.016904615641591705,3.1649882161137555,0.31692857142857145,78.61328125,2.7352715346645436e-07,0.013655735956418814,3.3234858701167505,-12.00216410456275,11.149025716262315,-0.08409147517559427,2.1521349556399265,0.0006666666666666666,0.68359375,0.0038148161762046324,33.608482,0.032316953,33.499084,33.81418,-0.13615973,0.5799122,0.0,0.68359375,1.3067835e-06
S13,1,0.0001344452552920331,0.23536005320367456,-0.5648221773855192,1.5106743704512964,4.228439541965986,19.877291290766717,0.013261904761904761,7.51953125,0.0001539796842384602,2.3272608166649227,0.0135520670067143,2.1392822265625,2.4646759033203125,0.8862443548966569,6.63368055513515,0.0,0.68359375,3.6476899433173755e-07,4.2571308945988595e-07,0.010364416797493836,-0.11777043195354889,0.14070537022996182,0.4941688963168238,19.127400512803,0.3319047619047619,62.20703125,3.0301881561334393e-07,-0.1963741959214818,3.3679888521548764,-13.0231197308331,8.150851887351742,-1.021229650072233,2.6697089878442437,0.0006428571428571428,0.68359375,0.00319665385413956,33.651672,0.04239447,33.523254,33.905304,-0.080067605,-0.43763375,0.0,0.68359375,1.3455776e-06
S13,1,0.0003470599486590994,0.23788206827809977,-0.5648221773855192,1.5106743704512964,3.9608674777935797,18.301715750665803,0.013214285714285715,4.78515625,0.0001600842126937498,2.337872668675014,0.014172662380878541,2.103424072265625,2.4684906005859375,0.3332473317238265,7.00415106888277,0.0,0.68359375,3.691290796655263e-07,3.583438215567544e-07,0.010295549263513303,-0.11777043195354889,0.14070537022996182,0.5087567802038622,19.634137305149554,0.3291428571428571,62.20703125,3.007650750289272e-07,0.012858333151646787,3.4657338645056255,-13.0231197308331,8.150851887351742,-0.525396508030819,1.0639953215292035,0.0006666666666666666,0.68359375,0.0037198286792791456,33.695152,0.029954543,33.58377,33.926636,-0.05785929,0.81492376,0.0,231.73828125,1.391523e-06
S13,1,-0.00028447054642205956,0.23815063662776959,-0.4964703832629074,1.539041588629029,3.8253681407894367,17.8081310441005,0.012595238095238095,4.1015625,0.00016068703180933017,2.3491744268508183,0.012882663917280482,2.103424072265625,2.4684906005859375,0.7678643617044315,8.172817588847165,0.0,183.203125,3.602675010308901e-07,-3.8898685839109325e-07,0.00880588817990115,-0.07698184433357985,0.0983349362878928,0.20047182178464343,5.53795340153359,0.33276190476190476,48.53515625,2.174574527162444e-07,-0.04377450555428584,3.530488540747506,-10.460419724496216,6.513472978112344,-0.4805052570251972,0.035560494878787985,0.000619047619047619,0.68359375,0.0031563608113086036,33.69745,0.028327778,33.60498,33.926636,-0.0093080755,1.0443625,0.0,222.16796875,1.3910262e-06
S13,1,-0.00035381482247273145,0.2379577667862383,-0.5236095919736866,1.539041588629029,3.916127489999336,17.880045806754854,0.013880952380952381,4.78515625,0.00016171989725758228,2.359694026765369,0.013199073883620972,2.21710205078125,2.504730224609375,0.7395383904469991,5.4327205192713155,0.0,0.68359375,3.6240633130508433e-07,-7.870979405361623e-08,0.012060785915888259,-0.1595661203891768,0.11843848056804439,0.02153303552448531,9.390582051956455,0.2995952380952381,51.953125,4.228409663063641e-07,-0.061320833103936656,4.229881153713886,-11.089532887698226,9.190038433625066,-0.42667014747240073,-0.16954352004480855,0.0005714285714285715,0.68359375,0.003824047021337579,33.716446,0.038074292,33.617096,33.89923,0.048245188,-0.2875316,0.0,218.75,1.4028299e-06
S13,1,0.00022190084793890697,0.22507356752245739,-0.5236095919736866,1.490001540722653,4.178047699612274,19.468181806554746,0.01419047619047619,4.78515625,0.00014793086372112227,2.3705370221819195,0.01494075685718308,2.0961761474609375,2.520751953125,0.9302802732023456,8.408247220519327,0.0,0.68359375,4.304019103260681e-07,4.898678946813305e-07,0.013998236047470641,-0.1595661203891768,0.1746506314806784,0.07566097194143,10.248544408510709,0.2725714285714286,51.26953125,5.556571322355859e-07,0.20083617855621802,3.922149048692529,-11.089532887698226,9.190038433625066,-0.19826688228549696,0.1623882440603972,0.000619047619047619,0.68359375,0.003456707493765505,33.766754,0.03454784,33.635254,33.96463,-0.07836253,0.1684556,0.0,218.75,1.4225672e-06
S13,1,0.0002289763025028378,0.22557356869652775,-0.3664352871178163,1.5160161267973993,4.265218578265476,20.21990998463525,0.01361904761904762,7.51953125,0.00014763785107014215,2.381972567240397,0.017144557937916863,2.0961761474609375,2.530670166015625,1.2567838933503719,8.683586073492016,0.0,0.68359375,5.082093269888037e-07,4.4839368224376986e-07,0.011903845895017915,-0.1337611085830765,0.1746506314806784,0.18717969726989256,12.165126590883986,0.2754761904761905,56.0546875,4.023772488344581e-07,0.0320810115061743,3.7029582494200826,-11.139698696339003,8.68312550636428,-0.011938601772251827,0.5871745355659557,0.0006428571428571428,0.68359375,0.0034627452283565244,33.818966,0.041021466,33.686737,34.091003,0.03641725,-0.45112014,0.0,261.81640625,1.4575731e-06
S13,1,-7.752092885560469e-05,0.233186058483998,-0.3664352871178163,1.5160161267973993,4.2756226297818865,20.073919291449894,0.013523809523809523,7.51953125,0.00015047737515241593,2.389093744187128,0.014801407508011632,2.2552490234375,2.530670166015625,1.5993980687139235,11.353984544721236,0.0,0.68359375,4.479734225275021e-07,-4.3677613889260485e-07,0.009375590700183215,-0.06017662477228987,0.06294428275682126,0.04986766023385351,1.3525770758372584,0.2780952380952381,25.29296875,2.5061518600930996e-07,-0.08911806757982695,3.189384310197594,-11.139698696339003,8.596913821876122,-0.1751322274086934,1.8159468577772655,0.0006904761904761905,0.68359375,0.002572740840634197,33.873196,0.036557164,33.712524,34.11844,-0.32752165,0.01951027,0.0,239.94140625,1.541797e-06
S13,1,0.00014976054301701384,0.23462618475536104,-0.2762099060649081,1.506582745348749,4.314428907939391,20.320772415685777,0.013047619047619047,7.51953125,0.0001494785219458174,2.3884316671462287,0.011933599342128927,2.214813232421875,2.5302886962890625,1.3370320371574251,13.785779400400422,0.0,219.43359375,3.65013440703488e-07,-7.351405781723925e-07,0.008783785628106104,-0.06017662477228987,0.06294428275682126,0.04975379236217243,1.763130122121627,0.2833333333333333,25.29296875,2.2002364756445876e-07,-0.037060027504111206,1.9295679579274292,-6.177294080835828,5.233408824689041,-0.015449035655645243,0.5165814087802878,0.0008333333333333334,0.68359375,0.0018134493851737984,33.912178,0.028784774,33.79294,34.11844,-0.32214516,1.060525,0.0,235.15625,1.5850544e-06
S13,1,0.00019340231986781742,0.2318642942808188,-0.32273131137928385,1.506582745348749,4.272733994352639,20.317908921574013,0.012904761904761905,7.51953125,0.00015182675786461775,2.3972056797572545,0.019141131456936997,2.0915985107421875,2.5981903076171875,0.8151822264507742,4.711040004598663,0.0,0.68359375,4.589350747100216e-07,-3.361787138066081e-07,0.00941900224952324,-0.10371863445967076,0.23964245577013737,0.9565117114586645,28.018034375397296,0.2856904761904762,49.21875,2.585546473809972e-07,0.01628424694521143,2.89739859767343,-8.517457363261737,10.005310546401615,0.3564506830967846,1.1530297429685001,0.0008095238095238096,0.68359375,0.002830186179157598,33.932457,0.024939748,33.8248,34.19925,-0.36329705,2.3631,0.0,283.69140625,1.6022927e-06
S13,1,-0.00025612268637961505,0.22823391460980771,-0.42222696165533014,1.4854513968482996,4.139473910475341,19.68038211473213,0.014047619047619048,7.51953125,0.00015577277934936682,2.4216437839326406,0.02302460690112576,2.0915985107421875,2.5981903076171875,0.2147026261410536,2.718148714648173,0.0,0.68359375,5.554245329916614e-07,4.971007434257252e-07,0.013190137020846513,-0.15577216627023496,0.23964245577013737,0.6031311508439716,21.453886416994127,0.2834285714285714,49.21875,5.16936771312782e-07,-0.020425401763546482,3.4333062128597165,-8.517457363261737,10.005310546401615,0.24054055160275004,0.3951956884747809,0.0006904761904761905,0.68359375,0.003336201544140422,33.93293,0.024431381,33.79596,34.19925,-0.41366217,2.555112,0.0,234.47265625,1.5725926e-06
S13,3,0.00019808748492582926,0.2225563350798955,-0.3120949804296174,1.471948268632732,4.468034915988504,22.131207130881872,0.012666666666666666,7.51953125,0.0001481402689835522,2.5601794742402575,0.021999298804039363,2.3807525634765625,2.6882171630859375,0.0854912993611791,-0.37914664056502767,0.0,0.68359375,3.122174692892066e-07,1.7260550077901434e-07,0.011111233973006375,-0.06278504110000838,0.0857415339096167,0.26556086124463796,1.6914225272899328,0.2940238095238095,60.15625,3.5244669415925896e-07,0.08329894745263018,3.122532255899759,-7.001110358338166,8.197983921079516,0.07678667732752172,-0.4465135708182353,0.0008095238095238096,0.68359375,0.0038429065013522576,34.04456,0.031154843,33.915924,34.23282,-0.41758156,0.66503596,0.0,13.671875,1.6717408e-06
S13,3,0.0004229933234507648,0.2278314885842343,-0.3677873852217502,1.4790606986816235,4.258235843930752,20.167905061526064,0.013833333333333333,8.203125,0.00015277494527451952,2.5916867301577615,0.024727184656725222,2.390289306640625,2.739715576171875,0.9943509288640054,0.506471388808984,0.0,0.68359375,3.115132981736375e-07,1.0353681339296659e-06,0.010878464326492603,-0.05595892876226118,0.07938136522827838,0.21258023891664188,1.0628060115222775,0.2963571428571429,65.625,3.390108102374646e-07,0.06900225717754604,3.807180782025402,-9.585123668523995,11.576548295358991,0.06922480113964986,0.3626614780885733,0.0006904761904761905,0.68359375,0.0038291093458374206,34.071865,0.02840031,33.97223,34.275604,-0.33246198,1.0772705,0.0,4.1015625,1.6928778e-06
S13,3,0.00036101355918129814,0.22868900751834287,-0.5198591078066859,1.4790606986816235,4.156032546039065,19.330938745356118,0.014833333333333334,4.78515625,0.0001483264789206209,2.6556562605358307,0.06023973340816226,2.3471832275390625,2.8476715087890625,0.2923559581883166,-1.0712260576425572,0.0,0.68359375,3.082618982657861e-07,-1.009208640743247e-06,0.011302365393999262,-0.05558053631593361,0.08041605980999003,0.277226322575731,1.0302106598507743,0.2912619047619048,49.21875,3.6394506580797554e-07,0.015033685202899614,4.936707927955183,-14.758403248361466,13.353676674510302,0.1548154174341603,0.12265178572892488,0.0004761904761904762,0.68359375,0.004985353437415602,34.10354,0.034279063,33.99353,34.27716,-0.15794428,0.2742257,0.0,4.1015625,1.724861e-06
S13,3,-0.00048785566855661847,0.2239445527809322,-0.5198591078066859,1.4960001928837439,4.291118802627811,20.59519143462519,0.01430952380952381,7.51953125,0.00014578890689704067,2.7674737476167226,0.06891336591033957,2.3471832275390625,2.964019775390625,-0.3020787887305508,-1.246559573133033,0.0,0.68359375,3.041549051892696e-07,-9.301445604406249e-07,0.011857150947063124,-0.08135646433585944,0.1329920824392741,0.34170841286567105,2.6732533531140374,0.28459523809523807,66.9921875,4.0467951636337426e-07,-0.1573819629630102,5.48503735563154,-15.046914799618543,15.729486167211682,0.0495751835153295,0.8075483618723256,0.0005238095238095238,0.68359375,0.006438352146971758,34.13826,0.030563727,34.03006,34.339813,-0.46482575,0.73686004,0.0,27.34375,1.736488e-06
S13,3,-0.00015400778572213244,0.2254615917656524,-0.43391971915937755,1.4960001928837439,4.2938194818614,20.483438992570097,0.013738095238095238,7.51953125,0.00014473845780370252,2.847158313932873,0.024780817310001566,2.7172088623046875,2.997589111328125,-0.5795955922407116,0.33690155938379407,0.0,0.68359375,2.952478618046636e-07,1.3889130886582937e-06,0.011525147976420257,-0.08135646433585944,0.1329920824392741,0.26239804044329434,3.0518882957985243,0.2900952380952381,67.67578125,3.8394733880750475e-07,-0.0584570025186754,4.36083829179444,-15.046914799618543,15.729486167211682,-0.18536112294079965,3.1830671008877456,0.0006904761904761905,0.68359375,0.004406485203974531,34.154816,0.025324972,34.031586,34.339813,-0.63519615,1.9031739,0.0,5.46875,1.7432951e-06
S13,3,0.0002050583744484856,0.2272914305794906,-0.41459453750479913,1.4528279966452606,4.283141272489946,20.266316677502854,0.013595238095238096,7.51953125,0.00014941885149569902,2.861749540056501,0.012068520757716764,2.748870849609375,2.997589111328125,0.7469341984920917,5.119523111715003,0.0,0.68359375,2.866497627713041e-07,8.821686660004566e-07,0.009782050432387219,-0.06792394241233266,0.0679789869107936,0.09132552251622336,1.5148395828924075,0.29973809523809525,51.953125,2.72351272787485e-07,0.2439751177271728,2.8927571731122903,-9.146187271274737,7.888557519335053,-0.14919989865080088,0.861172677810381,0.0007380952380952381,0.68359375,0.002329854966686946,34.156258,0.025226008,34.068115,34.312317,-0.6294616,1.9881167,0.0,5.46875,1.7760813e-06
S13,3,-0.000347179622457892,0.21937713135239661,-0.41459453750479913,1.4554346021120097,4.389178401652781,21.5443588623691,0.013714285714285714,7.51953125,0.0001426146454827527,2.852517709277925,0.01309647107254754,2.7130126953125,2.967071533203125,0.5548810974142534,3.0673430558219774,0.0,0.68359375,2.775121291060649e-07,-8.09326032779516e-07,0.00990779678896657,-0.05660704509066561,0.07779351690031402,0.14915003323865583,1.723911290338208,0.2965952380952381,60.15625,2.824288242731599e-07,-0.01813128230832463,3.019185800618703,-9.146187271274737,7.888557519335053,0.0019434684546706395,0.6115054820190648,0.0006666666666666666,0.68359375,0.0022024929371743532,34.15698,0.02507483,34.063538,34.312317,-0.65248823,1.9987221,0.0,13.671875,1.7729155e-06
S13,3,-0.0001672663374631497,0.21801046845817937,-0.3695726739850223,1.4591619998901182,4.397588097330775,21.737710735768506,0.013142857142857144,7.51953125,0.0001310022123651268,2.839111273629325,0.013742500004438428,2.69775390625,2.9415130615234375,0.5540368508364276,2.2569844884173405,0.0,0.68359375,2.847007565363133e-07,-1.167854578820679e-06,0.010924575785990756,-0.06343171433527403,0.07779351690031402,0.14732326322056524,1.3319657500145796,0.2846666666666667,51.953125,3.4061915418384394e-07,-0.08585112273395065,3.946322247746131,-15.248923081912025,17.11230761246125,0.3363472920657175,5.723129729498229,0.0006666666666666666,0.68359375,0.0037322993284061245,34.157406,0.02519922,34.063538,34.301605,-0.6705094,1.9244304,0.0,345.8984375,1.7711726e-06
S13,3,0.00013557757953111278,0.22134877703870431,-0.3695726739850223,1.4591619998901182,4.379022103976521,21.260676771860417,0.012976190476190476,7.51953125,0.0001314732641143509,2.8261796951293947,0.011911606268697538,2.69775390625,2.930450439453125,0.981146230065116,4.287536379838786,0.0,0.68359375,2.910588035343529e-07,1.4045774538923803e-06,0.011014239791261468,-0.06343171433527403,0.06526113239559257,0.17747438864495155,0.7235956361828353,0.2790714285714286,64.2578125,3.4401428734974446e-07,0.003051501337958325,3.5880914496154714,-15.248923081912025,17.11230761246125,0.37180753915763987,9.225793433946727,0.0007619047619047619,0.68359375,0.00345295230947593,34.1715,0.029652787,34.071167,34.38568,-0.37964758,1.0080485,0.0,347.94921875,1.8053017e-06
S13,3,9.860331444911038e-05,0.22231344715163676,-0.29584940235161966,1.440062988509079,4.3490853918787025,20.91140860080428,0.01361904761904762,7.51953125,0.00013870315817712602,2.821850685846238,0.010691257433522693,2.7446746826171875,2.9644012451171875,1.3032408814043122,6.578360989663384,0.0,0.68359375,2.865819644004323e-07,7.094654887898576e-07,0.010723110792463327,-0.047402884054787334,0.05826762043046007,0.19693833749487533,0.5756652265504547,0.28104761904761905,50.5859375,3.270058589071712e-07,-0.015481068423762389,2.9438369436214944,-11.250467646166967,10.105824726159089,-0.48228190700510404,2.9124279930123844,0.0006904761904761905,0.68359375,0.002707965808876548,34.18176,0.026199449,34.075775,34.38568,-0.5975166,1.7533631,0.0,8.88671875,1.842389e-06
S13,3,-0.00010546294592764534,0.22146547306399664,-0.4104771508315975,1.440062988509079,4.312444674862374,20.925963509941774,0.014023809523809523,7.51953125,0.00013921665891060084,2.819131678626651,0.012359397199304975,2.733612060546875,2.9644012451171875,0.7106699675057567,3.7684626713347225,0.0,0.68359375,2.837557212862149e-07,-1.3570230775343072e-06,0.010814155998628316,-0.060255838023219294,0.062031752136337506,0.17256408998382053,0.7738390479931052,0.2835238095238095,47.16796875,3.3309805437011715e-07,-0.06408666608799689,3.9394820572249385,-11.250467646166967,10.105824726159089,-0.6053646818661964,0.554981977494247,0.0005714285714285715,0.68359375,0.003937616164469517,34.17545,0.02549499,34.052887,34.34134,-0.6225602,1.8910236,0.0,8.88671875,1.8280969e-06
S13,3,0.0002762367230165184,0.22288485126443966,-0.4104771508315975,1.479495864973631,4.290300180931244,20.65100353159796,0.014023809523809523,7.51953125,0.00013941795473005475,2.8389419737316315,0.027024373755383153,2.733612060546875,2.9712677001953125,0.15300830080105113,-0.9945900319021064,0.0,0.68359375,2.881644015263991e-07,-9.672234964973148e-07,0.011565566239972225,-0.08830426613594511,0.11926506974960253,0.3394193277430095,3.281581409157191,0.2841904761904762,52.63671875,3.8151707759773286e-07,-0.0036434188322687026,3.489276580341884,-10.766822533063372,7.335466820740741,-0.4721572087434968,0.5022817549628296,0.0005952380952380953,0.68359375,0.002811731798944922,34.176926,0.02584839,34.052887,34.34134,-0.58036035,1.9114733,0.0,239.94140625,1.8046646e-06
S13,3,0.0002255723411619477,0.22758132793982844,-0.5598036098645532,1.5661898857679382,4.138500905047897,19.50051277570145,0.014833333333333334,7.51953125,0.00015053136043536108,2.8709637414841427,0.016990677899280632,2.6584625244140625,2.983856201171875,0.19243199489084817,2.40530326107836,0.0,0.68359375,3.0448784758400716e-07,-2.6331946326974163e-07,0.01631987892980178,-0.1472910434376043,0.3004967200070071,1.2348266541150599,17.925022300071753,0.2744761904761905,36.23046875,7.580524030607333e-07,0.029915278662977454,2.8127567245247964,-8.38297886113552,7.790708709966215,0.20830826618426967,0.36791930298948206,0.0007619047619047619,0.68359375,0.002599941618006104,34.17236,0.028690834,34.017883,34.322998,-0.5850461,1.4373846,0.0,2.05078125,1.7860831e-06
S13,2,-0.0003579422846491371,0.24567591844667866,-0.511425620471629,1.4736892659983496,3.375112294746273,13.899230041489872,0.01804761904761905,5.46875,0.00017268393103284855,3.3339378356933596,0.028590792637972973,3.1085968017578125,3.5297393798828125,0.7012146465314463,-0.18228343499563993,0.0,0.68359375,3.1044536442327184e-07,2.517633995229064e-06,0.010647292271985274,-0.08259992729562048,0.15686120934814224,0.21120561606026525,6.344161782458933,0.32292857142857145,42.3828125,3.273516335810399e-07,-0.04135430921773364,6.4509463547474315,-14.981351477449193,16.704171143189264,0.36875971435405375,-0.2789598043517949,0.0005714285714285715,0.68359375,0.009723295435212146,34.0383,0.025413048,33.947906,34.205383,-0.503827,1.650867,0.0,156.54296875,1.6662577e-06
S13,2,-0.00024192316899736946,0.24197548235965996,-0.588608221920587,1.4597536425594586,3.2569241579364148,13.292973841917455,0.01814285714285714,6.15234375,0.0001675510409276996,3.3944114775884717,0.058571222529885246,3.2131195068359375,3.61175537109375,0.5247338144823959,-0.6713921725194107,0.0,0.68359375,3.221954950664136e-07,2.6883591764644165e-07,0.010883119314570455,-0.13978770951949926,0.11462071123877143,-0.0600924450186709,6.374781970433297,0.3186428571428571,38.96484375,3.37577296844172e-07,0.16185989077050097,6.103001626834761,-14.981351477449193,14.364541860701374,0.19665151367120978,-0.3889415693277236,0.0005952380952380953,0.68359375,0.009799857871683698,34.05624,0.03208239,33.947906,34.272552,-0.19839974,0.39454126,0.0,85.44921875,1.6876394e-06
S13,2,-7.666163367833833e-05,0.24037713477135247,-0.602912094649248,1.4978385366868952,3.2518348311108896,13.341616895548981,0.018571428571428572,6.15234375,0.00016447122977399198,3.5274645487467446,0.1208867089269165,3.2695770263671875,3.96270751953125,0.945840609809913,0.6768915656352843,0.0,0.68359375,4.111148688997063e-07,-1.3855808979385195e-06,0.010072608661046692,-0.13978770951949926,0.0995245559302996,-0.1551606397229094,5.9044378492776275,0.32657142857142857,38.96484375,2.924587688226258e-07,0.06849816434779467,4.890452009744111,-13.2059258555772,13.253270454509584,0.2046296190916761,0.08138631715402456,0.0005714285714285715,0.68359375,0.006691916749696524,34.1147,0.056829162,33.981354,34.34897,0.6077214,-0.25519776,0.0,190.0390625,1.7817878e-06
S13,2,9.79345374587936e-05,0.2334119110688427,-0.602912094649248,1.4978385366868952,3.352010623286435,13.9897105054118,0.019023809523809523,6.15234375,0.0001559992740144303,3.7607192720685685,0.1732796117864444,3.42864990234375,4.1843414306640625,0.09822102859303353,-1.130503898912172,0.0,0.68359375,5.001396730301805e-07,1.8012408553955363e-07,0.010220081965289554,-0.06822788585487002,0.0912328425535829,0.018156700574631736,2.1919983404028285,0.3067142857142857,43.75,2.9412408221380173e-07,-0.03180683338358154,6.762050006999709,-19.83159668805453,29.472135111069605,1.0372549020882291,4.3547383738941035,0.00045238095238095237,0.68359375,0.008792299168465596,34.23167,0.09069062,34.007233,34.583344,-0.16208108,-1.1232336,0.0,0.68359375,1.9179886e-06
S13,2,5.778553231026522e-05,0.2177188227084047,-0.4837098947691943,1.4576232439847934,3.4758748268057946,14.416681594694804,0.01938095238095238,6.15234375,0.00013541445353301552,4.149165607634044,0.29506535888962365,3.6235809326171875,4.9892425537109375,0.5555780171222621,-0.7100106133174275,0.0,0.68359375,1.0190216489248413e-06,-2.6226971499172306e-07,0.011012069923367871,-0.09864093157624068,0.11114197310214263,0.07464499418630306,2.652672564377074,0.27504761904761904,43.75,3.4866355010970444e-07,-0.06738318623912716,7.320359188134261,-19.83159668805453,29.472135111069605,0.8437740760309821,2.657266517284614,0.00045238095238095237,0.68359375,0.009952021116318696,34.375874,0.08858416,34.167206,34.669342,0.57935154,-0.38218427,0.0,0.68359375,2.0817733e-06
S13,2,5.635383331852225e-05,0.22303012342826475,-0.4295901009869721,1.429063292963818,3.4715792111534256,14.35021284903894,0.019333333333333334,6.15234375,0.00014153619253235122,4.5399681636265345,0.22141787954750375,3.951263427734375,5.040740966796875,-0.5174569635971448,-0.0910995126527383,0.0,0.68359375,1.1511905676805207e-06,2.785724283291273e-08,0.010494829060541206,-0.09864093157624068,0.11114197310214263,0.02666958560248458,2.6528123569236772,0.2911190476190476,51.26953125,3.1596727992859493e-07,-0.18790399925238804,6.929033641823691,-15.066488470484327,20.46954673979064,0.6223216172517649,0.0396910054778421,0.00045238095238095237,0.68359375,0.007912213227226237,34.48626,0.07049622,34.2955,34.684692,-0.6280374,-0.819855,0.0,0.68359375,2.1622127e-06
S13,2,0.00016851016653053247,0.23713568481682315,-0.5033674133164686,1.4340436767120899,3.3167601168788847,13.6139862485388,0.01804761904761905,5.46875,0.00016224726401441495,4.922620182945614,0.2653469729305601,4.4330596923828125,5.5850982666015625,0.15770733775894033,-1.2111477536723114,0.0,0.68359375,1.3044438580384737e-06,1.4929996346951888e-07,0.009615933273945502,-0.119822042345327,0.14603117060527238,0.03965578190556876,5.367629323131041,0.31773809523809526,41.015625,2.639005833558406e-07,0.020530071159297586,7.606332249145206,-19.84120868007676,20.46954673979064,0.37881112360817615,0.074837421234208,0.0004761904761904762,0.68359375,0.011056280047336704,34.557785,0.04184343,34.430084,34.73694,-0.21434163,-0.19409823,0.0,0.68359375,2.2137237e-06
S13,2,-8.552070957018906e-05,0.23154084097550207,-0.5033674133164686,1.4340436767120899,3.373153918368867,14.143080315989966,0.017023809523809524,5.46875,0.0001542732150427088,5.326795314607166,0.21021551486205234,4.827880859375,5.7708740234375,0.08906817410752049,-1.1599483337974068,0.0,0.68359375,1.3628339683953663e-06,-1.2346178963057122e-07,0.010239115667041821,-0.119822042345327,0.17430019176917622,0.2680943785188579,8.373503144844662,0.3097857142857143,41.015625,3.0303625804084533e-07,0.29678663990161636,5.875790125800788,-19.84120868007676,18.803278773117952,-0.06523763777913279,1.2370163924200845,0.0005238095238095238,0.68359375,0.008570557862279515,34.55732,0.056808356,34.347473,34.73694,-0.9270267,0.33153057,0.0,224.90234375,2.2074623e-06
S13,2,-0.0003472809826568952,0.22721994873248125,-0.4493556993991547,1.4380662488011127,3.5713208121584237,15.256621592860007,0.017,5.46875,0.0001488959057158726,5.763885034833636,0.3508463865831957,5.1853179931640625,6.635284423828125,0.6498646390569811,-0.6947145244198523,0.0,0.68359375,1.912368512112725e-06,-1.63673912946953e-07,0.010925732846337856,-0.0984235936340617,0.17430019176917622,0.04634191395836664,8.244813568110347,0.30452380952380953,58.7890625,3.436460208364654e-07,0.07606500789046433,6.6754557935429535,-17.31467205696554,21.910423686647185,0.32318422878798425,0.9686785133933635,0.0005,0.68359375,0.010243880768244567,34.513596,0.056082,34.345947,34.72467,-0.12032508,-0.40798903,0.0,246.77734375,2.1518683e-06
S13,2,1.7667745636878066e-05,0.2314847372382076,-0.4493556993991547,1.4380662488011127,3.6911123392632277,15.916879076125916,0.01673809523809524,5.46875,0.00015316290943136518,5.911501112438383,0.2448124742835054,5.4656982421875,6.635284423828125,1.054192234888719,0.03654105909612815,0.0,0.68359375,2.108519107998872e-06,-8.807336751782993e-08,0.00952926208300332,-0.0984235936340617,0.12819335019616973,-0.14522774264511926,8.80927263458135,0.3127142857142857,58.7890625,2.621633174499531e-07,-0.0840635162330257,7.219002508743125,-17.31467205696554,21.910423686647185,0.44327212343268135,0.4773822256743663,0.0005238095238095238,0.68359375,0.011503891559133159,34.579212,0.10320549,34.345947,34.860077,0.402449,-0.9154384,0.0,0.68359375,2.2521137e-06
S13,2,0.0001974130861333707,0.22802260650579623,-0.343398826369229,1.415458037607246,3.8674890639358774,17.105725180856012,0.016095238095238096,4.78515625,0.0001472981938740569,5.8763977595738,0.11109295048426286,5.5408477783203125,6.160736083984375,-0.2816488054826395,-1.2406912199971867,0.0,0.68359375,7.449717815409458e-07,3.491871275583525e-07,0.006853108990685741,-0.04409904386714434,0.07956761889235978,0.035316499977338496,2.1799150857370364,0.3177857142857143,23.2421875,1.3514343836588854e-07,-0.04215863910358536,4.31761597543046,-9.325248757119276,17.284932969743867,0.8811974836893195,2.8041495782230283,0.0006428571428571428,0.68359375,0.0043098965789503,34.660984,0.06774779,34.46991,34.864685,-0.15344027,-0.8994019,0.0,0.68359375,2.3719128e-06
S13,2,0.000327088185035485,0.23378438418582945,-0.3146025063623704,1.4118467859959338,3.822943617335452,16.43776112698399,0.016023809523809524,5.46875,0.0001554454802667594,5.776424716767811,0.21051542527641362,5.3516387939453125,6.160736083984375,-0.33354752446721897,-1.4449463404629803,0.0,0.68359375,3.5888846047584985e-07,-9.015462217334141e-07,0.006267294224710907,-0.028907562486148564,0.03310621125252024,-0.05067057586875985,0.7064834069674584,0.3066190476190476,21.875,1.1160999300896666e-07,-0.0933730894825334,2.0676692458131423,-8.944873592359821,5.35040754871641,-0.18694366224849485,0.7112653992756739,0.0007380952380952381,0.68359375,0.0012202614168018559,34.589443,0.08810996,34.35663,34.864685,0.13797867,-0.9340782,0.0,56.0546875,2.2835488e-06
S13,2,-2.1715715352092965e-05,0.24444268315175313,-0.5907143239058088,1.454634118145394,3.4697784769975826,13.963816807405134,0.017166666666666667,6.15234375,0.00017084374378757746,5.362531625656855,0.25646549819668807,4.9160003662109375,5.9131622314453125,0.097951095493333,-1.2611133433175412,0.0,0.68359375,7.565350126004279e-07,3.080922653662902e-07,0.007977258406438167,-0.1376977350417627,0.0889975165950574,-0.23370241306854314,6.284590345505402,0.3036904761904762,21.875,1.815390415954709e-07,-0.08293090605800327,4.47442987718191,-11.395277076059859,20.464528790887858,1.070341372938813,5.018076010145942,0.0005952380952380953,0.68359375,0.0043044208181836395,34.43053,0.103533976,34.196198,34.700073,-0.21644336,-1.1796191,0.0,0.68359375,2.1143096e-06
S13,2,-0.00027734503621611346,0.24946231970958246,-0.5907143239058088,1.4733849805067667,3.331258691406103,13.11797597821678,0.018404761904761906,6.15234375,0.00017720297954499107,4.976338077726818,0.1909166589472302,4.5810699462890625,5.6278228759765625,0.3087667015277935,-0.5897862463384635,0.0,0.68359375,6.774760340688643e-07,5.155208717352251e-07,0.009042823173406874,-0.1376977350417627,0.0889975165950574,-0.11246016473217553,4.437136166259339,0.31357142857142856,66.9921875,2.334145563162926e-07,0.0312164098948589,6.644701382290137,-13.665647467060573,22.022499938661195,0.8733477729499265,1.3286062729390364,0.00045238095238095237,0.68359375,0.008993693588142697,34.300907,0.06690706,34.141327,34.56955,0.7984628,0.15898728,0.0,0.68359375,1.9943968e-06
S13,2,-5.044936104992715e-05,0.24844800306685932,-0.4850749980730294,1.4733849805067667,3.4790126056636277,14.072758552202355,0.017833333333333333,6.15234375,0.00017619224036537654,4.698152106148856,0.13885069136948375,4.2072296142578125,5.0537109375,0.3114133011115346,-1.2628143985635507,0.0,0.68359375,4.765168525951883e-07,-3.1766946151632774e-07,0.008574379738481295,-0.05412899531445643,0.08808296007536591,0.06644249889400543,1.8293176323240363,0.3328809523809524,23.2421875,2.1006844529287048e-07,0.04814400475379047,7.05303954766973,-13.665647467060573,22.022499938661195,0.7110188906364409,0.22777062882052634,0.00045238095238095237,0.68359375,0.010633422747722757,34.22586,0.04373063,34.07727,34.407104,0.010160902,-0.5628159,0.0,195.5078125,1.9104352e-06
S13,2,4.8044998313123276e-06,0.24052086042502285,-0.4850749980730294,1.4350904151853587,3.70185594057701,15.779737988369693,0.0155,5.46875,0.00016189603845437702,4.499488739740281,0.0960554133003392,4.1545867919921875,4.81414794921875,0.12436400797250026,-0.7130394692581357,0.0,0.68359375,2.7462228540830046e-07,4.023431867768296e-07,0.008254058955088918,-0.06514042753915072,0.05696011590442558,-0.012215596452262755,1.7652671930859176,0.3415,54.00390625,1.9165779538906198e-07,0.0019190633212400356,5.6272430488358856,-11.683077541081229,17.856995584224833,0.6470989382122171,0.20987994531309306,0.0005,0.68359375,0.006611524710112381,34.20408,0.028373687,34.07727,34.41632,-0.47564745,1.2382836,0.0,347.265625,1.8617956e-06
S13,2,9.148599257457838e-05,0.23585444902010846,-0.30847306353100723,1.4207566217417953,3.8994000983257,17.0991892713946,0.014976190476190476,5.46875,0.00015578526316505038,4.355684625534784,0.07560723427364674,4.0714263916015625,4.5925140380859375,0.2964462312047769,-1.1861570589570363,0.0,0.68359375,2.4445124381517726e-07,3.5921167316128966e-07,0.00881943458117634,-0.06514042753915072,0.05696011590442558,-0.01249991788551555,1.319224028135503,0.31842857142857145,54.00390625,2.1985551513940222e-07,-0.04019026284381013,4.132798515992127,-7.254191125466814,11.256079358474295,0.705071250566995,-0.033160628216752475,0.0005,0.68359375,0.003375038043494354,34.224937,0.028203106,34.127594,34.46222,-0.5013856,1.2820358,0.0,347.94921875,1.8772511e-06
S13,2,-1.5509442175018172e-05,0.235068263765145,-0.47343234274928103,1.4459682018114999,3.9383818845852314,17.417266029165905,0.015119047619047619,5.46875,0.00015700968729879302,4.24663264864967,0.053807325676116693,4.0447235107421875,4.44183349609375,0.1423000726683308,-1.0082783013281178,0.0,0.68359375,2.461370977773256e-07,4.97418993554222e-08,0.009763535726898007,-0.07947219158002053,0.07146952027523353,-0.04968646761432296,1.4315064338647927,0.30538095238095236,43.75,2.729547687300071e-07,-0.0766216465951313,5.38288954970961,-16.475166089658792,21.482109164766023,0.6890535029142393,3.1074741043324217,0.0004761904761904762,0.68359375,0.005381124960134527,34.24489,0.028139561,34.130615,34.46222,-0.5413157,1.0891194,0.0,334.27734375,1.941966e-06
S13,2,-7.995623081145116e-05,0.24161365818598238,-0.4964222587336397,1.4989506184185502,3.8286355075380296,16.67287134781208,0.015642857142857142,5.46875,0.0001658668487941942,4.178816268557594,0.03819137636887557,4.01153564453125,4.3399810791015625,-0.21199187149133358,-0.9961603386478317,0.0,0.68359375,3.7263570290434373e-07,-9.526861010151329e-08,0.010652401020777255,-0.07947219158002053,0.13113936741520327,0.15425023779692815,3.3191007891686093,0.3034047619047619,52.63671875,3.2461139471751025e-07,0.12878039653811835,6.182155920821644,-16.83451923083589,21.482109164766023,0.42639026614971887,2.2579260738665052,0.00042857142857142855,0.68359375,0.007441727992778857,34.260574,0.028223353,34.13675,34.430084,-0.5620832,1.1414285,0.0,345.8984375,2.0159405e-06
S13,2,-0.0001328476890180474,0.24243091110372464,-0.4964222587336397,1.4989506184185502,3.86991296126964,17.02562750414515,0.016404761904761905,7.51953125,0.00016892191098337163,4.1607848576137,0.030428925437137166,4.01153564453125,4.3399810791015625,0.3107810207237987,-0.37763791382672096,0.0,0.68359375,3.725943338183914e-07,1.1415248963732478e-07,0.011822182655605838,-0.10662939237286011,0.1780622440816647,0.679294031929234,12.358671176323469,0.304952380952381,69.04296875,3.97101144302019e-07,-0.009092443118043083,4.71149031292117,-16.83451923083589,17.848433715504747,0.3293947144490708,3.2560137520056056,0.00045238095238095237,0.68359375,0.004553901878371928,34.277523,0.02994176,34.13974,34.428528,-0.5487077,0.84859943,0.0,332.91015625,2.0421207e-06
S13,2,6.195730816884091e-05,0.23848942468215042,-0.43685922317996645,1.4673433307768,3.9733840994353424,17.878105088708953,0.015952380952380954,4.78515625,0.00016315181118147442,4.158702932085309,0.02097877133761349,3.9642333984375,4.30450439453125,0.5487165624406121,0.6715331632790584,0.0,0.68359375,2.4707691618173753e-07,-7.453110383095224e-07,0.01124132116797129,-0.10662939237286011,0.1780622440816647,0.6211178247866191,13.526442941491396,0.3097142857142857,69.04296875,3.629257301982288e-07,-0.0016721423706836894,5.975793602667438,-19.04184979129243,14.078703885294221,-0.4543929119920028,0.8103715379336163,0.00045238095238095237,0.68359375,0.006624410289355705,34.29523,0.03010563,34.13974,34.45764,-0.42011777,1.0036592,0.0,332.91015625,2.015404e-06
S13,2,0.00032470044274510607,0.24435265834556738,-0.5296244565570122,1.4900375457134385,3.876655264630843,17.04095866610247,0.016095238095238096,4.78515625,0.00017088989342524657,4.128194563729423,0.040712865960366794,3.92913818359375,4.282379150390625,-1.1658852023447437,1.0792629207708684,0.0,0.68359375,2.875867986276289e-07,1.6816796391497578e-08,0.009836299081720137,-0.06809205509247826,0.05398294673257008,0.03213382981118978,0.924173507583407,0.30278571428571427,47.16796875,2.76576746290783e-07,0.11028724703694558,6.666395192989314,-19.04184979129243,14.146730758676581,-0.49891524895330364,0.4553211029713937,0.0004761904761904762,0.68359375,0.009464518744235588,34.320225,0.03506287,34.164154,34.548065,-0.3991795,0.2762828,0.0,281.640625,1.9665947e-06
S14,1,0.0005002149677399678,0.2875500476157151,-0.9522919072309212,1.7106522943554112,2.776008405007154,13.326199470786733,0.0125,12.98828125,0.00023501408580070554,2.810337766011556,0.03005192970206135,2.4822235107421875,2.9994964599609375,-0.6658078450057802,2.0235277969476124,0.0,0.68359375,4.142604778922738e-07,4.033441015771781e-09,0.010231764159640704,-0.17459125867431244,0.2677271516040429,0.6252689516065774,32.356519633742124,0.2966190476190476,49.90234375,3.078815391779798e-07,0.0372536797606549,6.085235228423732,-21.58502322046286,25.86976195391813,0.5867276881809174,5.345173813505232,0.0006666666666666666,0.68359375,0.010709134082289951,32.875805,0.06114552,32.7529,33.11606,0.3349195,-1.0125403,0.0,0.68359375,8.262179e-07
S14,1,0.00012411451355074572,0.2782048328068734,-0.7758083908428074,1.6690783400762539,3.0449613573896914,14.990165042381097,0.010666666666666666,4.78515625,0.00021862558229484926,2.809211758204869,0.01739586793012401,2.4822235107421875,2.9399871826171875,0.13833138045461782,8.164888981974409,0.0,0.68359375,2.955861718303887e-07,-5.562799703966466e-07,0.007497832232543844,-0.17459125867431244,0.2677271516040429,1.3844172649165898,94.35190887184748,0.3119047619047619,49.90234375,1.67917930044546e-07,0.1939737950860885,3.2192530622785727,-5.027345163977211,18.123489138608818,2.3047728015769136,9.901779477771315,0.0008095238095238096,0.68359375,0.0027659602528918134,32.981808,0.064965904,32.76187,33.213867,-0.1255955,-1.0114117,0.0,0.68359375,8.7652813e-07
S14,1,7.482989240615803e-05,0.27360810513529027,-0.7710101122085574,1.6573522295652077,3.1396200230387854,15.665063229094361,0.010261904761904762,4.78515625,0.00021478350021974767,2.7898404802594867,0.014784139794871724,2.5318145751953125,2.9209136962890625,0.42648443137534237,8.575070327541878,0.0,0.68359375,2.9489241376310615e-07,-1.4215589117657876e-07,0.006008671994846026,-0.039324856460420894,0.025328371551970687,-0.23060749129438385,0.4672193496566779,0.31552380952380954,49.90234375,1.0353969856820582e-07,-0.031317659381746195,2.123529365056084,-4.493949357477323,4.117183541283419,-0.015314687643610403,-1.1550598205134348,0.0008571428571428571,0.68359375,0.0021525172709278887,33.07878,0.0525129,32.934265,33.292267,-0.031973053,-0.7928748,0.0,49.90234375,9.421525e-07
S14,1,0.00010007315015170693,0.27823045399822827,-0.786747741874037,1.6603609463326308,3.053397202952343,14.795865683025486,0.011333333333333334,4.78515625,0.00021774960749766095,2.780573254539853,0.01143498808113141,2.588653564453125,2.9239654541015625,0.5974708215610934,17.61217184275463,0.0,0.68359375,2.7618833898399605e-07,3.5497018628739764e-07,0.009280718402154407,-0.09593288415205756,0.1473843991724999,-0.21844624839353968,12.392846673179033,0.2927619047619048,49.90234375,2.4296592693550665e-07,-0.08232190801460752,3.391973802531152,-10.260212474287497,11.563340382148215,0.24697892585529022,1.6504336001929927,0.0007619047619047619,0.68359375,0.0032423353815894634,33.159935,0.04817956,33.030365,33.402374,-0.02615938,-0.731205,0.0,347.265625,9.83585e-07
S14,1,0.0002305007688279575,0.276663478086268,-0.786747741874037,1.6622466816656316,3.0724229175333972,14.88878325513318,0.011547619047619048,4.78515625,0.00021346369298593122,2.7839055106753396,0.011853558597610577,2.614593505859375,2.93731689453125,0.7593601019954654,11.456118307185262,0.0,0.68359375,2.6420514629953396e-07,3.0709252993181326e-07,0.00945330975399856,-0.09593288415205756,0.1473843991724999,-0.1784901175937966,11.62296003470914,0.2965714285714286,49.90234375,2.5222134604378486e-07,0.014157901334372192,3.4616562815475698,-10.260212474287497,11.563340382148215,0.15676837375334562,1.3449264805016545,0.0005952380952380953,0.68359375,0.0027308250848048863,33.22829,0.039727118,33.110016,33.41147,-0.069188766,-0.30784512,0.0,300.78125,1.0222684e-06
S14,1,-9.131333184181782e-05,0.27525787252563255,-0.7687035692183515,1.6793662434950107,3.1163891664411687,15.13714432379361,0.010952380952380953,4.1015625,0.00021871279710822852,2.789061419169108,0.010279621647215643,2.6397705078125,2.96478271484375,1.3617263528726746,19.018622129486943,0.0,0.68359375,2.7325204357668824e-07,-2.5710330096408426e-08,0.007366889169598962,-0.0782183080727823,0.07623122781064338,-0.01791058388064537,4.478965779914516,0.30138095238095236,49.90234375,1.5352938699898298e-07,0.07871394916921924,2.682777748744939,-6.654825663998373,6.143359338358323,-0.07967703646822186,-0.5653520847015425,0.0005952380952380953,0.68359375,0.0021258592141580887,33.278305,0.030799815,33.150665,33.518707,-0.040563688,0.74184704,0.0,229.6875,1.0759607e-06
S14,1,-0.00027510312590156376,0.27781900711177404,-0.7687035692183515,1.6793662434950107,3.08377481117023,14.710343420923454,0.010880952380952382,4.78515625,0.0002220051608020937,2.79304868607294,0.010651282235276083,2.6004791259765625,2.96478271484375,0.9273856252682211,16.9210250883354,0.0,0.68359375,2.661078676272779e-07,-6.760821122108065e-08,0.007264735461301187,-0.0782183080727823,0.07623122781064338,-0.04103097233487379,4.240733005099365,0.29373809523809524,49.90234375,1.5172007577157808e-07,-0.027365766075871784,2.897341598737073,-6.654825663998373,6.143359338358323,0.023597686891923028,-0.7359100229853484,0.000619047619047619,0.68359375,0.0024649668734553513,33.315804,0.028418247,33.16272,33.518707,0.23430856,1.2181234,0.0,229.6875,1.0941206e-06
S14,1,0.00011858604535442294,0.27583518844030336,-0.7571553014249223,1.662640068565093,3.10277005084473,14.818804783215672,0.010952380952380953,4.78515625,0.0002164264898238851,2.7945717675345283,0.010042162216049151,2.6004791259765625,2.9102325439453125,1.0274615759480152,19.35152878389614,0.0,0.68359375,2.588897351802958e-07,2.022251826999209e-07,0.006029180212221064,-0.04140903676165311,0.03955514631542052,-0.14988169951059682,0.6581062195704761,0.3109047619047619,49.90234375,1.0368315089995942e-07,-0.02022052814141588,2.658669601167414,-6.301114758899815,5.215586674752673,0.009008698238404776,-0.9174691636272776,0.0006428571428571428,0.68359375,0.001813661697837477,33.352364,0.029815605,33.242523,33.52176,0.010626871,0.7879412,0.0,112.79296875,1.1098886e-06
S14,1,-2.9428012540151836e-05,0.2785357535257918,-0.7571553014249223,1.662640068565093,3.063915044845418,14.434711721883701,0.011238095238095238,4.78515625,0.00022390853292445073,2.7915843600318544,0.00973414139354599,2.6912689208984375,2.9598236083984375,1.4942831871433102,18.804743859045065,0.0,0.68359375,2.5785322898621455e-07,-2.8416882059131983e-07,0.005535790164821264,-0.027138762422239004,0.025803508402636767,-0.20807920393097346,0.26115243126123655,0.34654761904761905,49.90234375,8.741025600917739e-08,0.04564220662127499,2.363952480971059,-5.155407208194452,5.043692663781776,-0.05180949394245945,-1.0180283966201842,0.0007380952380952381,0.68359375,0.0018579002420941206,33.384747,0.025338493,33.29074,33.600403,0.19360632,2.2993245,0.0,57.421875,1.1474199e-06
S14,1,-3.3789370257005105e-06,0.28040075962090477,-0.7214874443621243,1.660010609649568,3.05811227551215,14.352171391324763,0.011,4.78515625,0.00022499020507102307,2.79152155376616,0.010226526191225783,2.5897979736328125,2.9598236083984375,1.4581036330078152,23.04145069403915,0.0,0.68359375,2.670789150210497e-07,1.5813633528716059e-07,0.005730544275326339,-0.04119919456065878,0.04573300365423168,-0.12374776476477348,1.2793853600758016,0.36588095238095236,49.90234375,9.34335587512163e-08,0.03793488737522018,2.157382232132643,-4.8771752180537336,5.448890930496858,-0.01738137746737502,-0.7592670303644087,0.0008333333333333334,0.68359375,0.0019712515901910694,33.41595,0.029243127,33.29828,33.600403,0.22440667,0.94528174,0.0,2.05078125,1.16858e-06
S14,1,0.0001137008480032945,0.27846789917503584,-0.7304896556903955,1.6793426155099045,3.082265368670336,14.599590941376118,0.010761904761904762,4.78515625,0.00021887468361443194,2.8002352941603887,0.013131978151624063,2.5897979736328125,2.92205810546875,0.638983051716038,7.138326527753991,0.0,0.68359375,2.5983949810795743e-07,2.7452412983643876e-08,0.00608541130164426,-0.054260745370395776,0.04573300365423168,-0.12574548153769627,1.4022190046307967,0.35692857142857143,49.90234375,1.0606126053586186e-07,0.017541152290405992,2.1493783253767456,-4.8771752180537336,5.448890930496858,0.07920289870864769,-0.3397187993683217,0.0008571428571428571,0.68359375,0.0020062633391998855,33.460846,0.037216157,33.299805,33.65039,0.13229874,-0.2908125,0.0,8.88671875,1.2333912e-06
S14,1,-0.00031722130766108505,0.2804264223511485,-0.8132611165330823,1.6793426155099045,2.9878473875398956,14.031350315359415,0.010880952380952382,4.78515625,0.00023618695462459318,2.8056968053181968,0.01117643400289411,2.701568603515625,2.918243408203125,0.9328525339096454,8.619688173280514,0.0,0.68359375,2.497387678144684e-07,-4.011771657630343e-07,0.006368390508076731,-0.054260745370395776,0.050445607387462704,-0.12970450259014937,1.4944794673481718,0.3540238095238095,49.90234375,1.1663524887729011e-07,-0.04222029185159207,2.611548057627602,-6.177980523162589,6.0935796719703585,0.02001744832749657,-0.5770311387086968,0.0006904761904761905,0.68359375,0.0018563732646802978,33.50906,0.032821756,33.378235,33.71707,-0.31749895,0.24712133,0.0,163.37890625,1.2656985e-06
S14,1,0.00010993338588993004,0.28544837321781547,-0.8132611165330823,1.6658917078197844,2.9068198361642166,13.324739914589411,0.010904761904761905,4.78515625,0.0002435848152474802,2.80207272484189,0.010685137582400712,2.5905609130859375,2.9285430908203125,0.9211902321181389,15.890760773465388,0.0,0.68359375,2.6394257170110556e-07,-1.0418253907295608e-07,0.006333320827169566,-0.03879294431045026,0.050445607387462704,-0.11302590846088686,1.167206378619131,0.3488095238095238,49.90234375,1.1473097661273968e-07,-0.017923255297946132,2.5641650366071964,-6.177980523162589,6.0935796719703585,-0.05865917905118369,-0.5722509577031127,0.0006666666666666666,0.68359375,0.0016183557861358445,33.53445,0.021695092,33.385773,33.744385,-0.13494071,3.7477927,0.0,163.37890625,1.2463208e-06
S14,1,0.00010368557675842655,0.2832924155871556,-0.7195206283104099,1.6707024850222896,2.9883654548778864,13.763642717060502,0.010785714285714286,4.78515625,0.00023139145321124076,2.798014531816755,0.010158515164328722,2.5905609130859375,2.9285430908203125,0.7017159865248584,24.073421506681864,0.0,0.68359375,2.6083942696770336e-07,3.7863836095712207e-07,0.005969793220878334,-0.027841378953386023,0.032961294668272384,-0.1848949761582002,0.23486610947222175,0.32185714285714284,49.90234375,1.0173552581323499e-07,0.016365326454434677,1.7515010906658897,-4.322220428524949,4.202270160086352,-0.04638755787937885,-0.5902138530097907,0.0008571428571428571,0.68359375,0.0013509244854798363,33.54668,0.023441277,33.385773,33.744385,0.06771573,2.8575568,0.0,204.39453125,1.2823434e-06
S14,1,-0.00015009289874997068,0.28161527032297023,-0.7140444841734357,1.6707024850222896,3.0168333502407934,13.929111821206057,0.010904761904761905,4.78515625,0.00022952139802495997,2.7978461946759907,0.009842281448195702,2.5989532470703125,2.91900634765625,0.807619747678124,23.102405398661308,0.0,0.68359375,2.5307977746954353e-07,-1.147640955712576e-07,0.005954921572607607,-0.044568771509513605,0.031096543195060323,-0.19748007593219694,0.39995084325793684,0.3065,49.90234375,1.007942783647447e-07,-0.0034751659042174168,1.4534141301511596,-2.7298185709618434,2.7130749369322618,0.007996300734686582,-1.24480764021199,0.0009285714285714286,0.68359375,0.0012534277232148906,33.569683,0.027076332,33.440155,33.78232,-0.022752317,1.2847958,0.0,280.2734375,1.2825517e-06
S14,1,0.0005350276099930407,0.2856197929017222,-0.7234452274982079,1.6891062382530753,2.9392511426777914,13.304500891271818,0.011285714285714286,4.78515625,0.00022089092180164482,2.8072734015328544,0.013280618823006756,2.616119384765625,2.95562744140625,0.8179049007555658,7.2963413451096795,0.0,0.68359375,2.5803802904261756e-07,-1.7390688182323835e-07,0.007947189745777452,-0.0850437228829992,0.09299664153680018,-0.13707547060702113,8.973964285435223,0.30966666666666665,49.90234375,1.8191241850638134e-07,0.08392332744745669,2.690700044836731,-7.102071475451726,7.7233347338879215,0.2492127199885252,0.654457129620432,0.0007619047619047619,0.68359375,0.0023137514136511517,33.59378,0.024470497,33.471863,33.78232,-0.1276671,1.9409323,0.0,321.2890625,1.2723041e-06
S14,1,-0.00010754625497669032,0.28402299395484587,-0.7234452274982079,1.6891062382530753,2.970331750504075,13.58223338004436,0.011142857142857144,4.78515625,0.00022527059902889717,2.8177367255801244,0.011743908444570138,2.6519775390625,2.95562744140625,0.6483092224843146,12.063315710310224,0.0,0.68359375,2.6094796117059416e-07,7.456100768514236e-07,0.008705231671908169,-0.0850437228829992,0.09299664153680018,-0.12330511036329433,6.411512139703424,0.3034047619047619,49.90234375,2.175237517658758e-07,-0.037464001066917656,3.1520701011806596,-7.102071475451726,7.7233347338879215,0.19935805025125808,-0.5526217967665081,0.0006428571428571428,0.68359375,0.0027063016481100794,33.61423,0.024690729,33.47638,33.765594,-0.19817112,1.8321099,0.0,18.45703125,1.3062925e-06
S14,1,-0.0003481212960108924,0.28211383935834045,-0.693598634905063,1.667922866719838,3.0381647808604506,14.044861508168832,0.011,4.78515625,0.0002248939343347552,2.8180609748477026,0.010505856539971591,2.6287078857421875,2.953338623046875,0.7691430528072303,20.263296948074085,0.0,0.68359375,2.644713702585255e-07,-5.384661937378441e-08,0.007718083005861057,-0.07154919301485765,0.053475003551045786,-0.14232522562276467,1.328984209040084,0.2909761904761905,49.90234375,1.6825821911915003e-07,-0.08802902123218789,2.590469987782345,-5.391844812897038,5.038105229669438,0.02765680915182691,-1.182209455592995,0.0006666666666666666,0.68359375,0.001996887260646975,33.62611,0.021655912,33.5278,33.765594,-0.15848117,3.5860739,0.0,9.5703125,1.3229081e-06
S14,1,0.0003906718531941172,0.2813612786129598,-0.6910733447674392,1.671320186162369,3.073382619806854,14.219037606484427,0.011238095238095238,4.78515625,0.00021640627221448014,2.812267285301572,0.010562219752042593,2.6287078857421875,2.9529571533203125,0.8457235185448895,17.52756710979002,0.0,0.68359375,2.597918457990897e-07,-1.6786548254218495e-07,0.007391670768120583,-0.06442271434449916,0.06156980958851611,-0.15830509949849972,1.6720078744946543,0.28919047619047616,49.90234375,1.5142207917006374e-07,0.18368369738193904,2.6178847193835932,-4.972450658575864,8.695316273348062,0.3794299025749189,-0.11953282262927134,0.0007380952380952381,0.68359375,0.002301418806174687,33.629208,0.021861168,33.520264,33.80356,-0.12285307,3.618362,0.0,12.3046875,1.3170767e-06
S14,1,0.0003717276167659222,0.2776371751665909,-0.7364334779039674,1.671320186162369,3.126037425345318,14.690267110724356,0.011,4.78515625,0.0002182151069135246,2.8099534443446568,0.009810164380515362,2.642059326171875,2.9529571533203125,1.2417493500458376,19.29095327627714,0.0,0.68359375,2.5003716179141005e-07,-1.6901558971403673e-07,0.0070200003391754475,-0.06442271434449916,0.09598072235156607,-0.03887336982664171,4.583177111812041,0.28464285714285714,49.90234375,1.4159625347854252e-07,0.02966331785107868,2.868800348448956,-10.22277473898518,8.695316273348062,-0.15075161370103,1.7744038176096888,0.0006904761904761905,0.68359375,0.0026678764794535463,33.64486,0.026983758,33.520264,33.90381,0.065097064,1.528305,0.0,12.3046875,1.333996e-06
S14,1,-0.0003536111509323856,0.2777082884243398,-0.7364334779039674,1.665930261846317,3.137658947538883,14.798905795052644,0.011047619047619047,4.78515625,0.00022463320804178615,2.8090247744605654,0.010063194199891401,2.4799346923828125,2.9376983642578125,0.12315013755820137,46.63720886977509,0.0,0.68359375,2.627252872758168e-07,-9.81093770371522e-08,0.006522919151447427,-0.0565922645015593,0.09598072235156607,-0.018681936054128257,4.560885956394153,0.2852857142857143,49.90234375,1.215286940948242e-07,-0.1367988135113861,2.3978041635071574,-10.22277473898518,7.191104601092201,-0.7801639289239752,3.4734009996250768,0.0007142857142857143,0.68359375,0.0018376215178060947,33.679775,0.03306429,33.541412,33.905304,-0.04210367,0.2892778,0.0,8.88671875,1.3727791e-06
S14,1,-0.0003157410483126682,0.27628528929711504,-0.6916543379271526,1.668781293591067,3.1650593024327067,15.05676720410155,0.010928571428571428,4.78515625,0.0002200134615387045,2.8050157456170943,0.010449206830137931,2.4799346923828125,2.9697418212890625,0.6244838232605201,39.54792514818559,0.0,0.68359375,2.6566281468422575e-07,-7.95642241028729e-08,0.00609620615414929,-0.032140834362091655,0.04347796464649059,-0.21660303419972526,0.3776832787733353,0.2917619047619048,49.90234375,1.0586636943391353e-07,-0.032783959160430795,1.8337551328583157,-3.582875813881499,3.5230900944051653,0.037776744977178166,-1.2204765023855626,0.0008333333333333334,0.68359375,0.0016190797696918012,33.722847,0.033379618,33.59134,33.940308,-0.058557022,0.2829001,0.0,3.41796875,1.4125392e-06
S14,1,0.00024227246317541618,0.2765560792014848,-0.6929622745765314,1.668781293591067,3.1321434529108263,14.86410492250636,0.010880952380952382,4.78515625,0.00021583691459170354,2.798949141729446,0.010628491264905542,2.503204345703125,2.9697418212890625,0.9810373261670015,31.842562910078122,0.0,0.68359375,2.7001786200250484e-07,5.685963954479804e-07,0.0060539918134209555,-0.03044534351278949,0.028495171856026683,-0.2143061220032181,0.21217100676951262,0.30507142857142855,49.90234375,1.0373470525057218e-07,-0.008238203327821979,1.6944629648727016,-3.401917978316559,3.5230900944051653,0.00400287560506945,-1.1191701187991543,0.0008571428571428571,0.68359375,0.0014135297290966567,33.759663,0.028931374,33.65796,33.940308,-0.2691553,0.88011026,0.0,18.45703125,1.4344591e-06
S14,1,1.756472441530464e-06,0.2780675847262988,-0.6929622745765314,1.6658701010739465,3.088190864765141,14.515349601258386,0.01107142857142857,4.78515625,0.0002235345975347017,2.794199752807617,0.010072489348851937,2.4669647216796875,2.9178619384765625,0.08347694553708204,62.62057393735277,0.0,0.68359375,2.7409606107264716e-07,3.9023938312907815e-07,0.0060030261873301955,-0.03044534351278949,0.02481988790643483,-0.19683213041742653,0.11685728677460361,0.3082142857142857,49.90234375,1.0249767691271563e-07,0.01958107298978141,1.6531875225415587,-3.1785720519372185,3.4537198880033415,-0.029961945452366457,-1.133748692369646,0.0008809523809523809,0.68359375,0.0014541505548176918,33.787243,0.026748477,33.677673,33.941803,-0.19069706,1.374217,0.0,345.8984375,1.4788332e-06
S14,1,3.443608866392773e-05,0.2804497021746956,-0.6977168388101747,1.6658701010739465,3.064797775212779,14.240484217431927,0.01107142857142857,4.78515625,0.00022864720542810517,2.7916830516996836,0.00984332164322659,2.4669647216796875,2.9178619384765625,0.6302020522659485,47.94729999933613,0.0,0.68359375,2.5914270631499683e-07,-9.333850203231721e-07,0.005992900580929048,-0.03008812368900672,0.02603128434223638,-0.22153134082223777,0.21391879033997396,0.29842857142857143,49.90234375,1.021700434200605e-07,-0.03887091208763471,2.0805128325660145,-3.8179348356293414,3.973257362955626,0.04231301602557837,-1.2868481079797829,0.0008095238095238096,0.68359375,0.002012847535958594,33.80806,0.025181793,33.66858,33.95096,-0.25675282,2.085712,0.0,290.52734375,1.5176275e-06
S14,1,4.136583075878513e-05,0.2865515150741497,-0.8015121080287481,1.6677767217581878,2.967502786269961,13.440099487536596,0.011333333333333334,4.78515625,0.00024377735009385924,2.8007637659708657,0.02105138073421177,2.6706695556640625,2.98919677734375,1.5797830206586103,3.0529326574824456,0.0,0.68359375,3.043122450729077e-07,-4.386069949055899e-07,0.008460560044793553,-0.14932571732604222,0.1586243997069654,0.46007962672330155,24.020250601565333,0.30142857142857143,49.90234375,2.0980777361118543e-07,-0.011424468593187439,4.624916500646994,-16.181742247222893,19.574509365848066,0.36808518590249134,4.883927790468487,0.0007142857142857143,0.68359375,0.0052727011430690135,33.816162,0.023750119,33.66858,33.95395,-0.28294295,2.7828045,0.0,345.8984375,1.4948807e-06
S14,1,-0.0002052550951105561,0.2829311750178419,-0.8015121080287481,1.6677767217581878,3.0051489975218177,13.872114793011121,0.011142857142857144,4.78515625,0.00023629883202962168,2.8072791326613653,0.018786624304835037,2.66265869140625,2.98919677734375,1.530285433548971,4.113867066480892,0.0,0.68359375,3.1305123554126506e-07,9.232612832022556e-07,0.008663511649391636,-0.14932571732604222,0.1586243997069654,0.4322410656347178,21.74681575018997,0.30347619047619045,49.90234375,2.2011277818500501e-07,0.05706355950698071,4.671842527664441,-16.181742247222893,19.574509365848066,0.30474209605214814,4.5896179025629955,0.0006666666666666666,0.68359375,0.005267555652962009,33.78984,0.03618841,33.57016,34.05594,-0.13994668,0.036934853,0.0,225.5859375,1.480664e-06
S14,1,0.00024463446552933934,0.276291980520072,-0.6954130230117896,1.659118978892667,3.1300755023358993,14.913877696902158,0.011,4.78515625,0.00021390271334175874,2.803721273513067,0.009829582835928307,2.66265869140625,2.9632568359375,1.6512925484022734,29.65425619419151,0.0,0.68359375,2.690328282018715e-07,7.349214738579453e-07,0.006782221799587497,-0.03233633692506009,0.0362269063604546,-0.12993380884650874,0.39910279951597705,0.31376190476190474,49.90234375,1.3111837824937255e-07,-0.029272247950199514,2.223621209651467,-6.407056873485728,4.521075295060381,-0.1136361143561299,-0.7274879167648316,0.0007857142857142857,0.68359375,0.0021514837103281904,33.75374,0.026584476,33.57016,34.05594,0.035686433,2.3112712,0.0,202.34375,1.4769142e-06
S14,1,-0.0002878004848432701,0.2800187338205512,-0.7314919822531688,1.659118978892667,3.079982478647854,14.437718408383251,0.011238095238095238,4.78515625,0.0002255725926403349,2.80163094656808,0.011106791347943873,2.606964111328125,2.9632568359375,1.0111674485501752,20.79769481122785,0.0,0.68359375,2.774698618271101e-07,-8.823662209389066e-07,0.007435325664495295,-0.03701002652695276,0.047739843837078244,-0.04724164288855129,0.8428837403041229,0.30552380952380953,49.90234375,1.5982296668026714e-07,-0.051042970453043686,2.331946835587878,-7.26717270363838,5.709700125578021,-0.055463769599645225,0.04528740146709831,0.0008571428571428571,0.68359375,0.002717141583852272,33.736942,0.023770755,33.600403,33.884033,-0.2539915,2.491002,0.0,184.5703125,1.4503485e-06
S14,1,-0.0004315516714449334,0.2865847678414542,-0.7595980322704562,1.6890140680123509,2.9655018022106034,13.441576080924815,0.0115,1.3671875,0.00023875221607341966,2.8152172906058177,0.021008425927218174,2.606964111328125,2.96173095703125,0.47724041554698093,0.8640882558494201,0.0,0.68359375,2.722047927586784e-07,2.0372220038573059e-07,0.008608085190561532,-0.06628503415549335,0.07125782114343897,-0.125986031160082,3.458920336166976,0.308,49.90234375,2.1132793927015035e-07,0.09743152177560913,3.1107001616174683,-7.26717270363838,9.922568298625237,0.2520555166024246,0.28092166699986443,0.0007857142857142857,0.68359375,0.0036343851178680677,33.738125,0.025328515,33.600403,33.897736,-0.17597666,1.6860027,0.0,235.15625,1.4389946e-06
S14,1,0.00032686480363310695,0.2884279179325256,-0.7838625795684174,1.6890140680123509,2.918195796031527,13.06058312602,0.011547619047619048,1.3671875,0.0002267601185316083,2.830127543494815,0.01990827302774822,2.7057647705078125,3.0094146728515625,1.6393623426891097,3.5781279865684885,0.0,0.68359375,2.767817515097833e-07,1.8848811547043832e-07,0.011002686311878136,-0.13660756979544128,0.18492786730247157,0.8670464897034947,26.814886724573615,0.3303333333333333,35.546875,3.472163125375954e-07,0.04008505383913074,2.8481740079128124,-6.882928803956508,9.922568298625237,0.4665129207454584,0.8518349723945544,0.0006428571428571428,0.68359375,0.0026620161145098423,33.764236,0.030644104,33.633728,33.941803,-0.23707491,0.5117097,0.0,196.19140625,1.4497361e-06
S14,1,8.114645389733348e-05,0.2869829883750447,-0.7838625795684174,1.6718707532533286,2.9304874796457874,13.205868812500647,0.011738095238095238,1.3671875,0.00023754000089106552,2.8333942867460706,0.02189760135408063,2.7057647705078125,3.0094146728515625,1.3389346530733486,1.8339601158267502,0.0,0.68359375,3.0293111641118717e-07,-5.260062018149671e-07,0.011019754993670944,-0.13660756979544128,0.18492786730247157,1.0826400023527905,29.0321706160069,0.3395,45.80078125,3.5408150457503813e-07,-0.06422663122993881,2.649475163225805,-8.437581981792391,8.691665210631232,0.07205973442998584,1.163910994025576,0.0006666666666666666,0.68359375,0.00239547319152857,33.787308,0.023924584,33.65796,34.00876,-0.32775685,2.7217584,0.0,161.328125,1.4674315e-06
S14,1,0.0002673949869473906,0.28415078223969914,-0.7452343697311952,1.6640843441428883,2.9826131507508604,13.657179000098239,0.011642857142857142,1.3671875,0.0002421570070356878,2.828867331005278,0.017521653825694764,2.724456787109375,3.000640869140625,1.397837129951422,3.593047704783884,0.0,0.68359375,2.783096661394353e-07,2.2308895024621596e-07,0.0076997240982383626,-0.08723902019146443,0.1350092375403928,0.43692557111598196,15.465742973822092,0.36195238095238097,49.90234375,1.7277443310666034e-07,0.011636343924326649,2.8147736644532553,-8.437581981792391,8.691665210631232,-0.043154837071940434,0.5628263250803647,0.0008333333333333334,0.68359375,0.0029167841624255417,33.802204,0.026218003,33.65796,34.00876,-0.08885799,1.9205422,0.0,209.86328125,1.5136628e-06
S14,1,-0.0001000883148535699,0.2763622209669155,-0.71983376274235,1.6529431086003816,3.115566100828255,14.796955471749218,0.011095238095238096,4.78515625,0.0002231202589526628,2.82009402683803,0.009820738132184426,2.5569915771484375,2.977752685546875,1.233660827018317,36.722783829532794,0.0,1.3671875,2.6561648367970044e-07,4.958591759724818e-08,0.005673791945296298,-0.027358750930001133,0.02835150707817094,-0.1785621055952561,0.3872010677583626,0.37526190476190474,49.90234375,9.196816723752084e-08,-0.012553997044019221,2.1763357809443034,-5.351266109083026,5.365171793380396,-0.007732114697384954,-0.836038897981028,0.0008571428571428571,0.68359375,0.002342614164361656,33.826473,0.028516287,33.726166,33.998108,-0.2203741,1.0892205,0.0,282.32421875,1.5326449e-06
S14,1,-0.00017955524988807898,0.2769139061650663,-0.6921199136719317,1.6525724786333993,3.129025337944442,14.779515269191165,0.010928571428571428,4.78515625,0.00021619271806534997,2.8164291291009813,0.010822022956423524,2.5569915771484375,2.977752685546875,0.9005209654793354,24.981341371072844,0.0,0.68359375,2.6993991659513827e-07,-2.333659733529068e-07,0.005708418784243677,-0.02902344905140855,0.026958593547278267,-0.18251398228625804,0.3842013602080794,0.37733333333333335,49.90234375,9.204463371653251e-08,-0.043547686147977084,2.0477987820891217,-3.6422769168486235,3.545879642278528,0.05962218662228614,-1.3745412370152084,0.0008571428571428571,0.68359375,0.002296620983414365,33.85124,0.026612284,33.697357,34.01181,-0.28272864,1.3662615,0.0,300.09765625,1.5737525e-06
S14,1,-0.0001715543413688159,0.28093474598433926,-0.6895443100942815,1.6508160133536407,3.062866538644053,14.173397849596757,0.010809523809523809,1.3671875,0.0002239681836197771,2.8146165938604444,0.012109238204461182,2.623748779296875,2.9449462890625,0.8479904585655057,11.323786502496468,0.0,0.68359375,2.588154296017209e-07,-7.635082599966247e-08,0.005758812910167259,-0.03896505627302521,0.04539643499218139,-0.1763045248423204,1.026275992928678,0.3775952380952381,49.90234375,9.509202623668766e-08,-0.02841364508710662,2.1778894043234716,-5.168973011239444,5.217651235943576,-0.01019873373202873,-0.9909835550656654,0.0008809523809523809,0.68359375,0.002376270351735336,33.87147,0.026299201,33.697357,34.02704,-0.38344115,1.3356395,0.0,322.65625,1.622628e-06
S14,1,7.836400454103717e-05,0.2790519345641412,-0.7005367840265336,1.6492719953297206,3.077975068581759,14.3624494551789,0.010928571428571428,4.78515625,0.00022422790288497666,2.8224776949201313,0.013191854371497004,2.623748779296875,2.962493896484375,0.1817170330469723,8.125438950008714,0.0,0.68359375,2.6105939460862087e-07,-2.9340905032946937e-07,0.005937796098051441,-0.039823058625453475,0.047978359671627877,-0.15330936421730107,1.3068761606720711,0.36716666666666664,49.90234375,1.0102744326870982e-07,0.01666940062960442,2.472568720894059,-5.168973011239444,5.217651235943576,-0.002418975925821707,-1.0624551530910513,0.0008095238095238096,0.68359375,0.002515075718349337,33.89104,0.02685133,33.773193,34.0925,-0.35951176,1.3401833,0.0,267.96875,1.6634248e-06
S14,1,0.00034696108754977235,0.2814893205146967,-0.7506078706299932,1.6553552127533295,3.0498366593670845,14.138635811386312,0.01119047619047619,4.78515625,0.0002261730078762567,2.8305658067975727,0.012076186066249333,2.6447296142578125,3.008270263671875,1.2237665072935,15.773798398754092,0.0,0.68359375,2.777989533880365e-07,-1.7148501506003211e-07,0.006536509762391563,-0.0511157643345986,0.07394954293317424,-0.030852331521707868,2.404755887941521,0.3510238095238095,49.90234375,1.2288050365345587e-07,0.011027369421437989,3.6620830911105258,-11.221156263860532,12.607623528808968,0.08968483126972902,1.3761120174145036,0.0006904761904761905,0.68359375,0.003790005365917915,33.911053,0.026759189,33.79596,34.0925,-0.41888255,1.589087,0.0,231.73828125,1.6625689e-06
S14,1,-5.7426417124772184e-05,0.2791202459569531,-0.7506078706299932,1.6553552127533295,3.06307285474756,14.411997682150663,0.011,4.78515625,0.00022633371399264143,2.842711911882673,0.01581964397065745,2.6447296142578125,3.008270263671875,0.2693181674277903,5.391858941014849,0.0,0.68359375,2.806909463934542e-07,7.922293258709495e-07,0.006587075188429339,-0.0511157643345986,0.07394954293317424,-0.0205296133181383,2.0975581065578037,0.34959523809523807,49.90234375,1.2550050998310598e-07,-0.024492761261644052,3.594980042506293,-11.221156263860532,12.607623528808968,0.10311716501401373,1.6613485855848653,0.0007142857142857143,0.68359375,0.0037636447865206876,33.927994,0.025343103,33.83087,34.091003,-0.4439912,1.7864685,0.0,265.234375,1.6335949e-06
S14,1,-8.249509325913173e-06,0.28913673503354603,-0.920601204201307,1.672260610502986,2.8227196417284435,12.790679640865752,0.012,4.78515625,0.0002429833533666799,2.864580962771461,0.030408869123505815,2.69927978515625,3.0231475830078125,1.3467714891346,0.837944213249564,0.0,0.68359375,2.939241923066839e-07,-5.288859081482679e-07,0.012664371600904592,-0.14659832599407452,0.20661168734280733,0.691451591230078,27.66376952359512,0.33385714285714285,39.6484375,4.5739231701413654e-07,0.25547795771425,4.285543118728226,-14.588979754843148,16.47416680154675,0.32842804699954636,3.0219065850238573,0.0007380952380952381,0.68359375,0.004963538756364501,33.93878,0.024887484,33.80658,34.119934,-0.50242496,1.9122696,0.0,242.67578125,1.6008299e-06
S14,2,-0.00045435374623786946,0.39933923315322656,-1.1426788795737348,1.684859205289028,0.48046215191963104,3.871470374188501,0.019833333333333335,2.734375,0.0004554469371302214,3.0419427780877974,0.019166643474866695,2.9102325439453125,3.24554443359375,1.2493319422600726,3.2788735131223765,0.0,0.68359375,2.7659656263556085e-07,3.6313839558851527e-07,0.0191744899307301,-0.14323483337310142,0.17887030272453358,0.18496270379923763,5.5206536197619425,0.2631904761904762,41.015625,1.04409167794248e-06,0.14690225838468243,6.390716209359756,-16.0721094735393,18.173151918614018,-0.017593775752435654,0.21088950340663537,0.0005952380952380953,0.68359375,0.01053655733676343,34.003716,0.032868262,33.847595,34.19165,-0.047827616,0.57869697,0.0,328.80859375,1.601932e-06
S14,2,-1.2039991535297662e-05,0.4005679730611762,-1.1426788795737348,1.6966248650957214,0.6643333066818866,4.247107666570054,0.01930952380952381,15.72265625,0.0004594157303023186,3.021485710144043,0.018260731668195345,2.8705596923828125,3.1703948974609375,-0.0941640686889136,2.1704498440387407,0.0,0.68359375,2.675669339641004e-07,1.3773719697911535e-07,0.015701895286776756,-0.13418454535364002,0.17887030272453358,0.3349203867266238,5.941743459007762,0.2739761904761905,35.546875,7.037158357054474e-07,0.006534514339912221,5.247585732637316,-15.534286913327888,14.893173461333301,0.1680425589310682,0.40549673087577043,0.0005714285714285715,0.68359375,0.0055773350653610205,33.977684,0.025435554,33.83847,34.12909,-0.45116633,1.7601132,0.0,237.890625,1.5945338e-06
S14,2,0.0007615217523629517,0.392313375284217,-1.1418952063057446,1.7129071612914868,0.9434860019730441,4.8768035897163795,0.02033333333333333,15.0390625,0.0004393927011878576,2.999106625148228,0.017755331409450004,2.8705596923828125,3.1585693359375,0.6764290337431011,2.395102049977492,0.0,0.68359375,2.549176674170728e-07,-1.3625083105892973e-06,0.014106355424326601,-0.15971156502302739,0.15630554005184133,0.26058927120113323,8.05530742920926,0.2867857142857143,32.8125,5.658856391436614e-07,-0.07180518078855531,4.829376306305665,-8.325202160932868,13.035259968436023,0.5263884665316392,-0.4869045325930963,0.0005714285714285715,0.68359375,0.005915929145178003,33.974674,0.024318447,33.83847,34.135193,-0.47693813,2.4244094,0.0,237.890625,1.6198571e-06
S14,2,0.00020276152497125424,0.3874626251505065,-1.1697767133722208,1.7129071612914868,0.8823376721499889,4.703974837193941,0.02188095238095238,17.7734375,0.0004279094167938013,2.986169569832938,0.011341165426054588,2.7858734130859375,3.11431884765625,0.45937971845709896,19.125586988423226,0.0,0.68359375,2.591250280922387e-07,1.3666277462721443e-06,0.01761051809666632,-0.17853771632274718,0.2125145398229527,0.2909659347323796,10.484218264745763,0.2785952380952381,36.23046875,8.6849284378028e-07,0.0497644344804975,5.35443736649446,-10.978667306696407,16.03869242231004,0.5482844694971166,-0.1318218000006195,0.000619047619047619,0.68359375,0.007469742327564547,33.981686,0.024612775,33.861267,34.13675,-0.46087876,2.2734675,0.0,101.85546875,1.6301195e-06
S14,2,-0.000484396632832393,0.39240331116291943,-1.1697767133722208,1.6700954074718388,0.6655312460144306,4.152315250604338,0.021976190476190476,16.40625,0.00044252018662153193,2.9810766038440524,0.011605755820286511,2.7667999267578125,3.125,0.05775528031908239,23.74524415936221,0.0,0.68359375,2.69546302774909e-07,2.1437840632030694e-07,0.021407964903787508,-0.17853771632274718,0.2125145398229527,0.2987506612901203,5.83359288652559,0.25016666666666665,47.8515625,1.3181888357835417e-06,-0.02577849173918568,5.027962527503865,-10.978667306696407,16.03869242231004,0.42091751265417743,-0.09520037012320293,0.0005714285714285715,0.68359375,0.0057666983417949316,34.001606,0.030046416,33.861267,34.203827,-0.27885076,0.82375073,0.0,24.609375,1.5972956e-06
S14,2,-0.00010816616169600573,0.39267111579166397,-1.1588412143690552,1.6880179944034452,0.6883728054250421,4.243281471970858,0.02095238095238095,15.72265625,0.0004410449315701157,2.964122908455985,0.018094347994199095,2.7667999267578125,3.125,0.13986570607300802,2.084035915598623,0.0,0.68359375,2.613716027221355e-07,-1.808476721936243e-06,0.020804925102296746,-0.17694803454191865,0.20030330692988324,0.3376202180007783,5.375433784341212,0.24145238095238095,38.28125,1.2404399331798104e-06,0.04519096897395292,4.957048381244367,-9.987717229704005,11.40797635701566,0.3356319701998219,-0.9912965024348033,0.0005238095238095238,0.68359375,0.005433505001766552,34.02976,0.027451685,33.900757,34.203827,-0.36519346,1.274529,0.0,47.8515625,1.6233032e-06
S14,2,0.00016917758366329156,0.38586208593401633,-1.1797703154286279,1.6880179944034452,0.6465635253436764,4.204020429723544,0.021142857142857144,2.05078125,0.0004246907178666522,2.9548978533063615,0.01321544871215128,2.835845947265625,3.131103515625,0.9636866646369527,9.820287211813223,0.0,0.68359375,2.6200008350348033e-07,8.63107972768468e-07,0.016370029874750232,-0.17694803454191865,0.20030330692988324,0.4247283126455407,9.459135323472976,0.26995238095238094,37.59765625,7.733131581291313e-07,0.061586872253078136,5.058884716168982,-10.71911959971271,14.217585346485002,0.5359699872271887,-0.45267849912842983,0.0005238095238095238,0.68359375,0.005912470329541636,34.057552,0.03086026,33.926636,34.267975,-0.26464352,0.7785797,0.0,205.078125,1.686841e-06
S14,2,-0.00010139642883100039,0.38357924224210954,-1.184844942904224,1.6660425754856414,0.6641275788731972,4.2381945952526525,0.02192857142857143,18.45703125,0.0004186810365337578,2.9553984142485117,0.0133112228759585,2.61077880859375,3.131103515625,0.47927823937321123,24.290868139788177,0.0,0.68359375,2.7701823870224727e-07,2.451848560074811e-07,0.011855168542039144,-0.10944500028959406,0.17142664782457046,0.33389302914722985,8.706060486162652,0.30723809523809525,36.9140625,3.97537569032102e-07,-0.01923292450969408,4.962142717464465,-10.71911959971271,14.217585346485002,0.6059068194738717,-0.12406249567248517,0.0005476190476190477,0.68359375,0.0063381079930514,34.084873,0.028021488,33.95395,34.267975,-0.43369523,1.3305874,0.0,206.4453125,1.7738494e-06
S14,2,-3.260836831903576e-05,0.38324001412558195,-1.184844942904224,1.6782920581288334,0.926790454293707,4.830295014632655,0.021357142857142856,6.15234375,0.00041913828522022564,2.960498210362026,0.014771303098643001,2.61077880859375,3.1223297119140625,0.006744541807103801,15.62116851352976,0.0,0.68359375,2.7153003368494616e-07,-1.454356011606235e-06,0.015266824732526382,-0.11220305151702256,0.16265181926897485,0.3328926451873241,6.502991536534385,0.29904761904761906,36.9140625,6.641550649597301e-07,0.08535040096857324,6.006033652372568,-12.207637147326562,13.860585328926808,0.34701992421998057,-0.7181094473116425,0.0005238095238095238,0.68359375,0.007814385223775632,34.10061,0.025558928,33.976807,34.24814,-0.62257934,1.9902968,0.0,333.59375,1.7661383e-06
S14,2,0.00011499260425250795,0.39902601218517303,-1.4205260639653023,1.698898619286869,1.0318173944577569,4.790391222019945,0.019071428571428573,2.05078125,0.00045373402150097403,2.9700885409400577,0.011163472883419491,2.77099609375,3.1398773193359375,1.0487464805435034,23.224667319215826,0.0,0.68359375,2.636732339899574e-07,-1.478147175599511e-07,0.018482162079438116,-0.15965995899695984,0.16265181926897485,0.25157568118054,4.6559677434529325,0.27364285714285713,41.015625,9.83882676889295e-07,-0.2565302702657308,6.31341665762352,-15.667624952711074,15.035030601109655,0.23760037679387544,-0.32253899750965864,0.0005476190476190477,0.68359375,0.007145897207851895,34.10934,0.024854163,33.976807,34.263397,-0.6653591,2.150159,0.0,349.31640625,1.6814507e-06
S14,2,-2.5080343046403804e-05,0.3959942544946538,-1.4205260639653023,1.698898619286869,1.2367631102656549,5.2898156107549905,0.018,6.15234375,0.00044624123634658293,2.9708143960861935,0.020781123010119026,2.77099609375,3.1398773193359375,1.6190955290641815,7.149899668969416,0.0,0.68359375,3.7521714019596414e-07,1.670878801998648e-06,0.015316016179826218,-0.18175348828618623,0.14513281108193032,0.034327271919211894,7.8695794642649055,0.29392857142857143,41.69921875,6.502957889372859e-07,-0.04981908905730324,4.602564136021927,-15.667624952711074,15.035030601109655,0.06475553512920161,1.8565714394791248,0.0006904761904761905,0.68359375,0.004545669235718643,34.12552,0.028872928,33.99048,34.316895,-0.33353022,1.1081276,0.0,334.27734375,1.7696506e-06
S14,2,-0.00011014334400499182,0.3933168315738844,-1.304026427498203,1.698549304400981,1.116211239108643,4.960037601433906,0.019404761904761904,16.40625,0.00044155338312396145,2.9816379456293016,0.030387665816136045,2.8350830078125,3.1543731689453125,1.5071672176141429,3.7249450456962068,0.0,0.68359375,4.3471694512356924e-07,2.518277441414563e-07,0.013158444138088038,-0.18175348828618623,0.12623606646879948,-0.1894161725167776,10.998465728929952,0.3052142857142857,47.8515625,4.94931161737378e-07,0.10114614745149254,5.636618694893569,-18.72161636907495,25.00108584862084,0.708574217028754,5.807142980312383,0.0006904761904761905,0.68359375,0.006509195073648142,34.149605,0.028728677,34.039185,34.332153,-0.5242847,1.1068802,0.0,321.97265625,1.8325227e-06
S14,2,1.3486806252556604e-05,0.4062756653977731,-1.304026427498203,1.6665287229356234,0.7374365649232426,3.897525324509374,0.020166666666666666,16.40625,0.00046922603516729843,2.976409085591634,0.02886652882799296,2.78472900390625,3.1543731689453125,1.7644402927645222,5.348761417056663,0.0,0.68359375,3.31100299590225e-07,3.407740213188923e-07,0.011589017118775902,-0.1306174071007065,0.12623606646879948,-0.047915052170837226,11.690281228343185,0.3140952380952381,47.8515625,3.758761221145207e-07,-0.0905958261708657,6.6246246107830755,-18.72161636907495,25.00108584862084,0.4536041792869016,2.4687219601511217,0.0005714285714285715,0.68359375,0.009407679219447495,34.171097,0.028328206,34.039185,34.332153,-0.4258738,1.0576711,0.0,321.97265625,1.8496124e-06
S14,2,-0.0002043843995843992,0.394626933049031,-1.1987884140505447,1.680387448499744,0.7571442350532005,4.210658851525192,0.01876190476190476,2.05078125,0.00044244424635183656,2.959115827651251,0.01578883412035416,2.78472900390625,3.12652587890625,0.7327451718356037,5.750432022330898,0.0,0.68359375,2.693239170363558e-07,-2.0738092789114345e-07,0.007535012263158849,-0.07048527476987035,0.06926301616115985,0.0014720300247527012,2.9578419341199025,0.32295238095238094,40.33203125,1.621573414786381e-07,0.010211910358845161,5.150582555842879,-16.05694993568853,13.046800250834469,0.24467197865873017,0.2681721477937131,0.0005,0.68359375,0.006104466455277195,34.194813,0.029876182,34.091003,34.338287,-0.55418164,0.71245694,0.0,317.1875,1.8621729e-06
S14,2,9.251299811462074e-05,0.3881920840472505,-1.1987884140505447,1.680387448499744,0.9968445498134139,4.899937825141213,0.017833333333333333,6.15234375,0.0004292999865521421,2.9444429760887507,0.018098532453600262,2.785491943359375,3.1124114990234375,0.6621401639599784,2.7698659100594742,0.0,0.68359375,2.6080342196392675e-07,-8.238404723395317e-07,0.006419173744477195,-0.07048527476987035,0.06268052740285024,-0.1621464761152112,1.5819412076204413,0.33071428571428574,99.8046875,1.1777244992003765e-07,0.014357875314835686,3.473710907166944,-7.424997666236061,12.200410570144703,0.8284099749325399,1.1413539928446461,0.0005238095238095238,0.68359375,0.0023701273691810313,34.2132,0.02632846,34.12146,34.39331,-0.6524972,1.5144615,0.0,346.58203125,1.8525049e-06
S14,2,-6.032840495199362e-05,0.38856237902343027,-1.137505892520242,1.6888859221821921,1.1697968154484872,5.255714707313732,0.017833333333333333,6.15234375,0.00043017973296765336,2.92896059127081,0.010631047417732783,2.785491943359375,3.1017303466796875,1.3414303973116752,22.974898110497588,0.0,0.68359375,2.626714816454582e-07,1.3821197624371362e-08,0.006014514277682174,-0.030310694651755968,0.024415905499393705,-0.19263390858717225,0.20885187022750662,0.36397619047619045,99.8046875,1.0330499130620574e-07,0.035369152832509396,2.5340430830775604,-5.364652732960175,5.576917902279018,-0.06184380409273189,-0.6359719480533017,0.0005,0.68359375,0.0016603283337379736,34.232956,0.03122496,34.12146,34.396393,-0.3361536,0.6160557,0.0,347.265625,1.926599e-06
S14,2,-2.56465023381328e-05,0.3837118628276778,-1.0870201341815813,1.6888859221821921,1.2254000195961334,5.407314412302576,0.017666666666666667,6.15234375,0.0004185852172328034,2.9317053022838775,0.017041991652934293,2.782440185546875,3.1345367431640625,1.126998992781411,3.873801527013822,0.0,0.68359375,2.6182523324653654e-07,-8.030975433734792e-09,0.006529536329787891,-0.10899782011339994,0.1402097549511148,0.17351742083769697,21.399395067014662,0.381047619047619,28.7109375,1.1957337224158534e-07,0.00475266107884744,5.597868077517891,-16.119510879827033,23.72471084047904,0.8094785076946271,4.081914012661722,0.0004761904761904762,0.68359375,0.0055784873906614555,34.261204,0.03096114,34.127594,34.46222,-0.47321466,0.7209084,0.0,338.37890625,2.0542348e-06
S14,2,0.00031283608490087863,0.3769640021800624,-1.0482574697746414,1.6849757230661564,1.3450872831025784,5.812899135011911,0.017380952380952382,6.15234375,0.0004072011114883128,2.940049743652344,0.016748285119765078,2.782440185546875,3.1352996826171875,0.3745535235822485,3.293641910579849,0.0,0.68359375,2.456103649375144e-07,1.974016863329007e-07,0.006473987470521033,-0.10899782011339994,0.1402097549511148,0.16881399689873522,22.220711906241288,0.3818095238095238,28.7109375,1.1699563937081408e-07,-0.0059195424077133655,5.4709170143547015,-16.119510879827033,23.72471084047904,0.8513393404721749,4.737629581301275,0.0005952380952380953,0.68359375,0.005342321310424619,34.2864,0.030400736,34.14435,34.46222,-0.54691625,0.82664466,0.0,325.390625,2.0869195e-06
S14,2,-2.2739614291217618e-05,0.37095970529539324,-1.0075326742934492,1.6849757230661564,1.5514516788542276,6.412464775437025,0.016714285714285713,6.15234375,0.0003921529959858479,2.937992359343029,0.011515825566645162,2.732086181640625,3.1352996826171875,1.0247119720923181,14.628241252770703,0.0,0.68359375,2.3479699243131466e-07,3.9976971557127556e-07,0.005714956151411127,-0.029030278144610577,0.025455938109088645,-0.23743401753511562,0.36905153675797076,0.38007142857142856,99.8046875,9.291852169459684e-08,0.1541264116528148,2.6751483691956586,-6.251638893906786,7.737432348367526,0.010413445790140953,-0.16410629336041627,0.0006666666666666666,0.68359375,0.0019507825352754542,34.312004,0.030783469,34.177887,34.50818,-0.56516427,0.8009398,0.0,341.11328125,2.0323694e-06
S14,2,-0.00020293547133749915,0.3631852793403893,-1.021528325272631,1.6876414212121784,1.6884361800176455,6.911116412263192,0.016261904761904762,5.46875,0.00037514531240006693,2.933577873593285,0.011550595606705304,2.732086181640625,3.0788421630859375,1.758796001255403,21.48584313172388,0.0,0.68359375,3.053439459012908e-07,-2.4421504724578713e-07,0.005980527563421814,-0.06567599974727403,0.06034371827088965,-0.22384365034259507,3.0080683559159596,0.3791904761904762,99.8046875,9.721173588391868e-08,-0.07638178164896461,3.7411906292147146,-12.807711555666254,10.607150817463276,-0.1833841089967715,1.2009808843177625,0.0006428571428571428,0.68359375,0.003018402762650042,34.334503,0.0285441,34.213013,34.51126,-0.67484075,1.1380067,0.0,268.65234375,2.009004e-06
S14,2,-0.00024204537640455076,0.3597799669229792,-1.021528325272631,1.6876414212121784,1.7860926984143353,7.16700129475317,0.016,5.46875,0.00036999031565173977,2.9439986637660436,0.017348769519637687,2.742767333984375,3.092193603515625,1.108384366136032,5.003973544482472,0.0,0.68359375,3.237580067343326e-07,-5.429991250032216e-07,0.006170363096226036,-0.06567599974727403,0.06994027424349726,-0.23116497779814094,5.023848571204443,0.3781904761904762,99.8046875,1.0981900387972885e-07,-0.10812724908211238,3.7159878953342305,-12.807711555666254,10.607150817463276,-0.23170234331663817,1.7144982027604083,0.0005714285714285715,0.68359375,0.0026889502486958467,34.34393,0.026796136,34.185547,34.521973,-0.8009693,1.5283861,0.0,268.65234375,2.011646e-06
S14,2,8.218911845546974e-05,0.3644429500609572,-1.0094710625802175,1.6816286340928175,1.7647188662604016,6.934878487603944,0.015976190476190477,5.46875,0.00037842121707884306,2.9553028288341703,0.013118877370052953,2.742767333984375,3.1055450439453125,1.4241104876207082,12.674063978585986,0.0,0.68359375,2.56115106746706e-07,7.438174808201247e-07,0.00588446460205879,-0.05954426157517026,0.06994027424349726,-0.2603069028312658,3.0898187581716456,0.36573809523809525,99.8046875,9.722005723083877e-08,0.11749212435597649,2.726545890100949,-11.664054753590989,8.555894955027378,0.07026293300719773,0.957095222235516,0.0005476190476190477,0.68359375,0.0018874319115184204,34.33987,0.027560158,34.185547,34.53427,-0.7251067,1.5124116,0.0,252.24609375,2.0564735e-06
S14,3,2.9299341395196945e-05,0.2940923986006666,-0.9471232810726636,1.679173052751321,2.5168104915869662,12.403694183853649,0.011928571428571429,14.35546875,0.00024236100296974163,2.916984394618443,0.015220693898466867,2.82440185546875,3.0277252197265625,0.553689992128274,0.7304014080705845,0.0,0.68359375,2.0150973902080468e-07,5.505281389723388e-07,0.007984802833184894,-0.03927680539459328,0.05665151362346202,-0.05164449146832033,0.5904447823112702,0.2972142857142857,49.90234375,1.8048884083695069e-07,-0.023025328353286908,3.666479187903971,-9.662377629152243,9.892548980065865,0.11762180772748752,-0.08490435704545529,0.0007857142857142857,0.68359375,0.005994107192336886,34.193424,0.03843674,34.072723,34.36734,-0.09747546,-0.074480295,0.0,66.30859375,1.8970907e-06
S14,3,-0.00038119661750973637,0.2959963215929054,-0.9707511534486057,1.679173052751321,2.470018097380482,12.119822974314955,0.012333333333333333,14.35546875,0.0002572765607532296,2.9356120064145044,0.015511783501791696,2.68707275390625,3.0651092529296875,0.3999362136946354,2.9359946838586417,0.0,0.68359375,2.039657136939614e-07,-6.524460745670466e-08,0.007302124955682436,-0.037212439180861506,0.04577175353182798,-0.11826553513626445,0.30690419067343333,0.30623809523809525,49.90234375,1.5146383972464607e-07,0.044055742720016965,3.0416426310171882,-9.1717818394124,9.892548980065865,0.2265275858799413,0.7293958476032931,0.0008095238095238096,0.68359375,0.004264635952423758,34.23391,0.03281981,34.112335,34.384155,-0.53453606,0.61729836,0.0,1.3671875,1.9415747e-06
S14,3,-0.00014213086410753495,0.2969886874208904,-1.1259813763838615,1.716515894149271,2.3924699507110176,11.751628557794033,0.013095238095238096,14.35546875,0.00025554141588388367,2.961204047430129,0.022676793397619695,2.68707275390625,3.0773162841796875,0.1986405595859197,0.05861493468859136,0.0,0.68359375,2.1655693224044646e-07,-8.695234809302375e-07,0.007749587521726742,-0.05096199402385301,0.041242129219529064,-0.08384314131477938,0.3990101271040678,0.30264285714285716,49.90234375,1.714532412176128e-07,0.27200472456609087,5.005414037769798,-13.098375714360145,18.24598396055214,0.7785152540208984,2.1871999425172914,0.000619047619047619,0.68359375,0.005079260271321361,34.245674,0.027181394,34.155,34.384155,-0.62825423,1.5036497,0.0,1.3671875,1.964338e-06
S14,3,-0.00011618824969668349,0.2914599130744284,-1.1259813763838615,1.716515894149271,2.434909250456874,12.278392608098567,0.012595238095238095,13.671875,0.0002478590435280309,2.983601833525158,0.013155176823535631,2.8270721435546875,3.0979156494140625,0.17492104966751046,3.609673170066487,0.0,0.68359375,2.1659918192323694e-07,-1.8263650248591505e-07,0.008156727276754335,-0.05096199402385301,0.041242129219529064,-0.06411028543417287,0.2568653566204908,0.30145238095238097,49.90234375,1.8999934771547128e-07,0.023389545139469614,5.638961050234226,-13.667896630382055,18.24598396055214,0.3788220431476909,1.1008287869197817,0.0005238095238095238,0.68359375,0.0060295467931146055,34.23976,0.026958585,34.119934,34.381134,-0.67867076,1.3988252,0.0,239.94140625,1.9611393e-06
S14,3,2.8447722454055578e-05,0.29078564014764235,-0.93456210946298,1.7147228612406324,2.521555851712207,12.589093899750688,0.012047619047619048,14.35546875,0.0002408282422360449,2.9933299110049294,0.011763188644897424,2.901458740234375,3.1036376953125,0.7415702131847626,3.813602733248011,0.0,0.68359375,1.9910093304280375e-07,1.7168279415545335e-07,0.008375127324298308,-0.051388063318217776,0.05453663707485177,-0.07708840433316332,0.45936429516857835,0.29104761904761905,34.1796875,2.006919875186903e-07,-0.26123572396517286,3.506909177713833,-13.667896630382055,8.70878591623185,-0.7971916433190172,2.6507501178466137,0.0007380952380952381,0.68359375,0.0031772722559684193,34.227913,0.029467227,34.115387,34.371918,-0.5970346,0.8813083,0.0,239.94140625,1.927881e-06
S14,3,-7.98537459506219e-05,0.29102692398785807,-0.93456210946298,1.7147228612406324,2.5879252329269073,12.733940805821117,0.01211904761904762,13.671875,0.00024420920415975747,3.00503724416097,0.012550395427567767,2.9083251953125,3.1036376953125,0.02222509694019592,1.8014885054127587,0.0,0.68359375,1.8958250809964792e-07,6.99761831354522e-07,0.00798976221074982,-0.051388063318217776,0.05453663707485177,-0.10075957572151725,0.5979460151328233,0.28354761904761905,36.9140625,1.834034837223713e-07,-0.015441165088223274,2.6502456904838483,-6.094738271431491,6.641598202846377,0.009618820698062162,-0.5064364305700999,0.0009047619047619047,0.68359375,0.003553359659679779,34.1967,0.03504461,34.091003,34.361206,-0.17770287,0.18861198,0.0,259.765625,1.8845212e-06
S14,3,0.0002236946344490049,0.2892675383979119,-0.9235368461811911,1.7019363136597612,2.6121353582198843,13.034033592513413,0.012238095238095239,13.671875,0.0002203142011415587,3.0144856498354957,0.009270781200748616,2.8392791748046875,3.10211181640625,0.7232622092364919,9.422628299831356,0.0,0.68359375,1.928421047079767e-07,4.606753666922008e-07,0.007424504743532621,-0.03553891947172408,0.034416747901752046,-0.1367511112676414,0.12957010615113296,0.2917142857142857,33.49609375,1.5590770540340517e-07,0.053653256522692185,2.4818045403189353,-6.094738271431491,6.641598202846377,-0.06882682857921782,-0.3392326365704399,0.0009047619047619047,0.68359375,0.003420275682177621,34.166115,0.02791646,34.075775,34.319916,-0.43180734,1.388504,0.0,259.765625,1.8716295e-06
S14,3,8.670575826279666e-05,0.29305448991016536,-0.9768154029168268,1.7245764135460078,2.526071240619215,12.6256565732013,0.012428571428571428,13.671875,0.0002404755798843641,3.0211424509684246,0.009949089433612432,2.7950286865234375,3.1314849853515625,0.42350540517005697,14.325051606028172,0.0,0.68359375,1.9662184766956387e-07,-1.736963648828885e-07,0.007508984624000373,-0.03533702385405656,0.034416747901752046,-0.11735726435543505,0.1629303873902015,0.29783333333333334,36.23046875,1.6009453224836946e-07,0.023574452784785933,1.9554985468637558,-4.4797937100217196,4.71017403886555,0.010151292772098506,-0.6846401489038749,0.0009523809523809524,0.68359375,0.002260001662467423,34.150055,0.02650869,34.028534,34.296997,-0.57866985,1.6920815,0.0,264.55078125,1.8431323e-06
S14,3,-0.0001695840604889916,0.29450322665188805,-0.9768154029168268,1.7245764135460078,2.462621674595843,12.3736946950766,0.012380952380952381,14.35546875,0.00026339782444704006,3.0291774477277484,0.010404855043418135,2.7950286865234375,3.1314849853515625,0.33985854209102373,14.701284475764744,0.0,0.68359375,2.0392208559251507e-07,4.595060279377641e-08,0.007472149791807754,-0.0358962241212978,0.03227146171361894,-0.10765707531581171,0.1338272264321505,0.29573809523809524,36.23046875,1.6021954416338556e-07,-0.03211005628906017,1.9308410440193224,-5.229347552263531,4.484673303450844,0.016330647843587197,-0.29225388252377105,0.001,0.68359375,0.0020446366276087222,34.138187,0.025904894,34.028534,34.278687,-0.64546424,1.5623417,0.0,162.6953125,1.8169997e-06
S14,3,-2.5902063157962686e-05,0.29406899014855264,-0.9561498298153309,1.723753565365215,2.4364625094954797,12.275094903788121,0.012523809523809524,14.35546875,0.0002243023545146512,3.034510240100679,0.009749335793880532,2.8228759765625,3.15093994140625,0.6487660771011579,12.412790882045329,0.0,0.68359375,2.0209036705864556e-07,-3.688479022492581e-07,0.00737990214026167,-0.0358962241212978,0.03227146171361894,-0.1025551148989034,0.12293789201735006,0.29442857142857143,36.23046875,1.5373897825514032e-07,-0.015948330976118807,2.195876389899657,-5.229347552263531,4.880526433117157,0.005068727513547884,-0.575670078085424,0.0009761904761904762,0.68359375,0.0026352883641253847,34.131992,0.025425177,34.010284,34.267975,-0.632368,1.8341503,0.0,241.9921875,1.8299169e-06
S14,3,4.087318362144592e-05,0.29263882672777514,-0.9561498298153309,1.7220691183289625,2.4776399760785957,12.322401759879366,0.012619047619047618,13.671875,0.00022715519838828444,3.043131719316755,0.013488762921447926,2.8656005859375,3.1551361083984375,0.7917291945942266,4.077387720532249,0.0,0.68359375,2.031736956037024e-07,4.03295159914417e-07,0.007855913500766584,-0.041163949417677245,0.05109175334628098,-0.08356843973982978,0.5840736622091667,0.2982619047619048,34.86328125,1.7303555002057787e-07,0.17958856905054885,5.103482634421949,-16.684414194334607,17.74013557865392,0.32457374521315724,3.5277894536132486,0.0008809523809523809,0.68359375,0.005689838929155122,34.131298,0.025423741,34.010284,34.267975,-0.63297904,1.8681836,0.0,278.22265625,1.8313664e-06
S14,3,0.00041704500345362096,0.2918406712876891,-0.9486018491289423,1.7220691183289625,2.4923436353414465,12.499695177912118,0.012523809523809524,13.671875,0.00023558309601835593,3.0592796144031342,0.014189202083388969,2.8656005859375,3.179168701171875,-0.030707523495851013,2.9418593153414774,0.0,0.68359375,2.052375230205345e-07,3.93682841366758e-07,0.008412066961630353,-0.05642213839806798,0.05109175334628098,-0.05188548245699779,1.0495415203293081,0.2952142857142857,32.12890625,2.0092931688237957e-07,-0.03803858127889886,5.534553790757722,-16.684414194334607,17.74013557865392,0.12677083541032808,2.369745715780687,0.0006904761904761905,0.68359375,0.005092920823689988,34.135406,0.025795905,34.04834,34.27411,-0.64664555,1.6013179,0.0,278.90625,1.8216102e-06
S14,3,0.00018693522484810481,0.2974245919418101,-1.1143751848072645,1.7218198441036534,2.369663208528716,11.871079535394731,0.012904761904761905,13.671875,0.00023712470714124916,3.065694118681408,0.009508542778851376,2.8331756591796875,3.179168701171875,0.5491629407065399,18.89707902432425,0.0,0.68359375,2.060068715592713e-07,-2.787090618470626e-07,0.010809785116794925,-0.13103119932516752,0.11048340600482955,-0.07049618576655627,7.67803952941113,0.2851190476190476,34.1796875,3.2975988493811785e-07,-0.12928101155426322,4.756555707368799,-14.232484154155639,17.697203780473316,0.13236018887883905,2.68789320764935,0.000619047619047619,0.68359375,0.0038718249072925144,34.13561,0.02721095,34.03311,34.27411,-0.58269626,1.3856735,0.0,278.90625,1.8501572e-06
S15,1,0.000213716300399307,0.28702238064765945,-0.41975071100173716,1.60740803772551,3.622110748792365,15.52508833726511,0.01507142857142857,2.734375,0.00022938736681483199,1.4300577617826915,0.016589717158621977,1.27410888671875,1.5552520751953125,0.26706285522478806,0.9640568501874829,0.0,0.68359375,2.8387428237156787e-07,3.1275603144343435e-07,0.01828326537799501,-0.12162993703201899,0.12292731744934779,-0.0005942384707432849,2.1178261044364337,0.2756190476190476,61.5234375,9.579358507456672e-07,0.03504976082892002,3.328483782311846,-9.158252093985247,8.133475618433309,-0.0680327756343053,-0.5084759789261883,0.0007619047619047619,0.68359375,0.00404187034281225,33.54004,0.023650229,33.412933,33.694336,0.02989036,2.346537,0.0,15.0390625,1.1560572e-06
S15,1,1.0096247073071557e-05,0.29171647640787957,-0.5151021893742249,1.628284048476959,3.523103742487868,14.731274998268788,0.01419047619047619,2.734375,0.00024126331384526827,1.4507405598958334,0.0146964898923368,1.3698577880859375,1.570892333984375,0.467609142863003,1.9940914330730015,0.0,1.3671875,2.799771277574257e-07,-1.381318574048962e-06,0.017395193995726418,-0.1897519909983295,0.19435368373617753,0.12163322374008471,4.299641249859044,0.2862142857142857,64.2578125,8.690162638303708e-07,-0.02732406918120246,3.9879436456098847,-13.677510186046243,13.507189746056664,-0.13204293963579303,2.0120480052349734,0.0006904761904761905,0.68359375,0.0040575093577669245,33.563015,0.027357694,33.412933,33.73526,-0.1850113,1.0476971,0.0,46.484375,1.1660118e-06
S15,1,-0.0002762374906635989,0.28888254621381004,-0.5151021893742249,1.628284048476959,3.6226924969697163,15.397126712294678,0.015928571428571427,2.734375,0.0002117932356936192,1.4694630486624582,0.014892628939393507,1.3805389404296875,1.59759521484375,0.46176771277637774,1.800176114807047,0.0,194.140625,2.822967949815713e-07,-1.6745838890530663e-06,0.01784905779828807,-0.1897519909983295,0.19435368373617753,0.1460004343790588,3.668755060366278,0.2811190476190476,75.1953125,9.024025664356153e-07,-0.02971322207083495,3.690438075770943,-13.677510186046243,13.507189746056664,-0.13238934796731752,3.0209956235937687,0.0007142857142857143,0.68359375,0.0038522994877554814,33.591633,0.025978137,33.45224,33.802002,-0.029938027,1.3894806,0.0,10.9375,1.1702786e-06
S15,1,7.877932157352592e-05,0.28759343620033023,-0.5191567564916584,1.627178812387303,3.708097678440876,16.01825475593179,0.016,6.8359375,0.00022930955890470604,1.486835661388579,0.013862679568592684,1.314544677734375,1.604461669921875,0.5680589432852271,3.990065343683688,0.0,0.68359375,2.8375800149769226e-07,1.6573110971796855e-06,0.015831071410640406,-0.1249740353724984,0.1218179464438334,0.1272943298099673,1.271876738482833,0.2864761904761905,55.37109375,7.133682662723501e-07,0.06203696944376984,4.430456540807288,-12.638055573259466,15.241947000548034,0.14050116429224296,1.65385419265482,0.0006666666666666666,0.68359375,0.004541165119503416,33.617027,0.02568301,33.520264,33.818756,-0.112639025,1.4899998,0.0,2.05078125,1.1920788e-06
S15,1,-5.218685798125847e-05,0.29423751551076005,-0.5191567564916584,1.627178812387303,3.6051806468823977,15.193030726638032,0.0145,6.8359375,0.00024946265355704804,1.5046897615705217,0.015484016936375048,1.314544677734375,1.6048431396484375,0.2661402844091779,2.4956981672356147,0.0,0.68359375,2.819454807990646e-07,3.025887804821352e-07,0.01619134620870627,-0.13547507662513902,0.1218179464438334,0.11636845886045473,2.4159488391742245,0.2961190476190476,68.359375,7.427965891676052e-07,0.038180063976515626,4.584379518884229,-12.638055573259466,15.241947000548034,0.17726493784987873,1.4239462895562145,0.0005238095238095238,0.68359375,0.004477807707738346,33.649773,0.03053708,33.544434,33.818756,-0.080978654,0.21046543,0.0,2.05078125,1.2200142e-06
S15,1,1.1203354640811796e-06,0.2970845575053388,-0.4361162300055477,1.618408717982248,3.5870745845127283,14.915219290552201,0.013785714285714287,2.734375,0.00024868846648630434,1.5243276686895462,0.014561313912159032,1.4362335205078125,1.627349853515625,0.35996912696599576,1.5852386372653937,0.0,15.0390625,2.7522839354241523e-07,-4.6239072515618396e-07,0.020202331412197752,-0.18712195745050414,0.20507844389508761,0.14416180757289995,5.145463002737248,0.29619047619047617,86.1328125,1.16194345746654e-06,-0.19692796424601008,2.9404890450019474,-8.092425653713962,9.81125854092792,0.1605074051120182,0.8281474537928024,0.0006666666666666666,0.68359375,0.002812366076014403,33.681293,0.02466961,33.555023,33.900757,-0.273728,1.8872185,0.0,16.40625,1.2546989e-06
S15,1,7.789179447092202e-05,0.29636853616639525,-0.5179680893272093,1.6278776581329872,3.604799958338918,15.006786713387093,0.014714285714285714,7.51953125,0.00025685468859475255,1.544198817298526,0.015230306391869534,1.450347900390625,1.6597747802734375,0.4508158977147926,1.323142063902636,0.0,1.3671875,2.733517717094982e-07,-5.275983064947219e-07,0.02097373532592132,-0.18712195745050414,0.20507844389508761,0.1503401259803643,4.330187457356473,0.2927142857142857,72.4609375,1.2509652910550063e-06,-0.024077484980180815,3.6524090338662227,-11.48581984744687,7.383862221340931,-0.30505889982187984,0.35545661246372706,0.0006428571428571428,0.68359375,0.0028059822803544543,33.69509,0.023512425,33.555023,33.900757,-0.18448675,2.3850908,0.0,23.2421875,1.272308e-06
S15,1,-6.231814664538227e-05,0.29356739441241486,-0.5179680893272093,1.638978169291757,3.6679590883684594,15.490712730641,0.01538095238095238,7.51953125,0.00024111699422184956,1.5637354260399228,0.014293471188979643,1.4598846435546875,1.676177978515625,0.33597199056763316,1.8066320665403044,0.0,1.3671875,2.7228428063937706e-07,-6.945780926553987e-07,0.018211930995594174,-0.11279310150403585,0.12841867200414744,0.12971733581907316,1.749458215940174,0.2862619047619048,75.87890625,9.455904676718481e-07,0.11644757509103773,3.7810834257186463,-11.48581984744687,7.383862221340931,-0.3131094910899498,0.05575395058897348,0.0006428571428571428,0.68359375,0.003195561438738302,33.70828,0.02518221,33.603485,33.85669,-0.35242623,1.5054245,0.0,206.4453125,1.2712331e-06
S15,1,-1.7310942108029876e-05,0.29509472876504284,-0.4469887561640362,1.638978169291757,3.676253147634342,15.42685100578916,0.015119047619047619,6.8359375,0.00022761261489194327,1.5802647726876395,0.013004540389628583,1.5010833740234375,1.6788482666015625,0.676027650179157,2.746338587004286,0.0,1.3671875,2.6227595458276595e-07,4.981758628798111e-07,0.01773172871294194,-0.10940492989843087,0.11561205140887082,0.10500417707018758,1.3286840851635517,0.2845238095238095,63.57421875,8.819289840471665e-07,0.03679069735330073,2.7472411711964284,-6.036888546825127,6.114594234866204,-0.0006657523925049565,-1.0542424548921638,0.0007857142857142857,0.68359375,0.0030963060346357197,33.711662,0.022426222,33.603485,33.85669,-0.3113433,2.6488533,0.0,206.4453125,1.286183e-06
S15,1,0.00018019495551517474,0.2984122728914392,-0.41391364027122196,1.6185493275203047,3.61431339815819,14.947798574717133,0.014428571428571428,2.734375,0.00024227119035000636,1.5972770145961217,0.015163573993963066,1.5110015869140625,1.7131805419921875,0.5622578391176797,1.2244278094546086,0.0,1.3671875,2.636145551636932e-07,2.903744038178024e-06,0.017374944383553508,-0.09591449030571003,0.10804557173792259,0.11182152550775565,1.0342816777184893,0.2876666666666667,58.10546875,8.661629890897204e-07,0.024498189326223708,2.4679886362501264,-4.812513125098595,4.413231696701882,-0.06657210125661399,-1.2486523082641527,0.0007619047619047619,0.68359375,0.0025542849857049343,33.70729,0.021606611,33.61255,33.84305,-0.29558182,3.1876612,0.0,117.578125,1.2927171e-06
S15,1,8.532133865729556e-05,0.2932467016199112,-0.4924910493530287,1.6699537794943708,3.7017374549088715,15.70640228254409,0.01419047619047619,7.51953125,0.00025647605115841583,1.6128084455217635,0.01416947878129906,1.3530731201171875,1.732635498046875,0.2389256379522099,5.094269246734031,0.0,0.68359375,2.7905771873731e-07,4.4749607515377354e-07,0.017315709966443545,-0.1714340800717526,0.14602149746758503,0.17982979931709206,2.5420340641587647,0.2884761904761905,71.09375,8.668710397307343e-07,-0.050928577877166745,2.644941197978017,-6.873093068253009,5.593204301784267,-0.1222182658931487,-0.6891972244857136,0.0007380952380952381,0.68359375,0.002387591948400118,33.704716,0.023923362,33.60498,33.844543,-0.38972056,2.1905837,0.0,181.15234375,1.2986047e-06
S15,1,-0.00017802135780496938,0.2937389061328419,-0.5426619931310593,1.6699537794943708,3.6981330799630507,15.665225741976094,0.014809523809523809,7.51953125,0.00024790829096012836,1.6352487473260788,0.030673547715030766,1.3530731201171875,1.7726898193359375,1.3148805799330738,1.1354640086641048,0.0,0.68359375,2.9403783620286115e-07,-2.485398325518422e-06,0.018470752000448325,-0.1714340800717526,0.15027452935242047,0.20257205828941657,2.9016591370305367,0.2885,64.2578125,9.753616286471691e-07,-0.015709831080006658,5.425744798329028,-20.207461013298087,19.066129169956458,-0.2822379457297538,3.1863500903873465,0.0005952380952380953,0.68359375,0.006245325198104843,33.686314,0.02760407,33.56259,33.844543,-0.052135617,0.9589813,0.0,166.796875,1.2813657e-06
S15,1,-3.467215276998588e-05,0.29073159423272693,-0.5426619931310593,1.6406336928250727,3.7159975522093887,15.883429171635477,0.015833333333333335,8.203125,0.0002412698024640436,1.6642576399303617,0.030775848811218975,1.54876708984375,1.7917633056640625,-0.09662831526464354,-1.2887615486203838,0.0,0.68359375,2.8459028935324786e-07,1.4468601761818781e-06,0.02004137780023235,-0.1606572554815196,0.18196825630512764,0.2349261988252307,3.616107781194146,0.28673809523809524,68.359375,1.118218691002514e-06,-0.11152756839562326,5.504072201093609,-20.207461013298087,19.066129169956458,-0.2219912764918728,2.8929407391864954,0.000619047619047619,0.68359375,0.006320394167671181,33.672882,0.022850573,33.56259,33.818756,-0.20568593,2.3787093,0.0,166.796875,1.2386681e-06
S15,1,4.697178439735627e-05,0.29009525708726214,-0.5102056997388547,1.6380872639332247,3.729030858517354,15.978662225407156,0.018714285714285715,4.1015625,0.00026458811973373487,1.6827377319335937,0.018057778520210014,1.4308929443359375,1.7917633056640625,-0.9047107410711096,2.841275870167693,0.0,0.68359375,2.6449743127149584e-07,7.957408709019835e-07,0.02370983131708062,-0.2773197972421294,0.27525394638382045,0.24463780264420656,5.3727294999781385,0.2775238095238095,69.04296875,1.605101628631598e-06,-0.013872187736403736,3.0556766296795974,-6.854373021865571,7.7025317985870085,0.16183975863398575,-0.29663201442523723,0.0007619047619047619,0.68359375,0.0028421570090649078,33.681995,0.024004985,33.57773,33.84305,-0.28346387,1.8991761,0.0,166.11328125,1.2305896e-06
S15,1,0.00030155988934878745,0.3056054128060693,-0.9864337076518622,1.6563088002069464,3.4392765540613714,13.852522455712329,0.020547619047619047,7.51953125,0.00028081586172824894,1.6977637699672155,0.014767971124897214,1.4308929443359375,1.807403564453125,0.10880107581678856,4.2608252053754825,0.0,1.3671875,2.587416674662251e-07,-1.1853738793171437e-06,0.024399548658979423,-0.2773197972421294,0.27525394638382045,0.1961303187179533,4.203020084994331,0.2747857142857143,71.77734375,1.7061960822688943e-06,0.1192149847053433,2.73851149713685,-5.3659252157057225,7.385584217219592,0.22729058196288626,-0.763382766860663,0.0007857142857142857,0.68359375,0.00275386236231987,33.702564,0.024497692,33.586792,33.890137,-0.22310399,1.9611745,0.0,147.65625,1.2611714e-06
S15,1,-4.7335661150477024e-05,0.3037350246163826,-0.9864337076518622,1.6563088002069464,3.438773453402753,13.921128030181968,0.01819047619047619,7.51953125,0.0002823246471648569,1.7175431206112817,0.01531082060961939,1.593017578125,1.81884765625,0.35249264056996427,1.1080581413046175,0.0,1.3671875,2.5769087509307105e-07,-1.0791260816759336e-07,0.020382913988689962,-0.11692078935029174,0.1715579684177152,0.14675774923696677,1.9804053683947762,0.2809285714285714,79.296875,1.1906354814035082e-06,0.02265688457580701,2.2619161051998447,-5.3659252157057225,5.592515686564935,-0.04908465672329886,-0.8218994886944695,0.0008095238095238096,0.68359375,0.0021536873919959774,33.710377,0.02207386,33.609528,33.931152,-0.26923782,3.418346,0.0,181.15234375,1.3158209e-06
S15,1,-0.0003832697637043369,0.295551346933589,-0.5405793638964874,1.6426770623715508,3.592899245691107,15.004247268865093,0.014976190476190476,2.734375,0.000256739026839507,1.7367369697207495,0.013598962234318755,1.6475677490234375,1.83563232421875,0.42626949385234186,2.2930395155065817,0.0,1.3671875,2.5202385867571023e-07,-1.1584877749219608e-06,0.018083380377377292,-0.11140463901013503,0.13791837946705818,0.10682202894092765,0.918208700362011,0.2852142857142857,75.1953125,9.411727532594475e-07,0.01692982028446378,2.5545668445518634,-6.575644757709731,6.694049174817859,-0.018549455455486516,-0.340602537392916,0.0008095238095238096,0.68359375,0.0028059544788402724,33.719406,0.026025945,33.585327,33.96463,-0.061354462,1.9315209,0.0,181.15234375,1.3301651e-06
S15,1,0.00011628575344160201,0.2944364338585833,-0.5016400442081286,1.6426770623715508,3.607936167929709,15.133723377857105,0.01419047619047619,2.734375,0.0002198409946457012,1.7529649189540317,0.013375252379268189,1.5560150146484375,1.8802642822265625,0.5740002420048386,3.9020868751628237,0.0,4.1015625,2.586142147468247e-07,-1.2647587949321718e-06,0.019040106981603556,-0.12158514985804547,0.1626674824447682,0.08668151546799106,1.3703932246976036,0.2849761904761905,67.67578125,1.0311402245991583e-06,-0.0034522347858287937,2.976112801573195,-6.575644757709731,11.430668257569526,0.27424004092994564,-0.25457435840309905,0.0008333333333333334,0.68359375,0.003857370555740446,33.73927,0.023760615,33.585327,33.96463,-0.33041728,2.5377407,0.0,173.6328125,1.3189701e-06
S15,1,9.383595241298149e-05,0.29372874823739736,-0.48157283939455037,1.6307353377256713,3.6612897745031088,15.397930623028142,0.014595238095238095,6.8359375,0.0002299493657881063,1.7748719351632254,0.01813360716072326,1.5560150146484375,1.9039154052734375,0.1696519832660338,0.6849846497314473,0.0,1.3671875,2.6504763838174755e-07,-1.3050284994648192e-06,0.022313651836777488,-0.12158514985804547,0.1626674824447682,0.11239617281961406,0.9773315186844407,0.28023809523809523,83.3984375,1.4219229007012219e-06,0.024167312989673694,3.4024115063803184,-12.390214280368761,13.056288502761713,0.08417569892102303,3.317379309009385,0.0007380952380952381,0.68359375,0.0034493881297628275,33.74829,0.021647329,33.621613,33.931152,-0.34648922,3.2635775,0.0,174.31640625,1.321123e-06
S15,1,-8.106617002955328e-05,0.29706427986044165,-0.5981761106663659,1.680486100976417,3.582616050363694,14.929333531066018,0.018285714285714287,4.1015625,0.0002459004078873861,1.8007195063999721,0.017202200367617198,1.6567230224609375,1.937103271484375,0.4435446841411168,1.1703870264578615,0.0,0.68359375,2.6130427424431054e-07,9.509913376838429e-07,0.021370382094188144,-0.14151003739241874,0.12801961497958012,0.10926140322572543,1.6732199562562364,0.2925952380952381,82.71484375,1.3094320894834567e-06,-0.024261782779399964,3.321881172491933,-12.390214280368761,13.056288502761713,-0.05312227939287141,3.4797089958644527,0.0006666666666666666,0.68359375,0.0025716420696576484,33.723694,0.059431955,33.47638,33.931152,-1.6466486,2.0849166,0.0,0.68359375,1.3073518e-06
S15,1,0.0006073520649442863,0.2937790749806337,-0.6659519147225453,1.680486100976417,3.612535478870947,15.398507351577276,0.02542857142857143,4.1015625,0.0002461143164713627,1.820892079671224,0.015100421476611548,1.6338348388671875,1.937103271484375,0.16504640338938908,2.9635368354915226,0.0,0.68359375,2.6757247852336117e-07,3.1621042161226417e-06,0.014374773268213858,-0.14151003739241874,0.12801961497958012,0.04144462680976433,6.772104176224188,0.31652380952380954,56.0546875,5.827253952508016e-07,-0.03700428128758838,3.590810330031543,-11.278691882994714,13.890286497951694,0.29051449980309885,2.2378651222909873,0.000619047619047619,0.68359375,0.0035904016022905135,33.539112,0.17548108,33.183777,33.884033,-0.078861386,-1.4439979,0.0,0.68359375,1.1985106e-06
S15,1,1.9063581296551222e-05,0.28515695371925626,-0.6659519147225453,1.6440743531295097,3.7717971102823635,16.78534668892688,0.02680952380952381,4.1015625,0.00026121581081992213,1.836607215518043,0.01311852757506419,1.6338348388671875,1.98822021484375,0.38309371927519886,6.572970005274971,0.0,0.68359375,2.7201435804422104e-07,1.1863973609588779e-06,0.00869529564364562,-0.0777353758114578,0.07993159079387102,-0.20646154508123743,4.379209583781907,0.3255,27.34375,2.1537253158068174e-07,0.07510498423339301,3.760077546246268,-11.278691882994714,13.890286497951694,0.19161813995728774,1.4513846020184031,0.0005952380952380953,0.68359375,0.003836677623519488,33.255646,0.14151195,33.010864,33.632233,0.27464566,-1.2797862,0.0,0.68359375,1.0367255e-06
S15,1,-0.0006459078042775273,0.2831743655030182,-0.5366395429000018,1.6440743531295097,3.792420016494565,17.007274759810038,0.021547619047619048,4.1015625,0.0002570150423028382,1.8497431528000605,0.01382956793015275,1.66473388671875,1.98822021484375,0.6670629823869354,4.845645091946465,0.0,0.68359375,2.7236597444661687e-07,-7.496840358991453e-07,0.008199923388924083,-0.06779103848011792,0.07993159079387102,-0.18710344784410748,2.717812388674692,0.31642857142857145,25.9765625,1.9894797654743084e-07,0.08344019803514183,2.800103625093295,-6.358009117797407,7.689639920317639,0.19734625555667196,-0.6659737564521246,0.0006904761904761905,0.68359375,0.0021862029708626923,33.130497,0.041554146,33.010864,33.387268,0.4023156,-0.13359618,0.0,0.68359375,9.568997e-07
S15,1,-2.383257226858081e-06,0.2914527614084158,-0.5931770607017136,1.6598753929480707,3.671273103770537,15.901396913437054,0.0205,7.51953125,0.00025308849295912003,1.866242299761091,0.017032178405425112,1.75933837890625,1.984405517578125,0.01672305433578068,1.2564435353125223,0.0,0.68359375,2.6384552207517087e-07,-1.948206502821463e-06,0.009052572199482955,-0.0959801378637549,0.14550756482983843,-0.005664382318466389,8.510446813862488,0.3021904761904762,27.34375,2.350570894130585e-07,-0.0052680622080475215,3.67682255028497,-12.420531530836463,9.595344731905454,-0.5416323118639877,2.012602524738716,0.0006428571428571428,0.68359375,0.0030238485595470784,33.14721,0.031925004,33.021362,33.387268,-0.57972133,0.8085017,0.0,0.68359375,9.23224e-07
S15,1,1.0304047350443e-05,0.3008093270142466,-0.6174636413744066,1.6622271401213105,3.5659529419939497,14.817190877289676,0.021047619047619048,7.51953125,0.0002481408827199568,1.8853412537347702,0.015569857343859106,1.7604827880859375,2.014923095703125,0.4063856538286095,1.529903924190271,0.0,0.68359375,2.549556040860604e-07,-4.7574984667844076e-07,0.012837829259209036,-0.11478827453906287,0.14550756482983843,0.26095258553551887,6.413611397942013,0.29204761904761906,66.30859375,4.6459145813796145e-07,-0.11488067533275045,4.332795979902363,-12.420531530836463,9.595344731905454,-0.4450013535188706,0.5007983159956453,0.0006428571428571428,0.68359375,0.004536435680044472,33.23999,0.12736928,33.021362,33.641327,1.1186905,-0.32032108,0.0,0.68359375,9.905874e-07
S15,1,-1.6625906930861487e-05,0.3025915665205836,-0.6174636413744066,1.6622271401213105,3.562170109497763,14.645511219260982,0.01769047619047619,7.51953125,0.0002420470350967212,1.9066790989467075,0.017817532501352183,1.6979217529296875,2.0420074462890625,-0.0948708719223946,0.8808087598454657,0.0,1.3671875,2.5289539604917526e-07,-1.4416779539087943e-09,0.016752666293546555,-0.23433497506018863,0.21275387928756756,0.30490056821409117,7.3265442426376275,0.2925714285714286,71.77734375,8.033371722729577e-07,-0.025829015983551282,3.626196018124248,-10.803312652633377,8.148534686292528,-0.1739414192125876,-0.19131140216699016,0.0007619047619047619,0.68359375,0.004444358698239485,33.469517,0.1866711,33.05893,33.844543,-0.6467565,-0.9890964,0.0,0.68359375,1.1601815e-06
S15,1,-8.210336116747649e-06,0.30173298091401674,-0.4945775682150824,1.623472497949151,3.5693155359951554,14.716722193579255,0.015833333333333335,6.8359375,0.00025459519575347564,1.9279527391706195,0.013576058318971266,1.6971588134765625,2.0420074462890625,0.21019214820674703,7.030730542815798,0.0,1.3671875,2.6044736772323586e-07,-7.737831203287077e-07,0.01706443522843283,-0.23433497506018863,0.21275387928756756,0.22478601969524345,6.120168979440686,0.29278571428571426,67.67578125,8.345053932127793e-07,0.014442878448198469,2.95937423429037,-6.048754838419851,5.977345511335282,-0.04074960233317627,-1.1105877526939805,0.0007857142857142857,0.68359375,0.003512178704575417,33.664825,0.05646301,33.47943,33.931152,-0.6671732,-0.19018221,0.0,234.47265625,1.2877309e-06
S15,1,8.154734609346104e-05,0.2993122386722799,-0.4771041764564028,1.6196815753903346,3.5870896512641717,14.892842612929378,0.01488095238095238,6.8359375,0.00026644132298208077,1.9441776093982515,0.013252118156152952,1.6971588134765625,2.0664215087890625,0.21745944664547956,8.365307104411109,0.0,1.3671875,2.6696995597088596e-07,1.2888131373588677e-06,0.016396399145239344,-0.10562709267145734,0.12446715668852219,0.12063573314506419,1.4231755363531988,0.2899047619047619,67.67578125,7.709833043581858e-07,-0.04093350054735653,2.774873702107749,-6.048754838419851,5.181818526395794,-0.03134298001402474,-1.2126654209782044,0.0007619047619047619,0.68359375,0.0029507767500868438,33.72593,0.031279683,33.574677,33.931152,-0.18325697,0.41113043,0.0,194.140625,1.3285188e-06
S15,1,0.00014072902005309848,0.3001197322274666,-0.4570736940159509,1.6196815753903346,3.557856848316092,14.638391680472253,0.013857142857142858,6.8359375,0.0002568136201654761,1.9597293399629139,0.01295416071819153,1.767730712890625,2.0732879638671875,0.34425212162976787,5.784528759926932,0.0,1.3671875,2.597994516565029e-07,1.3431457997904712e-06,0.017440157253258558,-0.09643621652997877,0.11380690741221915,0.1462278075503111,0.9513274591508916,0.28785714285714287,73.828125,8.69199057136845e-07,0.04144681400921046,2.550430034368706,-5.095186416474685,5.181818526395794,-0.021452720486279934,-1.2903465588082086,0.0007619047619047619,0.68359375,0.002624639370835591,33.758038,0.026818316,33.645844,33.926636,-0.27723485,1.128479,0.0,339.74609375,1.3074923e-06
S15,1,-0.00012558310679027337,0.30380784943926925,-0.5473624018744224,1.6556696887538627,3.4837950336834234,14.081721763112686,0.014952380952380953,7.51953125,0.000254019878587009,1.975580170041039,0.013154046748005825,1.71966552734375,2.0877838134765625,0.3106836723446374,7.068915221480859,0.0,1.3671875,2.5278183811916246e-07,-8.658925690313204e-08,0.018394629642335732,-0.09757709152898854,0.11800772178841787,0.14193455603046598,1.2201891594752734,0.2882142857142857,68.359375,9.613359557498485e-07,0.0465305216670615,3.5596201654813706,-11.853465083546695,12.812012936242951,0.1318942534943554,2.5883081192533908,0.0006904761904761905,0.68359375,0.0028302512766779316,33.779224,0.025064882,33.633728,34.002655,-0.19261543,1.9550929,0.0,278.22265625,1.319856e-06
S15,1,-0.00015178468055429474,0.29767674031530944,-0.5473624018744224,1.6556696887538627,3.5866182990455573,14.846424190536052,0.016595238095238097,4.1015625,0.0002470869960087369,1.9903194427490234,0.014179820059889468,1.71966552734375,2.1183013916015625,0.5594816859162669,5.789422158959921,0.0,0.68359375,2.555180646539969e-07,-3.483887637053981e-07,0.024193699067164596,-0.2539699883281677,0.24289528980939507,0.10439221437210265,3.958227496867086,0.28673809523809524,67.67578125,1.6791392085424065e-06,-0.015967277458817552,3.6939632993292886,-11.853465083546695,12.812012936242951,0.1405598553813876,1.9931106335591844,0.0006666666666666666,0.68359375,0.0030390448667206617,33.782192,0.024076233,33.633728,34.002655,-0.22964278,2.6453652,0.0,265.234375,1.3394522e-06
S15,1,0.00030128269766553444,0.295997242171176,-0.49819660659502396,1.6347875116578858,3.6418855620977353,15.074056993675963,0.01707142857142857,8.203125,0.00023006780925717652,2.012390681675502,0.020108262587318494,1.82342529296875,2.1240234375,-0.10392665900485186,0.19470833607343074,0.0,0.68359375,2.5737902411142575e-07,-3.5053623992114677e-07,0.02533236632400137,-0.2539699883281677,0.24289528980939507,0.05370128874621373,3.144938687076505,0.2833333333333333,77.24609375,1.848388030978621e-06,-0.10201219834461413,5.759169272606879,-16.704138497156805,20.058697133314887,-0.007561505682134464,2.178608408054755,0.0006428571428571428,0.68359375,0.00735652831462448,33.77362,0.022421068,33.654938,33.988953,-0.2936368,3.3644938,0.0,343.84765625,1.3216332e-06
S15,1,1.1154739640098546e-05,0.29599776987923004,-0.49819660659502396,1.6405786645722369,3.5964829313206095,14.903637757681665,0.01769047619047619,4.1015625,0.00023693154028514666,2.038046945844378,0.015190955941934328,1.82342529296875,2.1511077880859375,0.21172740112470373,2.62743825783741,0.0,1.3671875,2.488520718299419e-07,-5.769984435055625e-07,0.022140673008945826,-0.13128312086295102,0.12550903618829798,-0.03679078135549723,1.4381733508323569,0.27914285714285714,75.1953125,1.4055452265326322e-06,-0.02627446123889257,5.630253608997758,-16.704138497156805,20.058697133314887,-0.027109787146126184,2.651229664694343,0.0005476190476190477,0.68359375,0.006424084772303797,33.75861,0.026261413,33.638275,33.987457,-0.29022843,1.7614999,0.0,74.51171875,1.313615e-06
S15,1,-0.00011462189324800063,0.29708728204649726,-0.561749926082844,1.6405786645722369,3.5608044447363927,14.744177818414656,0.01757142857142857,7.51953125,0.0002446962902313607,2.058567174275716,0.015120211292499141,1.937103271484375,2.16217041015625,0.2461350990511344,0.9461442848242618,0.0,1.3671875,2.3610210223042203e-07,7.304908175242029e-07,0.0216504950744358,-0.13128312086295102,0.12428357818119296,-0.046340204924554804,1.5775589256613376,0.27404761904761904,73.14453125,1.3416587539575127e-06,0.0723763382412729,2.275193855678776,-5.560885771353551,6.067595804181363,0.18307734517093036,-0.26343915969094933,0.000619047619047619,0.68359375,0.0014507749636011387,33.740166,0.024498679,33.58377,33.987457,-0.107525595,2.4061728,0.0,13.671875,1.3118733e-06
S15,1,1.657935856555984e-05,0.30092713472230925,-0.561749926082844,1.6298854557267732,3.5367305567277003,14.430031179645205,0.016166666666666666,7.51953125,0.0002520045065775276,2.0767529987153552,0.013337817865375315,1.9866943359375,2.1942138671875,0.38302586112714593,2.615804579880745,0.0,1.3671875,2.3750547559053494e-07,1.7088037431082463e-07,0.01998520100622735,-0.10622077039492824,0.1117826098694609,0.01879026608034825,1.025871394908176,0.2730238095238095,75.1953125,1.1448078759409989e-06,0.03392998665630359,2.4179642642145356,-5.560885771353551,5.294371567181015,0.0507468001965925,-0.8197557224094862,0.0006666666666666666,0.68359375,0.0017859384615922344,33.734577,0.02258643,33.58377,33.9494,-0.24301629,3.3083224,0.0,13.671875,1.3250558e-06
S15,1,-7.427721856879534e-05,0.2974993590800985,-0.4882529365890195,1.6682824989765808,3.61455277745476,14.996126760417187,0.01530952380952381,7.51953125,0.00025357268494424285,2.0970663252330963,0.0179966807013123,1.99127197265625,2.2308349609375,0.5640285163479278,0.4726152073740053,0.0,0.68359375,2.405910385294038e-07,6.548809387669367e-07,0.022111024678679772,-0.23241553619408006,0.2237043444922534,0.21942538659652627,4.684928634781983,0.27335714285714285,66.9921875,1.3922691537823747e-06,0.009827633421628991,2.676331214614827,-5.831238040764195,5.5015591840542735,0.09447545655375501,-0.8533745599278793,0.0007142857142857143,0.68359375,0.002459889905116319,33.73553,0.029048303,33.58377,33.955505,-0.17816186,1.131877,0.0,140.8203125,1.3188707e-06
S15,1,6.296559535613476e-05,0.29794351250962237,-0.5496817698756867,1.6682824989765808,3.62989625242143,15.00931959954633,0.015976190476190477,7.51953125,0.00026068125825599945,2.1142213003976003,0.013904902967186848,1.854705810546875,2.2308349609375,-0.1342818447620263,7.225236461757341,0.0,0.68359375,2.5352914632004403e-07,1.5121188210902667e-06,0.023031760224277224,-0.23241553619408006,0.2237043444922534,0.32968072667202114,4.64752893758774,0.2783809523809524,63.57421875,1.5135798171656864e-06,-0.024169727173925695,3.3043602327813733,-6.074338635460328,11.555073273710978,0.42746364122747393,0.22083867408273816,0.0007142857142857143,0.68359375,0.0035726364832982804,33.74497,0.03749268,33.565613,33.957,0.03849942,-0.044755697,0.0,4.78515625,1.3236603e-06
S15,1,0.00046069783592568136,0.2918871718804629,-0.5496817698756867,1.6428739946422677,3.709596296012353,15.713875845113044,0.015785714285714285,4.78515625,0.00025967426218761493,2.123780532110305,0.012008466417059025,1.854705810546875,2.236175537109375,0.13874948345500365,14.351147095565544,0.0,0.68359375,2.490018589597737e-07,-1.1217688318134272e-06,0.018441790180222115,-0.1630228933428008,0.2256451719506785,0.40995213093786925,4.291085098648252,0.28795238095238096,75.87890625,9.785103886225741e-07,-0.017775426509178946,3.1166296800728372,-6.074338635460328,11.555073273710978,0.39199159281722756,0.6979002261711837,0.0006904761904761905,0.68359375,0.0031050262090265976,33.78457,0.043370996,33.565613,33.99353,-0.55548286,-0.32485032,0.0,4.78515625,1.3476797e-06
S15,1,0.0005532537226797384,0.2890203150736815,-0.43678140492277495,1.6742020829188975,3.7254482389682044,16.058681206620253,0.015809523809523808,4.1015625,0.00026053567604388623,2.134677550906227,0.012219114508960368,2.0145416259765625,2.2418975830078125,0.4665260364185356,4.5267551651460085,0.0,0.68359375,2.415757461089253e-07,-1.431190392797902e-06,0.015122057775157908,-0.1630228933428008,0.2256451719506785,0.17630508275770343,5.143144687867148,0.29469047619047617,67.67578125,6.637290839812036e-07,-0.00010269304972694369,2.2145525085601054,-5.388056208055351,4.208272269100633,-0.2733654659736719,-0.777537772794052,0.0007619047619047619,0.68359375,0.0019757955000031958,33.82014,0.023744969,33.712524,33.99353,-0.26796702,2.161776,0.0,2.05078125,1.3671838e-06
S15,3,0.0006315406343789916,0.2770738480230638,-0.4647550677115121,1.5960298459904827,3.8154370710227505,17.08282026278404,0.016404761904761905,4.1015625,0.00021348558468367544,2.3779572895595007,0.018233109615871466,2.0656585693359375,2.5104522705078125,-0.9750610413946144,5.576340964914291,0.0,0.68359375,2.5857281204382464e-07,-1.6666657476670963e-06,0.009191839885563989,-0.11311284525864317,0.12219722157667545,0.05897789936852724,13.079596220037395,0.35654761904761906,71.09375,2.431046603188835e-07,-0.000785373757188798,1.6934850733449205,-3.795374493870974,3.846242624325075,0.009660938453757182,-0.9340852339918699,0.0007380952380952381,0.68359375,0.0010675885176242624,33.93117,0.026598765,33.77014,34.155,-0.36871436,1.4442215,0.0,8.203125,1.5501225e-06
S15,3,-0.00012825388522902693,0.28188911609265843,-0.40789415377399635,1.6114845994197844,3.7114105583098276,16.299510845159364,0.014452380952380953,7.51953125,0.0002202207956990166,2.3934817541213262,0.011724294986141044,2.1274566650390625,2.5238037109375,0.5756345861006563,15.733785339638725,0.0,1.3671875,2.420116615109977e-07,-2.0915884935158732e-07,0.007076558768747202,-0.054879138522904505,0.0361979969424651,-0.4871384179159615,3.5481094606765478,0.3376190476190476,24.609375,1.4084988225186068e-07,-0.02420562895866081,1.5738207538905542,-3.795374493870974,3.846242624325075,-0.0994605475220561,-0.7180780804941955,0.0006904761904761905,0.68359375,0.0007352997357933957,33.9436,0.024398869,33.79901,34.17334,-0.4335639,2.0960817,0.0,217.3828125,1.5785888e-06
S15,3,-0.0007066545992807231,0.2835055552596065,-0.45333809619313903,1.6317585778143453,3.668575156831841,15.987077622979363,0.015595238095238096,4.1015625,0.00022006815306614127,2.407186035882859,0.01397813802059465,2.2998809814453125,2.5333404541015625,0.9477144243611633,3.899709023229927,0.0,1.3671875,2.432827883923188e-07,1.956507419369463e-06,0.012566628372139859,-0.24129151078141897,0.24051094842572607,0.5408005793438146,51.04234422888132,0.3157142857142857,69.04296875,4.6729831647233436e-07,-0.02425537416382739,2.4656954530117603,-7.988840267262157,9.096863527078042,0.05459960268360439,2.1801048534024696,0.0005476190476190477,0.68359375,0.0012168836404161739,33.942585,0.025151815,33.823303,34.17334,-0.3929516,1.9069915,0.0,345.21484375,1.5689156e-06
S15,3,0.00010679087391411372,0.276379839905004,-0.45333809619313903,1.6317585778143453,3.800339951774505,17.064673606703035,0.017,7.51953125,0.00021568469774100842,2.42398320152646,0.014704042443669576,2.307891845703125,2.55126953125,0.1438996522546219,2.5971410994252295,0.0,1.3671875,2.5034519978859637e-07,2.4539396958180785e-08,0.012354093428575817,-0.24129151078141897,0.24051094842572607,0.5903329029553389,54.65770088608358,0.3058571428571429,69.04296875,4.5522523410072466e-07,-0.018671636484062153,2.525312299462146,-7.988840267262157,9.096863527078042,0.05901185938053405,1.806756408415625,0.0005714285714285715,0.68359375,0.0013604085251497887,33.951588,0.026918383,33.823303,34.177887,-0.37983075,1.3548665,0.0,12.98828125,1.5851037e-06
S15,3,6.619293619434815e-05,0.27400673651711593,-0.3759934636447213,1.5874874196272986,3.845953809801205,17.438702253488565,0.016261904761904762,7.51953125,0.00020945833576835844,2.4407813299269905,0.013238435107316012,2.2495269775390625,2.57415771484375,0.718455797856991,5.925281111108708,0.0,1.3671875,2.534295554968326e-07,-8.286346059834682e-09,0.00681955198071625,-0.044172513938061826,0.03518917010090046,-0.41099640239143903,2.7952165884737985,0.32661904761904764,24.609375,1.30929687970793e-07,-0.0022037533098067095,1.477500438259301,-3.871956422103913,3.312877746144694,-0.0835216731328365,-0.5849053630008219,0.0007857142857142857,0.68359375,0.0008328746147793695,33.96536,0.023759099,33.81418,34.177887,-0.52337223,2.0447125,0.0,40.33203125,1.5739311e-06
S15,3,-5.263412024688817e-05,0.2811308758673489,-0.3852519015963162,1.6360037766815894,3.746036862370082,16.398172428472222,0.015095238095238096,7.51953125,0.00023138716517918538,2.462009048461914,0.018119391586856704,2.2495269775390625,2.593231201171875,0.22442330614291245,1.2601418511707188,0.0,1.3671875,2.491424699851458e-07,-2.002689292626014e-07,0.009445436089182838,-0.14633007815202512,0.16470464581028166,0.2607412430849823,32.76179436178091,0.32257142857142856,73.14453125,2.505813086294377e-07,0.0003790161007966888,2.3991065316422775,-9.745645337962777,9.578519369318254,-0.09310913398975265,4.84804951128197,0.0008333333333333334,0.68359375,0.0017850894766074986,33.971355,0.023797678,33.81418,34.177887,-0.5009918,2.1805696,0.0,40.33203125,1.5627401e-06
S15,3,8.722392268509418e-05,0.27827621277084186,-0.4508428304015916,1.6401571416855871,3.7905237865142243,16.781111587800485,0.015642857142857142,7.51953125,0.0002285746394479222,2.4868159612019856,0.01651125740910094,2.371978759765625,2.610015869140625,0.21916123507367644,1.6463471960428482,0.0,1.3671875,2.3510893679266494e-07,-2.669551607296102e-07,0.00942536688271338,-0.14633007815202512,0.16470464581028166,0.2711066417692936,32.913996368785085,0.3082142857142857,73.14453125,2.4896045612422256e-07,-0.004863948272189348,3.2644681826957607,-9.745645337962777,10.147639613357281,0.05199512353195986,2.2088678453943347,0.0006904761904761905,0.68359375,0.0023889773748789404,33.979534,0.02459233,33.832397,34.263397,-0.39576656,2.309,0.0,2.05078125,1.6017761e-06
S15,3,-2.839954719400118e-05,0.27120766241473004,-0.4508428304015916,1.6401571416855871,3.8965145389848583,17.850697340779913,0.016666666666666666,7.51953125,0.0002095317685161668,2.5077104568481445,0.014841229518527186,2.40631103515625,2.62908935546875,0.2732262464572518,2.7466791728038533,0.0,1.3671875,2.38763021079738e-07,2.9834554895426797e-07,0.006564128291150602,-0.043773040365596656,0.03361640855348329,-0.38756210871811314,2.284040229193593,0.35219047619047616,25.9765625,1.2264950496085713e-07,0.002974969695269213,2.563569612185038,-9.501999164159791,10.147639613357281,0.17184536110382456,4.8334540108573,0.0006904761904761905,0.68359375,0.0013787056919955325,33.986683,0.024154859,33.832397,34.263397,-0.51610905,2.3073478,0.0,23.92578125,1.6108967e-06
S15,3,0.00046931358439872484,0.2754165423177308,-0.3664737156026051,1.582048290222658,3.847010107736346,17.30478363653446,0.01630952380952381,7.51953125,0.00021704037875184396,2.528811591012137,0.016233471144430557,2.40631103515625,2.6561737060546875,0.37300320721979957,1.4816201729136038,0.0,1.3671875,2.3887561049458237e-07,-2.146587186172519e-06,0.006347505040590176,-0.043773040365596656,0.03126295268317588,-0.44859596767685034,2.9148610696707102,0.37635714285714283,25.9765625,1.1524773100565376e-07,-0.020286251742581373,1.3279659877481231,-3.247437280436763,3.3247499713884126,0.0008023078419048387,-0.36064129941887346,0.0007619047619047619,0.68359375,0.0006845092141904641,33.988903,0.023875818,33.84305,34.216064,-0.5638213,2.232463,0.0,25.9765625,1.6233469e-06
S15,3,8.600449720483739e-05,0.27657516207708244,-0.48493834853120193,1.6259338497701743,3.8545041997919363,17.26959856356624,0.015904761904761904,4.1015625,0.00022395890454684318,2.552731495811826,0.01691085786382701,2.3815155029296875,2.6752471923828125,0.08879155240377071,1.4042155300029924,0.0,1.3671875,2.2863069143204228e-07,3.0658590421597997e-07,0.006114569345855957,-0.04419611845789387,0.02997653164494854,-0.450950400503497,3.2589624955422707,0.382047619047619,23.92578125,1.0818574567674196e-07,0.006517100359184992,2.598006412272475,-10.167462437588014,10.026080876379543,-0.037443810686276564,5.068073251667192,0.0006428571428571428,0.68359375,0.0012696949111677994,33.991344,0.02394618,33.855164,34.193146,-0.5568776,2.0132546,0.0,25.29296875,1.6142623e-06
S15,3,-0.00024080213828869097,0.2802117365591302,-0.48493834853120193,1.6259338497701743,3.8311085212147704,16.888986969567387,0.01607142857142857,4.1015625,0.00023498270221774506,2.575466719127837,0.01513715067018657,2.3815155029296875,2.736663818359375,0.335522165528118,4.077427281903277,0.0,1.3671875,2.3783325528895407e-07,2.3288460683964117e-06,0.008203027475580509,-0.19375424109414455,0.12330890955113163,-0.22342531184960604,32.44233413192274,0.3842857142857143,24.609375,2.0230107003298978e-07,0.04187025776968802,2.7777820015632626,-10.167462437588014,10.026080876379543,-0.05012120396393397,3.5030216601539,0.0006666666666666666,0.68359375,0.0015627605727166736,33.994976,0.023845725,33.884033,34.290894,-0.5141196,2.6339812,0.0,8.88671875,1.6043857e-06
S15,3,-2.7680585985560394e-05,0.27665862571082633,-0.3913668326179411,1.6035646484758734,3.862151708459027,17.267863916209112,0.01607142857142857,7.51953125,0.00022400939018910987,2.5955354145595004,0.015109792114955705,2.3998260498046875,2.736663818359375,0.34518507307715546,3.6077058845317476,0.0,1.3671875,2.426856267715021e-07,-4.455703143746114e-07,0.008356602154934221,-0.19375424109414455,0.12330890955113163,-0.24587700285269373,30.035529185634047,0.3517857142857143,24.609375,2.0836871443869475e-07,0.007850828456437406,1.5499360507982887,-4.402412253578886,5.198717401942032,0.054597248083946504,1.2801165738914717,0.0008333333333333334,0.68359375,0.0008670728322368256,34.003227,0.02503747,33.882507,34.290894,-0.4322017,2.1916623,0.0,9.5703125,1.5979737e-06
S15,3,-0.0003749137652536863,0.282355258422233,-0.600106262681001,1.7514945859105717,3.693009317236575,16.048281991128214,0.017,7.51953125,0.00022624933024325755,2.620989027477446,0.02102345616391426,2.41241455078125,2.762603759765625,0.487850265299564,0.6187207531902192,0.0,0.68359375,2.562834574439687e-07,2.1924507156541317e-07,0.015624132697064756,-0.21732357621143059,0.29023423509432256,0.4378342319924401,26.661211895300028,0.3087857142857143,60.83984375,6.214707106083688e-07,0.016523365420094176,2.690998161821834,-8.008646708193918,7.7886917836577085,-0.30144318634687256,1.7257710823416632,0.0007380952380952381,0.68359375,0.0017890556805938416,34.01274,0.025894575,33.87494,34.249634,-0.5198596,1.5354099,0.0,9.5703125,1.5604796e-06
S15,2,-2.679205424766502e-05,0.3032882956869602,-0.6699412830688204,1.6498984398110632,3.3087902902865807,13.063914494186498,0.017261904761904763,4.78515625,0.00026927138465621017,3.2841644105457126,0.032973649518990164,3.151702880859375,3.453826904296875,0.4331308232500367,-0.8322209094138477,0.0,0.68359375,3.3676443061420713e-07,6.844031272720961e-07,0.017346804437515503,-0.286707171343606,0.30524314932927793,0.4046159015179478,17.61961139075226,0.27764285714285714,62.890625,8.76656561157363e-07,0.09285772104482275,4.936724476771615,-10.027736636154932,13.665394310330246,0.4687244171499067,-0.05319582428424141,0.0005,0.68359375,0.004584355219796499,34.122623,0.030976903,33.97528,34.355103,-0.17857862,0.65783644,0.0,129.8828125,1.6787789e-06
S15,2,4.127970630830024e-05,0.29934601720751,-0.6699412830688204,1.6289158306950349,3.3214043231021746,13.197911571496043,0.016214285714285716,4.78515625,0.00026525248533538766,3.301758466448103,0.021052158619843445,3.1810760498046875,3.453826904296875,0.44320852035602776,1.785903931999509,0.0,0.68359375,3.261978154333566e-07,4.1003573194729244e-07,0.013140855589707852,-0.12203024390476547,0.12656650002390735,0.13314710593753454,4.215191044017932,0.2764761904761905,45.1171875,4.921079652066594e-07,-0.20309580996999,5.624089914143016,-12.902131522364257,16.863227893415775,0.5784157869551009,0.20724877521507157,0.0005,0.68359375,0.006620642580661354,34.153263,0.030661264,34.02704,34.404053,-0.39817473,0.7236779,0.0,267.28515625,1.7354511e-06
S15,2,-5.75867258089568e-05,0.29480527094375963,-0.49284149360173746,1.6234253611101574,3.501753484289775,14.306495659147753,0.01630952380952381,4.78515625,0.00025433282087756397,3.2999011085146948,0.01530935851911809,2.9941558837890625,3.4358978271484375,0.07556179513874052,6.629849259684491,0.0,0.68359375,2.0988641898795513e-07,-1.559806881995111e-07,0.01523090051108719,-0.11812093059692783,0.10808052760647578,0.10685835879837095,2.1075531956230558,0.2572857142857143,49.90234375,6.603543799325505e-07,-0.11229102438391103,5.979248836483129,-14.101757434436953,16.863227893415775,0.45744640408953535,0.2624884269135004,0.0005238095238095238,0.68359375,0.008463259458584655,34.193584,0.039350133,34.02704,34.47296,0.06671232,0.04889059,0.0,73.14453125,1.7737451e-06
S15,2,0.00010243344954466145,0.296254356550435,-0.49284149360173746,1.6234253611101574,3.4890180423311414,14.19657726784601,0.01769047619047619,7.51953125,0.00025934948698259225,3.3155260994320823,0.015144424349645748,2.9941558837890625,3.45001220703125,-0.033176209565008434,7.855318808660959,0.0,1.3671875,2.1830451579643965e-07,-5.289241588117219e-07,0.017218132860788153,-0.16983497070400821,0.16050800069543078,0.20426589301445755,2.836363144402683,0.25757142857142856,57.421875,8.422864204015891e-07,-0.11711101413345532,5.599992560697145,-14.101757434436953,16.541999260181495,0.4902498305549714,0.7195930978257867,0.0005476190476190477,0.68359375,0.006814396830507208,34.244926,0.03870627,34.05899,34.47296,-0.3770863,-0.08921552,0.0,198.2421875,1.8602121e-06
S15,2,7.275418713146558e-05,0.2915678684903761,-0.47794023730013124,1.6141055190619555,3.5467868372369007,14.742613514496245,0.017380952380952382,7.51953125,0.00023366020428705294,3.3413717269897463,0.02697402307951239,3.171539306640625,3.4759521484375,0.889822060958731,0.9058514935822934,0.0,0.68359375,2.3545720974546952e-07,4.2999623637325064e-07,0.015489702875866932,-0.16983497070400821,0.16050800069543078,0.25161761614592315,4.000316086100847,0.2583095238095238,56.73828125,6.789111541745539e-07,-0.08237045645715295,5.137467454264468,-12.062307745962952,16.221655753333753,0.5205680367643873,0.6608892215846893,0.00045238095238095237,0.68359375,0.004938443077867216,34.296364,0.040676642,34.138245,34.595642,0.108471155,-0.06843114,0.0,6.8359375,1.92842e-06
S15,2,-7.56220707105365e-05,0.29161386105008885,-0.47794023730013124,1.6157842501172408,3.538775956712902,14.698565897144718,0.01719047619047619,7.51953125,0.0002274906421847458,3.3714502697899227,0.02683488111737164,3.2436370849609375,3.5114288330078125,1.122960201970501,3.0807189385913745,0.0,0.68359375,2.8785632618471475e-07,2.657129848709787e-07,0.01561563608206764,-0.10526503668088778,0.1328951619297848,0.14852247591076118,3.841384274129413,0.2606428571428571,56.0546875,6.908150795146482e-07,0.08279787776303062,5.105903041633518,-12.062307745962952,12.928027584938686,0.5496316552009641,-0.029350262200046107,0.00035714285714285714,0.68359375,0.004250650081173175,34.33917,0.03511773,34.138245,34.595642,-0.6249811,0.44959044,0.0,58.7890625,1.905622e-06
S15,2,-7.936135934787166e-05,0.2987736501104278,-0.470951858933497,1.6505189213924392,3.4372405960416375,13.826174922843197,0.017285714285714286,7.51953125,0.0002560826527911627,3.378827594575428,0.019216176524258444,3.267669677734375,3.5114288330078125,2.7047849371300927,11.574416417033879,0.0,0.68359375,2.6310329586291265e-07,2.0591417088233194e-06,0.017146255584498525,-0.1463558525536836,0.22235908774715313,0.22521841446258142,5.65438683648477,0.26033333333333336,58.7890625,8.478646066941544e-07,0.2668221390478799,5.972980158201658,-13.119796821035067,18.28519751819948,0.5980171172454177,0.06233723019123083,0.0004047619047619048,0.68359375,0.0052207045317145375,34.367863,0.031813856,34.231323,34.560333,-0.26392275,0.5362272,0.0,58.7890625,1.8922271e-06
S15,2,-0.00013020410206193147,0.2987670698591772,-0.9658219182118993,1.6505189213924392,3.4258208536854373,13.875308962854305,0.016595238095238097,8.203125,0.0002449321517879756,3.39416629246303,0.04533479679938016,3.1002044677734375,3.70941162109375,3.9563195629007484,19.55052432146628,0.0,0.68359375,7.244119482890478e-07,-6.571699120842195e-08,0.018466823705737108,-0.1463558525536836,0.22235908774715313,0.23696856525736262,5.508992579282298,0.2591904761904762,58.10546875,9.872238401048971e-07,0.03257813620060199,7.194243074115792,-13.119796821035067,22.68991303944364,0.7788277568601987,0.5253522733105989,0.00042857142857142855,0.68359375,0.008872240696667488,34.39065,0.03096652,34.21756,34.591003,-0.7282627,0.7316699,0.0,56.73828125,1.8843925e-06
S15,2,6.0237464664620325e-05,0.29180284791416844,-0.9658219182118993,1.6330776454496234,3.5370085440776733,14.802159555980495,0.017952380952380952,7.51953125,0.0002327017012791948,3.412996446518671,0.04071825039176904,3.1002044677734375,3.70941162109375,4.167992954379267,22.609632714547196,0.0,0.68359375,7.244594227034406e-07,-2.6814534294440575e-06,0.01712929272435268,-0.12575461052865428,0.1751921160953105,0.17910369867866352,4.446441369286206,0.2602857142857143,58.10546875,8.475499487969806e-07,-0.15072394562733746,6.545378744566869,-14.59275977089906,22.68991303944364,0.7166773547815879,1.2441983400371237,0.0005952380952380953,0.68359375,0.009193947997618352,34.407246,0.028903648,34.21756,34.64319,-0.47513947,1.1812191,0.0,56.73828125,1.9065739e-06
S15,2,0.000548414839146367,0.2930225860183914,-0.4894556464864052,1.6330776454496234,3.50724271400308,14.528595181719837,0.01769047619047619,7.51953125,0.0002411663879620869,3.412094906398228,0.009910238717862837,3.2451629638671875,3.53546142578125,0.8590549276343612,17.540126003669812,0.0,0.68359375,2.2510767994776185e-07,1.6748675224556123e-10,0.01538749559535366,-0.11348965556394501,0.16389826198308344,0.13808555265241965,3.286669757811194,0.25821428571428573,42.3828125,6.673105636529871e-07,0.2767383274951569,5.958456768931949,-14.59275977089906,15.245692924819927,0.25264171694908794,-0.22367894162596702,0.0005952380952380953,0.68359375,0.009187274440649,34.429325,0.033032585,34.278687,34.700073,-0.52548915,0.53972864,0.0,335.64453125,1.9968859e-06
S15,2,9.025218676366413e-05,0.28823293436330594,-0.472708764162445,1.6354425384534996,3.5710803853771043,15.097003386267104,0.01607142857142857,7.51953125,0.00024142123102631387,3.420225679306757,0.012831179808584942,3.2749176025390625,3.54766845703125,0.15119153372507618,5.4150309324018355,0.0,0.68359375,2.109648624633331e-07,9.327118170646873e-07,0.013604924640061798,-0.11348965556394501,0.16389826198308344,0.12471823809830639,5.743665288744843,0.2876666666666667,42.3828125,5.206815147934111e-07,-0.09173262445868242,5.164002788005444,-10.173481496039987,15.245692924819927,0.6348135953653906,0.5580081821576077,0.0005,0.68359375,0.005930921904725761,34.45873,0.033956226,34.332153,34.700073,-0.22005054,0.42970538,0.0,335.64453125,2.0646592e-06
S15,2,-0.000557526325974481,0.27879480307073495,-0.3548385003819448,1.6354425384534996,3.751800738910129,16.585999670926128,0.013642857142857142,7.51953125,0.00021876890112901816,3.435296912420364,0.01150850787704022,3.2749176025390625,3.5518646240234375,0.19016815435342183,9.64954728075974,0.0,1.3671875,2.021655088412441e-07,9.234492526283926e-08,0.007483645518615245,-0.05789413238842398,0.06267290771973927,-0.31320827093473064,3.125212972818651,0.3352380952380952,26.66015625,1.5887159502608457e-07,-0.20048141832490174,2.4478751503280587,-8.572669175551654,5.240482746404581,-0.5550119715461159,0.951756380106112,0.0006666666666666666,0.68359375,0.0014262313158070095,34.48718,0.034956694,34.350525,34.69388,-0.7152276,0.4798,0.0,347.94921875,2.097382e-06
S15,2,5.706426582323871e-05,0.29159369693998993,-0.3960074485939384,1.6042489012899588,3.565770619150177,14.793826521590116,0.012761904761904763,7.51953125,0.0002335272225359996,3.445291065034412,0.009500085074290582,3.316497802734375,3.57513427734375,0.9185983576615132,22.401354151839406,0.0,1.3671875,2.1240573052535983e-07,-7.988726620092137e-07,0.007309097096451241,-0.04572953185327197,0.057565829753404,-0.35703389570380784,2.786086161231478,0.3398095238095238,25.29296875,1.4913518670578094e-07,0.02735454159224656,2.687143388379266,-7.846141005737297,6.785543989687771,-0.09842961189419049,0.1396311932564389,0.0007380952380952381,0.68359375,0.002275188532922709,34.50786,0.02821408,34.350525,34.750793,-0.7282041,1.4297452,0.0,343.84765625,2.1485598e-06
S15,2,-6.511000428123851e-06,0.29835431670167645,-0.43348349971158556,1.6386240353997086,3.472345106147341,13.892228337282777,0.014095238095238095,7.51953125,0.00025824610046451486,3.456142943246024,0.012608387082180286,3.34625244140625,3.5785675048828125,0.7648481481388575,6.326472492267552,0.0,1.3671875,2.1082602295741022e-07,5.163740946717264e-07,0.00764503399414992,-0.055472030365319766,0.11853559066819776,-0.11780759195451529,6.366739696342474,0.34104761904761904,25.29296875,1.68182775746462e-07,-0.11342067533171188,4.181409678696318,-11.22447909596902,13.277249478636822,0.22924625759781622,0.6598016297871365,0.0005952380952380953,0.68359375,0.003697889698162352,34.51518,0.02778,34.371918,34.769226,-0.72291404,1.7079725,0.0,19.82421875,2.179815e-06
S15,2,0.00032344503061369973,0.2916087574919255,-0.43348349971158556,1.6386240353997086,3.5180337674050075,14.490635983212773,0.01380952380952381,7.51953125,0.00023238609954933946,3.4736963181268603,0.014222967754734108,3.29437255859375,3.6083221435546875,0.12976408978645784,4.594161437983729,0.0,1.3671875,2.0640080455222358e-07,9.870162559383776e-07,0.007168936723413793,-0.055472030365319766,0.11853559066819776,-0.12842763403412952,7.710835511046286,0.34959523809523807,25.29296875,1.4480046889679418e-07,-0.06651146111344858,4.112924722760171,-11.22447909596902,13.277249478636822,0.3385480292110229,0.7473641326397975,0.0005476190476190477,0.68359375,0.0032076793484014277,34.52125,0.028255593,34.414764,34.809265,-0.7100839,1.5574789,0.0,19.82421875,2.176904e-06
S15,2,0.00028604042145863014,0.28618905218048046,-0.41340135346264195,1.5976426232232601,3.612580157611975,15.294111047549237,0.015833333333333335,7.51953125,0.00022503440351671967,3.4903010141281854,0.01408462204719154,3.29437255859375,3.62091064453125,1.2579168083109196,6.6245466870980465,0.0,0.68359375,2.0453192727565586e-07,-5.89995871897487e-07,0.008406042690560799,-0.16273864338134333,0.15378835453170225,-0.061972084906082386,25.287112398468405,0.347,25.29296875,2.0458412351144707e-07,0.1791636865485113,3.28611128335284,-6.92458323640815,7.241695269398551,0.23386880499447402,-0.6652188556422085,0.0006428571428571428,0.68359375,0.002770745628242919,34.529705,0.028540535,34.419373,34.809265,-0.7316658,1.4538488,0.0,49.21875,2.172811e-06
S15,2,-0.0004174289791244127,0.28471823963663334,-0.4278064070838623,1.5976426232232601,3.710446307388198,15.94693974834896,0.01780952380952381,4.1015625,0.00022945370269328842,3.490455772763207,0.013813016836560369,3.3054351806640625,3.62091064453125,1.37340784794593,5.516551837555671,0.0,0.68359375,1.9468891398421634e-07,-7.176946433924961e-07,0.008883390779296268,-0.16273864338134333,0.15378835453170225,-0.04498762063373642,20.074196780191425,0.3513095238095238,25.9765625,2.2984840609183952e-07,-0.07217531158218227,3.821642292628253,-8.305840183437052,7.572769049658962,0.17180976801513803,-0.9151581885292508,0.0006428571428571428,0.68359375,0.003915448621640937,34.54185,0.029132936,34.376526,34.816956,-0.67885995,1.4944673,0.0,163.37890625,2.1777078e-06
S15,2,-0.0002824296795801017,0.2842870802716963,-0.43101889541393507,1.593517538765553,3.7417530155624323,16.202046548112733,0.016785714285714286,4.1015625,0.00021415907294093187,3.4878683816818965,0.010006582559000724,3.3786773681640625,3.6144256591796875,1.118988197432883,13.42256728901554,0.0,1.3671875,1.9282129239287247e-07,-3.5083043923938467e-07,0.007772392863741062,-0.04782385346604215,0.035877500476192536,-0.2519076044522559,1.5387828911593324,0.3536190476190476,24.609375,1.6796539828693564e-07,-0.09332744179710309,4.374940098877232,-8.353814837528454,9.855586250727383,0.2572474742197049,-0.8174511683021546,0.0006904761904761905,0.68359375,0.004906287005360776,34.55274,0.02787888,34.37039,34.816956,-0.77863014,1.7526283,0.0,75.1953125,2.1831231e-06
S15,2,0.0006523280079513572,0.28536551358725754,-0.5106464086171972,1.6077647963599366,3.7235135415344436,16.032821790629722,0.01719047619047619,4.1015625,0.00020864795197600796,3.5064488365536643,0.01847027206129456,3.3786773681640625,3.64227294921875,0.24902851245936006,0.22802658879578352,0.0,1.3671875,1.9887452488468362e-07,1.2185727678130314e-06,0.00905490818890538,-0.25864889416081244,0.19695003155802154,-0.9387908241045806,44.405242965874336,0.3409761904761905,24.609375,2.1920575462383015e-07,0.029190836068341112,5.129531408713323,-12.80785524495054,13.409099205347221,0.29078125219410295,-0.08209344908168204,0.0006666666666666666,0.68359375,0.005749151782643877,34.555687,0.027765399,34.37039,34.809265,-0.84860855,1.4624467,0.0,10.9375,2.1703959e-06
S15,2,0.00010543821215194882,0.2813542204243859,-0.5106464086171972,1.6077647963599366,3.765034092563481,16.50877778166268,0.017976190476190475,4.1015625,0.00021084535109371376,3.53156616574242,0.015264168510914326,3.4091949462890625,3.644561767578125,-0.29403887142386514,2.241459687685195,0.0,1.3671875,1.9028454600817057e-07,1.6042102484951138e-07,0.009687300517111669,-0.25864889416081244,0.19695003155802154,-0.7461941008295094,33.82183935235472,0.3325,24.609375,2.5593877805128087e-07,-0.06477272181341087,5.0939496274207094,-12.80785524495054,13.409099205347221,0.4649347215765818,0.1431606902308311,0.0005476190476190477,0.68359375,0.0051052992568146865,34.565823,0.030608082,34.445404,34.806183,-0.5790906,0.94395995,0.0,18.45703125,2.1943733e-06
S15,2,-0.0007279477861425488,0.27726486132170175,-0.46534199283659883,1.5915575353752927,3.8267255217608636,17.07678076410921,0.017857142857142856,4.1015625,0.00021421630455152382,3.546734973362514,0.010783815761850342,3.3168792724609375,3.6525726318359375,0.1223273009234259,14.82557069880086,0.0,1.3671875,1.9031132988969854e-07,-1.1400976605568165e-06,0.009146834900732296,-0.049546778158950026,0.04334413768395116,-0.11791719439057514,0.93677640339842,0.33695238095238095,25.9765625,2.3763361831230778e-07,0.11382021999888389,4.394662657186625,-7.839922765690205,12.177948506586628,0.31805956461992657,-0.46541346097097014,0.0005952380952380953,0.68359375,0.004482288581225998,34.589928,0.032542277,34.445404,34.806183,-0.5919144,0.63034415,0.0,2.05078125,2.2477566e-06
S15,2,4.686677483015454e-06,0.27961383250971317,-0.43167067029621753,1.5935379016122213,3.807115176765422,16.78922929946669,0.017523809523809525,4.1015625,0.00021682737593828918,3.5580216725667317,0.011586442721080153,3.3168792724609375,3.6773681640625,0.17293129966174942,12.584396586434721,0.0,1.3671875,1.8989335528134968e-07,-1.3277097148109033e-08,0.009073169519151032,-0.049333136507058464,0.04334413768395116,-0.15470866340134895,0.9749303372530687,0.3279285714285714,25.9765625,2.3367904608939326e-07,0.02039905234752318,4.406733321828193,-8.248838139510594,9.492763431212353,0.21061507306963842,-0.8584457903292719,0.0006428571428571428,0.68359375,0.004546993284005787,34.611008,0.0295578,34.445404,34.88626,-0.7326208,1.1824646,0.0,15.72265625,2.2690328e-06
S15,2,7.856524344305196e-05,0.28751262185553245,-0.5724169180658082,1.636110634286323,3.666794885712569,15.562685800908369,0.017380952380952382,4.1015625,0.0002377228664209664,3.5750097365606397,0.023446820254033097,3.4610748291015625,3.7628173828125,0.8380183185375087,1.086603298969341,0.0,0.68359375,2.2850654179872044e-07,-9.098806850639072e-07,0.013843633085592262,-0.12495647202182542,0.174613460243609,0.2607766272221206,11.528953000722542,0.29638095238095236,53.3203125,5.183872272377147e-07,-0.02135008197815551,4.273353694900388,-8.477065257223016,9.327454622314558,0.11060958671278928,-0.6053879591489184,0.0005714285714285715,0.68359375,0.003988690524489905,34.620644,0.029958146,34.430084,34.88626,-0.7469599,1.5290413,0.0,349.31640625,2.254356e-06
S16,1,7.12733794463679e-05,0.30791327131717944,-0.4136249520099266,1.6452207758373896,3.623594835298998,14.626580737777015,0.012952380952380953,4.1015625,0.00026855011583791825,0.9744066329229446,0.013230368892981733,0.7183074951171875,1.08795166015625,1.1009606714686004,9.816280775897953,0.0,0.68359375,4.832095728964699e-07,-1.4351404477451141e-07,0.010960043390502435,-0.08330203308885842,0.05655901809093395,-0.17409744805088484,1.3919371240425287,0.3082857142857143,58.7890625,3.3715074796459306e-07,0.005711670006696925,2.8276790821641984,-7.017072710749718,7.218220258433118,-0.07224552155922004,-0.682803259122382,0.0007857142857142857,0.68359375,0.0030211877373097604,33.430206,0.053945757,33.293762,33.62918,0.0041837925,-1.0034395,0.0,274.8046875,1.1530658e-06
S16,1,-0.00038736594786137026,0.296549929227787,-0.3725351884471386,1.6104472866160697,3.7167755647166425,15.78558969426691,0.011476190476190477,4.1015625,0.00026047804535283913,0.9697241646902902,0.013771212586700691,0.68511962890625,1.128387451171875,0.7923213718671686,12.919207355758076,0.0,207.8125,4.878066656253152e-07,-7.935819675945704e-08,0.010949683556320786,-0.08330203308885842,0.07091711041814762,-0.056806790966006854,1.5656584546829073,0.30583333333333335,54.00390625,3.415599198013273e-07,0.000924749370010962,2.6542456743204683,-5.232138222599877,5.049502802941483,-0.06304139540637894,-1.1004279502029808,0.0007857142857142857,0.68359375,0.0026429310679781126,33.502113,0.038753618,33.357117,33.673126,-0.31392023,-0.16455841,0.0,211.9140625,1.2143028e-06
S16,1,-0.00012676371645940619,0.29527750358459653,-0.3631502899154287,1.5860410353535164,3.72336696110768,15.91937923472376,0.010761904761904762,4.1015625,0.00025324613434175175,0.9629549843924387,0.013585279519558395,0.68511962890625,1.128387451171875,1.0233844948224928,9.715875620457867,0.0,207.12890625,4.785138220751337e-07,-2.8238831042840077e-07,0.010150164068079788,-0.060088472713234024,0.07091711041814762,0.019399833276194853,1.3191378510700362,0.32226190476190475,54.00390625,2.933670053726439e-07,0.012124767110602756,2.565899321871217,-4.963189158293369,4.658236617962141,0.0007976824812151668,-1.2913145346901778,0.0007142857142857143,0.68359375,0.0023426455649435715,33.559105,0.039248932,33.450684,33.747406,0.13369727,-0.42566323,0.0,136.03515625,1.2282712e-06
S16,1,0.00013665177714310307,0.2982844972262479,-0.39051744541435207,1.593026766570079,3.626609790246271,15.26750768999548,0.01107142857142857,4.1015625,0.00025705915827430563,0.9564260119483584,0.013386892137906592,0.7720947265625,1.080322265625,1.2138745348128968,5.431594202729929,0.0,215.33203125,4.6622538025491603e-07,-3.671601263115091e-07,0.008706397813151906,-0.04338203077517311,0.0399470131571816,-0.09009809556439034,0.30789780598599936,0.343,53.3203125,2.148538985434709e-07,0.05900763661438705,3.1533866100481944,-8.398195247521244,9.547255049857707,0.18710839599233411,0.03510623207571495,0.0006428571428571428,0.68359375,0.002559142196236568,33.610664,0.03355203,33.496033,33.765594,-0.31986284,0.06930661,0.0,30.76171875,1.2370966e-06
S16,1,3.7785666043268476e-05,0.30496490342142957,-0.3980279909191237,1.5973867523798264,3.5677026452177025,14.605997494586568,0.011142857142857144,4.1015625,0.0002758342302938319,0.9524591990879604,0.013062926975164722,0.6649017333984375,1.053619384765625,1.1066912114867236,10.609764160878749,0.0,223.53515625,4.762914078460413e-07,5.840558911704866e-07,0.008767171408047994,-0.05639138901605871,0.04312209147026474,-0.12331593716212198,0.4542583222126457,0.33680952380952384,42.3828125,2.2003118612303723e-07,-0.01394451027028273,3.2288503436350884,-8.398195247521244,9.547255049857707,0.25023694864831597,0.030670674331280345,0.0006666666666666666,0.68359375,0.0028087672312395143,33.64491,0.025322808,33.54901,33.79596,-0.2049602,1.3648629,0.0,8.88671875,1.268416e-06
S16,1,0.00018248230555680634,0.30955687288944556,-0.42297877453047156,1.6074106667434822,3.5718589439197994,14.359895373050271,0.011785714285714287,4.1015625,0.00027605120072025707,0.9482111612955729,0.013806801175834821,0.6374359130859375,1.0585784912109375,0.6761277397577831,16.003539906575824,0.0,0.68359375,4.927530219399139e-07,3.3338048373371343e-07,0.009403028427449774,-0.07339963307016775,0.06463724755590279,-0.10572038399611981,0.6239171454953194,0.3177142857142857,47.8515625,2.5333802977203746e-07,-0.05598506792337754,2.561721847265875,-5.275010333315129,6.532167632388454,0.1308753307037805,-0.8911595536428054,0.0007857142857142857,0.68359375,0.0027536915485588806,33.672813,0.027734276,33.58377,33.82782,-0.076238595,0.7692995,0.0,3.41796875,1.3146941e-06
S16,1,0.0002196679326995703,0.30356343512516326,-0.42297877453047156,1.6074106667434822,3.657698731663427,15.08794160480321,0.011666666666666667,4.1015625,0.00025724051537373414,0.9518078304472424,0.01592833543144328,0.6374359130859375,1.0921478271484375,0.7122342198462299,6.954643532062807,0.0,235.83984375,4.821744148571606e-07,-2.0532811297080424e-07,0.009816714546750037,-0.07339963307016775,0.06463724755590279,-0.08473828356184106,0.7493458212296091,0.31083333333333335,59.47265625,2.749172236479418e-07,-0.0026864729304782683,2.8893174887988406,-7.6358921311167185,7.886065057664271,0.025160601361216738,-0.3541663080565831,0.0007380952380952381,0.68359375,0.0027980325229430367,33.707848,0.031476825,33.608,33.876465,-0.0021765442,0.37263513,0.0,144.23828125,1.3410279e-06
S16,1,-0.0003605582058629813,0.29793710334508827,-0.39948333663518126,1.5987291183215124,3.745825431138583,15.834829516183706,0.010809523809523809,4.1015625,0.0002565979828774555,0.967050906590053,0.01630132502843569,0.8464813232421875,1.0921478271484375,0.6412285907778056,2.202703879733984,0.0,0.68359375,4.751875406890356e-07,1.6880726925292847e-07,0.009652895065273635,-0.06455729034444453,0.07681916911879777,-0.06326707843664665,0.8201887966016197,0.31692857142857145,51.26953125,2.660010087172777e-07,0.054079621809411144,2.9335692243130937,-7.6358921311167185,7.886065057664271,-0.03207632378039999,-0.4476458937468748,0.0007142857142857143,0.68359375,0.0027293449263280844,33.75613,0.03922789,33.642822,33.929657,-0.020116532,-0.3679881,0.0,106.640625,1.3956532e-06
S16,1,-0.00014592914566817988,0.2973256447669309,-0.36645520394091485,1.5877745012095852,3.7280812603321594,15.771506774695922,0.010571428571428572,4.1015625,0.00026141232462216865,0.9722571327572778,0.013624816845166705,0.8052825927734375,1.0906219482421875,1.280166985000558,5.15299630785921,0.0,0.68359375,4.808212536041266e-07,1.821639093444234e-07,0.009073210946390228,-0.05000401431987042,0.07681916911879777,-0.05338999876131036,0.4880446507580354,0.3165,51.953125,2.3547691409159633e-07,0.020007638308414184,2.3582699799383766,-4.687630488535017,4.656086662485193,-0.015680676974631422,-1.3425928678051042,0.0007857142857142857,0.68359375,0.0024537518088988655,33.805412,0.032561224,33.691315,33.966125,-0.27688175,0.41694188,0.0,79.296875,1.4602225e-06
S16,1,3.015678721883118e-05,0.3000399381633972,-0.37168736782152906,1.5889416785876072,3.695393106671548,15.440558871174602,0.010642857142857143,4.1015625,0.0002616426788688553,0.9712012518019904,0.013129264899378044,0.8052825927734375,1.0833740234375,1.3334630007790857,5.701049667645858,0.0,0.68359375,4.727330851714459e-07,-1.6337904380436808e-07,0.009143602490143033,-0.05000401431987042,0.04814778971510401,-0.07839333146456497,0.28656624354548654,0.3137857142857143,55.37109375,2.3855358423352244e-07,-0.023286654828375906,2.15881562442436,-3.573652392923728,3.6411013338164038,0.027545419853302448,-1.3952278142727803,0.0007857142857142857,0.68359375,0.0019924464796120932,33.818954,0.025941316,33.71707,33.966125,-0.3224077,1.676228,0.0,220.80078125,1.4717493e-06
S16,1,-9.105291540977944e-05,0.3009538402697427,-0.4126992664710932,1.5889416785876072,3.6652191335739417,15.238219464731543,0.010952380952380953,4.1015625,0.00026064036363209435,0.9744576408749535,0.013026619297317122,0.867462158203125,1.1089324951171875,1.452468997371852,5.107422704343998,0.0,1.3671875,4.706372031891364e-07,1.7023762871105255e-07,0.009167685663371663,-0.05032304209903875,0.04814778971510401,-0.11170860500791985,0.48745922626157423,0.3251428571428571,47.8515625,2.3895039942978306e-07,-0.03316525917944991,2.415574152139913,-5.531057312601688,5.8698517044942085,0.04358722720714808,-0.9224087523733244,0.0007619047619047619,0.68359375,0.002187248318729117,33.809734,0.025522875,33.71707,33.957,-0.23685612,1.6821699,0.0,226.953125,1.4610754e-06
S16,1,0.00024938609522121886,0.2996934470629558,-0.4126992664710932,1.5883982956811102,3.65862537917135,15.285870534760669,0.010904761904761905,4.1015625,0.0002583034954238769,0.9741658528645833,0.01325053905271695,0.8777618408203125,1.1089324951171875,1.4218820737297804,5.002039813123719,0.0,1.3671875,4.784976767537113e-07,-2.60611786855068e-07,0.00897790095557282,-0.05032304209903875,0.04788511490455643,-0.13403136483708913,0.4130194599902768,0.3259761904761905,54.6875,2.3013926295398204e-07,0.02838532729837888,2.4865092162832947,-5.531057312601688,5.8698517044942085,-0.013277245862535772,-1.04712357502116,0.0007380952380952381,0.68359375,0.0023943184458345575,33.824398,0.02990883,33.726166,33.981354,-0.16454384,0.6530988,0.0,216.69921875,1.4636088e-06
S16,1,0.0005200788509845067,0.30229801037536713,-0.3756652401096153,1.5950104797459483,3.681475952195701,15.23889002342079,0.010642857142857143,4.1015625,0.0002645675325973482,0.9732704253423782,0.013182192553775642,0.8625030517578125,1.0997772216796875,1.4621130806472362,5.698078420819842,0.0,1.3671875,4.743478689212426e-07,-1.2036807774340257e-07,0.009003143108806391,-0.056522833434426385,0.04093619115238169,-0.13611570453720948,0.29637085630770343,0.31802380952380954,60.83984375,2.3210814160260286e-07,-0.06058723138110249,2.756563129189792,-9.118733352624641,8.195728557493654,-0.15233897876485658,0.5877587534540112,0.0007619047619047619,0.68359375,0.0027342958606210396,33.856316,0.029743906,33.75348,34.02704,-0.094138026,0.73748064,0.0,27.34375,1.5237204e-06
S16,1,0.00017896322365507986,0.3033523786780785,-0.3818196287699746,1.5950104797459483,3.7339448904341737,15.413752870810672,0.010452380952380953,4.1015625,0.00026773065315723456,0.9791516531081427,0.013946021406898717,0.81329345703125,1.111602783203125,1.1409413962637132,5.169346583941113,0.0,184.5703125,4.7036034451102526e-07,7.508428845405221e-07,0.009918970970286253,-0.122102993758063,0.11005943643137055,-0.2704303095158627,4.512695643146969,0.31392857142857145,58.10546875,2.7917633763193363e-07,-0.05271147448179666,2.6302249944729015,-9.118733352624641,8.195728557493654,-0.1425015950088476,1.2545157102845073,0.0007619047619047619,0.68359375,0.002209884878495216,33.872505,0.026454108,33.78836,34.02704,-0.31988344,1.210917,0.0,28.02734375,1.55865e-06
S16,1,-0.0001061426446714911,0.3084417841728553,-0.3818196287699746,1.5951516459254682,3.7158983416032365,15.049024094411745,0.010738095238095238,4.78515625,0.00027407665095917333,0.9842349915277391,0.012884786292942105,0.7961273193359375,1.111602783203125,1.3060412576396276,7.524348888246941,0.0,0.68359375,4.65446509371605e-07,2.6136429806093427e-08,0.010724350076595264,-0.122102993758063,0.11005943643137055,-0.2254972558261702,4.036249520180607,0.3132857142857143,43.75,3.262473947830666e-07,0.2051276947517839,2.3715215673509413,-4.087082487585729,8.118746584475204,0.41752517232402464,0.09736344629189686,0.0007857142857142857,0.68359375,0.002172165750168165,33.856243,0.03222952,33.741333,34.020935,-0.26387084,0.33364606,0.0,121.6796875,1.5103237e-06
S16,1,-0.0003087414201586299,0.3095647778795076,-0.387279568330797,1.5999905436571527,3.733480305051254,15.08004270919428,0.010738095238095238,4.78515625,0.00028728076596727805,0.9852774211338589,0.012838592397806152,0.7961273193359375,1.111602783203125,1.3435632810927962,6.445187685547385,0.0,224.90234375,4.609517221666247e-07,-7.209251368306101e-07,0.010063411330484167,-0.09461891805943609,0.07695688464411396,-0.11214007322179914,1.3887050443717612,0.31657142857142856,60.15625,2.8913167403798104e-07,0.008098302376089935,2.6879215859596703,-8.006189174978715,8.118746584475204,-0.0013318404849231387,0.1658075359376423,0.0007380952380952381,0.68359375,0.002535353106337097,33.832127,0.02720191,33.741333,33.987457,-0.15876006,1.1488194,0.0,138.0859375,1.4376498e-06
S16,1,-0.00010871050818593034,0.3099531603328029,-0.39167479248541703,1.6010254864471167,3.716242161671736,14.950889208755918,0.011,4.78515625,0.00029121389803966907,0.9858047122047061,0.012761088976553508,0.7617950439453125,1.111602783203125,1.2881908988504813,7.60785436819717,0.0,0.68359375,4.597084539476506e-07,6.815637836863717e-07,0.009321559599799916,-0.06172196256990859,0.053159213190088275,-0.10944023296032127,0.7968653610154526,0.3269047619047619,51.26953125,2.49594965055818e-07,-0.12620465649911078,2.598536080175028,-8.006189174978715,4.67206015167053,-0.3929774277767218,-0.271377477497333,0.0007380952380952381,0.68359375,0.0022050001006827425,33.83868,0.027429527,33.744385,33.99655,-0.28863907,1.0538716,0.0,131.93359375,1.4748855e-06
S16,1,0.00017381466264056696,0.30595340315622344,-0.39167479248541703,1.6010254864471167,3.6755045921284006,14.993489165386716,0.01219047619047619,4.1015625,0.000268035968607541,0.985141100202288,0.012797062231721817,0.7617950439453125,1.1077880859375,1.314521413043488,7.6320195966782745,0.0,0.68359375,4.612970122482127e-07,3.265659831908925e-07,0.008656573514342616,-0.06172196256990859,0.053159213190088275,-0.07594308524297796,0.9111762406087665,0.3416904761904762,46.484375,2.150457932110251e-07,-0.004821577419138759,2.4587767729332617,-6.290764769894458,4.67206015167053,-0.11927366620689794,-0.9594692809605534,0.0008095238095238096,0.68359375,0.0025609780751719865,33.863525,0.026945662,33.77774,34.01483,-0.26908258,1.130724,0.0,154.4921875,1.5474428e-06
S16,1,-0.0001607243351863845,0.294165982689175,-0.3771572133503594,1.5868168630626582,3.726320023301447,15.991722111679788,0.012619047619047618,4.1015625,0.00025112040958451314,0.9834377379644484,0.01300817237589684,0.7938385009765625,1.1077880859375,1.346138702722707,6.448278245368405,0.0,180.46875,4.7155532117853516e-07,-8.531569301001838e-07,0.00792975840061851,-0.04257776949275281,0.04671450056080673,-0.03186155246613838,0.33738921095890495,0.3449285714285714,34.1796875,1.797131148625718e-07,-0.025528738094282074,2.4331685442264397,-4.079676948686691,4.142989392759873,0.021089916088984226,-1.3954607120972082,0.0008095238095238096,0.68359375,0.0027251736731529223,33.871014,0.02485864,33.78232,34.01483,-0.41620487,1.7158136,0.0,183.203125,1.5678906e-06
S16,1,-0.00032910648281045504,0.2922386491645535,-0.3771572133503594,1.5759845739431848,3.7273620000274854,16.124419850270904,0.012690476190476191,4.1015625,0.00025164057909156406,0.9798877897716703,0.013117071362902582,0.7938385009765625,1.11236572265625,1.2890307194288126,6.460601968780487,0.0,181.15234375,4.7122457715243876e-07,2.4815717721766216e-07,0.00801478026834649,-0.04419542468812474,0.0511796137908828,-0.02958299584867122,0.6619718123697504,0.3450238095238095,39.6484375,1.8309480536066853e-07,0.04081395326804659,2.5167610880618403,-4.079676948686691,4.142989392759873,0.0032933117669565882,-1.4539428505195828,0.0007619047619047619,0.68359375,0.0025709711768321037,33.86464,0.024008138,33.786865,34.00418,-0.36060578,2.267478,0.0,219.43359375,1.5925235e-06
S16,1,0.0003557690255316457,0.30257958970330256,-0.3804656187529077,1.5874209428526695,3.6524786726266996,15.130446132466155,0.012452380952380953,4.1015625,0.0002591000904270817,0.9755825133550735,0.01301349397425214,0.8197784423828125,1.11236572265625,1.368825122530173,5.465289230047279,0.0,177.05078125,4.594817070604356e-07,7.687244383670306e-07,0.008141883495621999,-0.04419542468812474,0.07626184584556202,0.01459057576885173,1.0382879902911348,0.3449047619047619,39.6484375,1.871321073471159e-07,0.007380597083244105,2.627219582321727,-5.170106549123831,5.589707104808257,-0.0010422510220601466,-1.3081924185295586,0.0007380952380952381,0.68359375,0.0027066602402374346,33.863617,0.023732249,33.78836,34.00418,-0.36101365,2.3831573,0.0,214.6484375,1.574357e-06
S16,1,2.7030414859042244e-05,0.30882521844939237,-0.3804656187529077,1.5989752018292143,3.6560330849662415,14.781369260008901,0.011904761904761904,4.1015625,0.00028001316487155073,0.9709459032331195,0.013114618234180296,0.81329345703125,1.076507568359375,1.3211219483175574,5.367362162245438,0.0,195.5078125,4.609251971029637e-07,-2.9770602491715607e-07,0.00835001520119866,-0.05166464474078574,0.07626184584556202,0.02402391784270649,1.1590634491512075,0.34276190476190477,39.6484375,1.9943431922809166e-07,-0.11236864988055997,3.618579835617513,-11.783139731575629,12.461471592871282,0.07257066760339524,1.3119188587637796,0.0007619047619047619,0.68359375,0.0044825862376635115,33.87016,0.02444662,33.789917,34.013306,-0.37672862,1.9859872,0.0,214.6484375,1.5662554e-06
S16,1,-0.00045376037103683585,0.3066463835729272,-0.3752894444154504,1.5989752018292143,3.7539886978879715,15.339577477056693,0.011214285714285715,4.78515625,0.00028026786906637567,0.9733297529674712,0.013916717192750463,0.81329345703125,1.0852813720703125,1.1018737639558507,4.4310614191347915,0.0,0.68359375,4.6837757372814033e-07,-9.480690810643559e-07,0.008741366008483398,-0.060428133528832736,0.06398874765107303,-0.057966044155665274,0.8396202811959497,0.3414047619047619,49.90234375,2.180984360475434e-07,-0.03728406112059486,3.3563053781326975,-11.783139731575629,12.461471592871282,0.01563750678061679,2.525594169215614,0.0007380952380952381,0.68359375,0.003688651881227056,33.878532,0.027464096,33.789917,34.042236,-0.11039303,1.3270717,0.0,170.8984375,1.5969316e-06
S16,1,-2.2598132396261912e-05,0.3006827785425993,-0.3753322630419939,1.5877849951425145,3.793827194801546,15.909603702161384,0.01107142857142857,4.1015625,0.00026066325221428576,0.9736527579171317,0.01411766187646819,0.8563995361328125,1.0852813720703125,1.0452071279402197,3.959447699202941,0.0,169.53125,4.763525372278137e-07,3.7565328784571106e-07,0.008882884160793594,-0.060428133528832736,0.05931646365651451,-0.10159194864182819,0.9555673055596268,0.3399761904761905,66.30859375,2.234875151562884e-07,0.06020245050299066,2.169127875137446,-4.248426555261946,5.21015051554717,0.00760112030727731,-1.1041936173182754,0.0007142857142857143,0.68359375,0.0017072216344107194,33.912415,0.042483095,33.789917,34.091003,-0.15672179,-0.5090623,0.0,145.60546875,1.5707589e-06
S16,1,0.0002925170868310516,0.29715799068436993,-0.3753322630419939,1.5877849951425145,3.7688604121772578,16.03423159905977,0.011666666666666667,4.1015625,0.0002504499994990091,0.9660968689691453,0.01365267544774444,0.8235931396484375,1.076507568359375,1.2094605767496756,5.093033614905348,0.0,214.6484375,4.800011583742611e-07,4.6116680882025797e-08,0.008938451019478525,-0.05988850462723848,0.05931646365651451,-0.10382550800533585,1.5456390200290597,0.34173809523809523,54.6875,2.2457225632404922e-07,0.08463877966942385,2.260600088864729,-4.248426555261946,5.21015051554717,0.05480851661784048,-1.1832135761032674,0.0007380952380952381,0.68359375,0.0020028819654783216,33.958233,0.029992877,33.850616,34.109283,-0.40443236,0.79233766,0.0,144.921875,1.5909502e-06
S16,1,2.1907724713058213e-05,0.3017273926096769,-0.36865525416458866,1.591543002574034,3.7225193580109903,15.522018781170285,0.01169047619047619,4.1015625,0.0002626791457106784,0.9638471512567429,0.01308679379899365,0.8235931396484375,1.0852813720703125,1.4174594517366446,6.199501116045685,0.0,216.69921875,4.823499438873511e-07,-1.2363395785310805e-06,0.008986945534073986,-0.05988850462723848,0.06418297894299983,-0.06600534523478566,1.5131719055700605,0.33195238095238094,54.6875,2.280269464779544e-07,0.03356009987675523,2.267079372773699,-4.254266232033551,4.596277771474416,0.009883198867481145,-1.2539576548317053,0.0007857142857142857,0.68359375,0.0022389185545138917,33.97699,0.024555882,33.88861,34.109283,-0.4799832,1.9688396,0.0,119.62890625,1.6244734e-06
S16,1,-0.0002912085109561866,0.3064475149089027,-0.40895485341332727,1.591543002574034,3.676633150210804,15.041220296620253,0.012571428571428572,4.1015625,0.0002746964823535474,0.9663081850324359,0.01303904767874584,0.8731842041015625,1.0936737060546875,1.4733481389966359,5.663622074855745,0.0,249.51171875,4.6986053203074436e-07,1.3539059682957974e-07,0.008980572669052382,-0.08375387767572758,0.07043575417336095,-0.03966186186351634,1.440322550846318,0.31723809523809526,41.69921875,2.2966040236210228e-07,-0.033741607354100964,2.332654845581646,-4.726639721517385,4.596277771474416,-0.03995744667153392,-1.1766892808312435,0.0007857142857142857,0.68359375,0.0023946079679875785,33.978798,0.024788536,33.88861,34.115387,-0.5088747,1.8560343,0.0,190.0390625,1.618285e-06
S16,1,0.00036537860885455187,0.3013652205176276,-0.40895485341332727,1.588702465988068,3.7124430947988754,15.499117295713738,0.013214285714285715,4.1015625,0.0002618416766730949,0.9654787881033761,0.013092520652749066,0.7884979248046875,1.0936737060546875,1.3571517102793562,6.088884182305158,0.0,199.609375,4.608370789331049e-07,1.2365545415645063e-06,0.00852946292554651,-0.08375387767572758,0.07043575417336095,-0.10306455925106746,1.160259252280433,0.32435714285714284,56.73828125,2.077964612487024e-07,0.0033462014317023002,2.271493162253656,-4.726639721517385,4.40617632343648,-0.0708287280252048,-1.2377554827129822,0.0007619047619047619,0.68359375,0.0021464293600427726,33.96177,0.029110678,33.862762,34.115387,-0.28091738,0.8195193,0.0,162.6953125,1.6076636e-06
S16,1,-4.516686735037789e-05,0.29548562197898565,-0.3973722173375918,1.5830453873187251,3.741716410265716,16.001474836370097,0.013404761904761905,4.1015625,0.0002560755280089297,0.9606840042840867,0.01316322407084547,0.7293701171875,1.085662841796875,1.2931801496002817,8.957922365561565,0.0,159.27734375,4.7463925276852825e-07,1.5258280128188508e-07,0.009170980630010367,-0.07447155595607714,0.050920312802788484,-0.14315350931800694,1.231465054998048,0.32247619047619047,51.26953125,2.395444535062485e-07,0.02721926485552822,2.443789212138803,-4.280748819759008,5.320075589668571,0.07342616914658918,-1.290739549470776,0.0007857142857142857,0.68359375,0.0026027766991557153,33.940327,0.02498812,33.85669,34.10013,-0.4425333,1.6580153,0.0,198.92578125,1.5876608e-06
S16,1,-0.00028028202302414604,0.30441623561377873,-0.3973722173375918,1.597427770102281,3.7183835401407834,15.333013364108325,0.01307142857142857,4.1015625,0.0002614038081761951,0.9611344473702567,0.013309808939558283,0.7293701171875,1.085662841796875,1.260154212329348,7.561612901218565,0.0,146.97265625,4.7065809197509656e-07,-1.1415978374453033e-06,0.010687614616202469,-0.09499432915162873,0.08322093006570634,-0.24622196149932085,2.0226939363127565,0.31776190476190475,49.90234375,3.2650026959249477e-07,-0.04625064987455203,2.695114008460418,-8.167853068462126,8.241182309588673,0.07146427827762608,0.17806815791904373,0.0008095238095238096,0.68359375,0.0029459638756966842,33.924526,0.026096642,33.832397,34.06967,-0.49830267,1.5440316,0.0,164.74609375,1.5946086e-06
S16,1,0.0001888796712755591,0.3064876057064868,-0.3948806998776803,1.597427770102281,3.740122451311223,15.27513787742145,0.012214285714285714,4.78515625,0.0002678667707298129,0.9639146986461821,0.012943002575594977,0.72784423828125,1.0955810546875,1.2628072770176566,8.113034594467209,0.0,123.046875,4.613331976110542e-07,1.6820907495922347e-07,0.010485219302202874,-0.09499432915162873,0.08322093006570634,-0.26139386810105997,1.825436715371934,0.32757142857142857,49.90234375,3.127026550478695e-07,0.02306927683303473,2.635381413994444,-8.167853068462126,8.241182309588673,-0.04487521903566282,0.3946390489262681,0.0007619047619047619,0.68359375,0.0024824805416646303,33.907207,0.02602431,33.79596,34.057465,-0.42609373,1.631948,0.0,190.0390625,1.6152844e-06
S16,1,0.0003892114087690992,0.29971728429031813,-0.39061237146469974,1.5877647159940174,3.7697012922632704,15.811002106203809,0.012047619047619048,4.1015625,0.00026211678724489206,0.9648789542061942,0.012823561141195407,0.72784423828125,1.0955810546875,1.3681144242421794,9.185732385137088,0.0,192.7734375,4.61975747260715e-07,9.853294442350775e-07,0.009731351732422962,-0.05648226783803441,0.049579913893928566,-0.15945996406262206,0.5263094026175068,0.3322380952380952,45.1171875,2.7057241251268663e-07,0.06266250595058273,2.50685975497444,-5.369009951481675,4.98708620118898,-0.07601170166626091,-1.1405405459125808,0.0007380952380952381,0.68359375,0.002363166680308843,33.89127,0.025375273,33.79596,34.054443,-0.47164345,1.6291761,0.0,211.9140625,1.6196809e-06
S16,1,0.00020956132875927502,0.2967586283608239,-0.39061237146469974,1.584103892794333,3.774142710245773,16.017754694717752,0.011904761904761904,4.1015625,0.00025348521630249335,0.9654502777826218,0.012817057475133708,0.8609771728515625,1.09405517578125,1.5730894386433087,6.585980135295694,0.0,162.6953125,4.637140126169331e-07,-2.9586774131321666e-07,0.009176154843709518,-0.05648226783803441,0.04597262455693662,-0.18737560673002587,0.51193653806784,0.33271428571428574,44.43359375,2.382765625476624e-07,-0.06747893149467252,2.301774153500711,-5.182155979461983,4.98708620118898,0.025257325261745178,-1.2213881199883592,0.0007142857142857143,0.68359375,0.0019650103576295975,33.905674,0.036971696,33.808136,34.091003,0.21138403,0.057853937,0.0,208.49609375,1.6194543e-06
S16,1,-0.00044961862122699345,0.2973889857075264,-0.3627878528313631,1.5832772611056567,3.7651268413661083,15.950326529190544,0.011666666666666667,4.1015625,0.00025961509100879413,0.963846797034854,0.01291945139281688,0.775909423828125,1.0807037353515625,1.4290027507602474,7.109010503452394,0.0,113.4765625,4.6963134566818354e-07,-4.4064796171199915e-07,0.008897361722898149,-0.054728188798025906,0.03779275129190774,-0.1906914222289555,0.3636413123969473,0.3283333333333333,50.5859375,2.2629330396004277e-07,0.010991863928188395,2.2316228225922097,-4.26139364526378,4.153008114479578,0.009343856345240611,-1.382583374440743,0.0007380952380952381,0.68359375,0.00202298014570056,33.954952,0.04020414,33.8172,34.123016,-0.48801652,-0.09603238,0.0,140.13671875,1.6180343e-06
S16,1,3.3701806971794456e-05,0.3047702354533006,-0.3875446519747826,1.591968513607215,3.7157039631859083,15.2643150492259,0.011619047619047619,4.1015625,0.00025922059367097816,0.962016723269508,0.012958397971191742,0.775909423828125,1.1119842529296875,1.4972278303906408,7.515343998723848,0.0,113.4765625,4.695323072680163e-07,7.542754974873145e-07,0.00963165777446918,-0.07241134223338139,0.05281139798226497,-0.17238577519830153,0.8270775655230103,0.3222857142857143,45.80078125,2.6351443837736357e-07,0.027137768640403768,2.607687330961714,-6.608754793727114,5.851106959554872,-0.04141115872354347,-0.8805988687115915,0.0007619047619047619,0.68359375,0.0026848972323858327,33.984535,0.024850223,33.89923,34.12451,-0.5194617,1.8031592,0.0,140.13671875,1.6537679e-06
S16,1,5.923114604150073e-05,0.3020961763913066,-0.3875446519747826,1.591968513607215,3.7517891180977228,15.58310210579451,0.011857142857142858,4.1015625,0.00025633391051737073,0.9643478211902436,0.013325925973740419,0.8701324462890625,1.1119842529296875,1.4529271050542774,6.027680688642116,0.0,111.42578125,4.7258878466545514e-07,1.286285264632106e-07,0.009438053776823519,-0.07688100041376644,0.05281139798226497,-0.19642393816136794,1.2030716360069107,0.322047619047619,45.1171875,2.5717415594917777e-07,-0.010791664930961528,2.49754146321972,-6.608754793727114,5.851106959554872,-0.060098511923852495,-0.6580310761253849,0.0007142857142857143,0.68359375,0.002172694456329257,33.977898,0.027057681,33.88556,34.12451,-0.4423678,1.1844678,0.0,200.9765625,1.6460582e-06
S16,1,-0.0002752876292360565,0.29750420049365633,-0.367251648757344,1.5898556739593046,3.7701609978189072,15.975307027433917,0.012142857142857143,4.1015625,0.0002590837772987621,0.968489138285319,0.012979977172736109,0.7648468017578125,1.071929931640625,1.2889029003688044,7.1080091859994745,0.0,155.859375,4.7278419789143574e-07,-5.79047663607887e-07,0.009013978036026327,-0.07688100041376644,0.05132660555478288,-0.2097453908347858,0.998056504375791,0.31526190476190474,38.28125,2.2998565032776023e-07,0.022537138170113085,2.312527920816913,-6.156701936988544,5.446480354793162,-0.11346359090873744,-0.7864418274970659,0.0007380952380952381,0.68359375,0.0020628483107279503,33.982105,0.028621309,33.88556,34.123016,-0.4348257,0.7179475,0.0,120.99609375,1.6201664e-06
S16,1,-0.00012345107222036378,0.30560676531346925,-0.3891665844004908,1.5972191358891168,3.7004203532725732,15.150010046438762,0.013023809523809524,4.1015625,0.0002815319111494586,0.9897986184983026,0.02626395530158408,0.6771087646484375,1.1173248291015625,0.39472483055370516,-0.04212831785021276,0.0,0.68359375,4.710298961237214e-07,2.4467243920814986e-07,0.010438636631201325,-0.11913074001996549,0.1452431991994365,0.07033229733123775,9.221276244041718,0.2928095238095238,56.0546875,3.0903912962462627e-07,-0.007690358683601806,2.3836798168934203,-6.156701936988544,6.069307787172745,0.06725703472497305,-0.5162175849507391,0.0006904761904761905,0.68359375,0.002001000073242158,33.996517,0.0250729,33.881012,34.133698,-0.52059084,1.6320257,0.0,148.33984375,1.6395975e-06
S16,1,-0.00012893696148298442,0.302251648980451,-0.3891665844004908,1.5972191358891168,3.7093267471425824,15.384150026774382,0.013595238095238096,4.1015625,0.00027714889336919905,1.0164023989722841,0.01822674930510821,0.6771087646484375,1.1417388916015625,-0.3556221965695095,5.010503082654205,0.0,0.68359375,4.6228994112814517e-07,4.652907470499908e-07,0.01019233317785726,-0.11913074001996549,0.1452431991994365,0.10409917078482228,10.06461583644044,0.2908095238095238,56.0546875,2.9303177915155497e-07,-0.045945093551565196,2.4096181609268505,-5.321041403199761,6.069307787172745,0.09157585114094184,-0.8044329167443944,0.0006904761904761905,0.68359375,0.001975675505956109,34.01442,0.03055124,33.881012,34.170288,-0.2984877,0.5341277,0.0,128.515625,1.6646151e-06
S16,2,-2.4761563139907934e-05,0.45394702391545866,-0.6561515105148527,1.655438708762501,1.845832824465737,3.9242796543065515,0.01338095238095238,9.5703125,0.0005906681262629181,2.6728475479852585,0.07649826110041286,2.489471435546875,2.9552459716796875,0.4120157991124663,-0.035017059773771564,0.0,0.68359375,5.488574850692958e-07,3.353845288494308e-08,0.011792135477580717,-0.07682383329497533,0.0822358467344996,0.07894135420806778,0.9677777602160416,0.3147857142857143,38.28125,3.9595351964341396e-07,0.023552414530229753,3.003230865710523,-5.697381345209862,7.196464697757131,0.22406490418069497,-0.8966695806355891,0.0005714285714285715,0.68359375,0.0020951135715933165,34.03112,0.05427638,33.85974,34.216064,-0.38821873,-0.6884818,0.0,9.5703125,1.6427904e-06
S16,2,0.0003115863479157174,0.44435081516660024,-0.6561515105148527,1.655438708762501,1.9140070189572922,4.370153869220079,0.012738095238095238,8.88671875,0.0005629571889581897,2.778371320452009,0.07067856132180489,2.4967193603515625,3.0391693115234375,0.2375285280143942,-0.8736496545181014,0.0,0.68359375,5.658224774621083e-07,-2.3389166180507647e-07,0.011516788099563692,-0.05539238916553465,0.06261391374391789,0.060610425878636257,0.5467937204005398,0.305952380952381,42.3828125,3.775659499140877e-07,0.0158111369161636,2.8994238955074856,-5.905380561554505,6.912560320669815,0.15823322541416346,-0.7598164232533695,0.0005952380952380953,0.68359375,0.002114024143863948,34.09444,0.034318037,33.973755,34.255737,-0.25161958,0.22866201,0.0,4.78515625,1.7195333e-06
S16,2,-0.0002648899848551927,0.44200202216911055,-0.6875944889898249,1.6468343467846183,1.9427944949595575,4.503467033438062,0.012595238095238095,8.88671875,0.0005556664709564185,2.9206391924903508,0.11855165534205314,2.5150299072265625,3.26080322265625,0.4225292312951074,-0.7502006090652182,0.0,0.68359375,7.842551717182963e-07,-6.864530997511051e-08,0.01193201041058352,-0.08488685065823401,0.06261391374391789,0.05744624376847205,0.7553873378070572,0.2991904761904762,39.6484375,4.0714095545088337e-07,-0.03768006879441305,2.4766907522313066,-5.905380561554505,6.912560320669815,0.2634682194780335,-0.10598801499977517,0.0006666666666666666,0.68359375,0.001770404098993321,34.137287,0.04537806,34.017883,34.35968,0.76185304,0.6760411,0.0,0.68359375,1.7637741e-06
S16,2,-0.00016331493946960686,0.43959079096009634,-0.7538829731708077,1.6953648861342094,1.971066666788396,4.621875174071684,0.0125,8.88671875,0.0005499578878163419,2.993363434927804,0.07296589554001384,2.7866363525390625,3.26080322265625,0.668314509791531,0.002995473284537642,0.0,0.68359375,8.638075850978103e-07,6.753351093600985e-08,0.012589153970483042,-0.08488685065823401,0.0748803714570736,0.10141015783019648,1.0099859786985457,0.2977142857142857,40.33203125,4.528117727235096e-07,-0.0398871224153569,2.3971179823904665,-6.163142582086671,6.383616512420667,0.26593224201774757,-0.0069439866557674534,0.0005714285714285715,0.68359375,0.0015151711482575638,34.22551,0.07827989,34.042236,34.437714,-0.26499122,-1.2369171,0.0,0.68359375,1.8691414e-06
S16,2,0.0006319999701118379,0.43706496775195564,-0.7538829731708077,1.6953648861342094,2.0127829808667697,4.7778585424894064,0.012214285714285714,6.15234375,0.000542918760647607,3.020856830051967,0.06861857282500403,2.797698974609375,3.2611846923828125,0.06604902214428308,-0.6708324479066126,0.0,0.68359375,6.020729389038366e-07,-2.820712800874175e-08,0.012160817502725647,-0.06418434559928692,0.0748803714570736,0.12262584364342556,0.9915442891503683,0.30366666666666664,51.26953125,4.2170630517785296e-07,0.018365956681859783,2.5151805495580133,-6.163142582086671,6.383616512420667,0.0962029744454954,-0.18157284278479313,0.0005238095238095238,0.68359375,0.0016915943335376272,34.304085,0.031958144,34.174835,34.445404,-0.6840303,0.68967986,0.0,322.65625,1.9524978e-06
S16,2,-0.0005857705222810991,0.43534371396553806,-0.6516089603939699,1.6329892203821956,2.0114335946727153,4.809080492332963,0.011976190476190475,8.203125,0.0005423673592831066,3.122395996820359,0.07224837021178022,2.936553955078125,3.3939361572265625,0.5124730760984673,-0.1818351456894045,0.0,0.68359375,5.509687622642318e-07,-1.245000407640385e-07,0.011662625439583693,-0.0565793729287374,0.06709604023408716,0.1139241134832409,0.6953428704288389,0.3057142857142857,48.53515625,3.8871751196182537e-07,-0.012429837510109001,2.3879033249687667,-5.809817059334075,5.693317267335795,-0.053168594156024734,-0.4842465635197426,0.0007142857142857143,0.68359375,0.001985957780701092,34.30754,0.028297724,34.20688,34.445404,-0.6726699,1.1784763,0.0,244.7265625,1.9743563e-06
S16,2,-0.00035228331067828984,0.43021639497537634,-0.6516089603939699,1.6272143415729392,2.0446784816163244,5.016874484441809,0.011761904761904762,2.05078125,0.0005280975108025663,3.2692065193539572,0.11543908866247064,3.0059814453125,3.58123779296875,0.2566727133672079,-1.0001195329281396,0.0,0.68359375,5.079465377504034e-07,1.438682245586133e-07,0.011411291555305724,-0.0565793729287374,0.06564617979035046,0.13192719465149721,0.652826922028308,0.30352380952380953,34.1796875,3.7229138439057377e-07,-0.0529838608800084,2.5525158611885894,-7.584757707707271,9.20242312989566,0.22077517856306056,1.2541853897172226,0.0008333333333333334,0.68359375,0.0023763081634695874,34.2976,0.027590126,34.205383,34.44232,-0.71305215,1.3528337,0.0,244.7265625,1.978912e-06
S16,2,0.00043236793602866036,0.4244187725267279,-0.607209932370169,1.6226808506256285,2.0981951493139315,5.300872306181597,0.0115,7.51953125,0.0005122181621967857,3.4878086635044645,0.13644289139089602,3.179931640625,3.7616729736328125,-0.23355755096584288,-1.4395066707952533,0.0,0.68359375,4.5111249143712036e-07,-2.97533087808176e-07,0.010883684177506368,-0.05272667838160286,0.06564617979035046,0.1359465039645128,0.5347334394213412,0.308452380952381,51.26953125,3.380008132822082e-07,0.06626126352435036,2.367587585483823,-7.584757707707271,9.20242312989566,0.3135782373436065,2.2715563620653194,0.0008571428571428571,0.68359375,0.0018927150184234562,34.300713,0.027884156,34.205383,34.44232,-0.7092661,1.2537622,0.0,225.5859375,1.96017e-06
S16,2,0.0007294716746641966,0.42471243058223296,-0.6180223931258421,1.6226808506256285,2.079833014591834,5.227016613829733,0.011476190476190477,2.05078125,0.0005149262729239884,3.703175444830032,0.11000657539293783,3.437042236328125,4.0283203125,0.3490115553940457,-1.055891300016671,0.0,0.68359375,5.296566725884605e-07,5.477771779188927e-07,0.010739889186418447,-0.054413523995109334,0.05781781212618953,0.11831077494656544,0.5234875355315913,0.30933333333333335,45.80078125,3.295707505252589e-07,0.045278391239533124,1.7644376075826582,-4.333453845050464,4.807767101764169,-0.09505773173440367,0.42653463760895827,0.0007142857142857143,0.68359375,0.0009976188543987096,34.28812,0.031911932,34.18857,34.44232,-0.45498425,0.46413088,0.0,258.3984375,1.9717227e-06
S16,2,0.0004234727077539788,0.42658333305152313,-0.6180223931258421,1.6219769396778874,2.0618001767633385,5.109751216708,0.011238095238095238,2.05078125,0.0005201408615690167,3.9217941738310316,0.15685945564979728,3.6151885986328125,4.4841766357421875,0.5870612165016792,0.43017735851372585,0.0,0.68359375,8.363591193138478e-07,6.196217048322085e-08,0.010622660480575665,-0.054413523995109334,0.0611740367436195,0.10495653437396692,0.6966877864581109,0.30835714285714283,57.421875,3.226587321413497e-07,-0.009507647671033981,2.129342375002116,-4.95872262029634,6.83748324374683,0.07448725838258764,0.7899543808121301,0.0006666666666666666,0.68359375,0.0012015507228265124,34.278156,0.028843585,34.18857,34.437714,-0.5123578,0.9268105,0.0,326.7578125,1.978578e-06
S16,2,-0.001169763739600834,0.4294596450983179,-0.6082660668705359,1.6231132357745093,2.02508064816364,4.931349429520808,0.011,2.05078125,0.0005263653389114074,4.058900006612142,0.08870152720192605,3.8372039794921875,4.4841766357421875,1.5205176583642368,3.343012900893182,0.0,0.68359375,9.979675071710646e-07,-6.031136858735141e-07,0.01018540097045084,-0.047845673639023194,0.0611740367436195,0.10383182934500063,0.6650446863445745,0.3176904761904762,50.5859375,2.9479803740245764e-07,-0.06922768107198424,2.1796856071491204,-6.473002363862614,6.83748324374683,-0.09975837240396053,1.2903412465028286,0.0008571428571428571,0.68359375,0.0015180990964695747,34.309258,0.036894627,34.193146,34.46222,-0.36685637,-0.11160612,0.0,142.1875,1.9641218e-06
S16,2,-7.553181935492013e-05,0.4497180959614989,-0.6155057912225422,1.642494926026554,1.881737365425564,4.062003862357038,0.01219047619047619,2.05078125,0.0005776476855397681,4.138709540594192,0.08691667034772069,3.9154052734375,4.3674468994140625,-0.09987359476166197,-1.0220773122510507,0.0,0.68359375,6.686557182235784e-07,2.2403044475289307e-07,0.009659883700020187,-0.047845673639023194,0.044303407875869415,0.06952304343469753,0.33637265036561237,0.3229761904761905,48.53515625,2.653441423671375e-07,-0.021786963999017406,3.237298066928904,-13.057812224348607,12.117425371865675,-0.31906960149129454,4.501392259486484,0.0008095238095238096,0.68359375,0.003039860036292424,34.327377,0.027899291,34.22522,34.46222,-0.70765567,1.1099386,0.0,4.78515625,1.9945649e-06
S16,2,0.000348738841702318,0.4684282673530086,-0.6588155736300303,1.651053389831454,1.807291053159027,3.494588415463487,0.013904761904761904,2.734375,0.0006268195108320349,4.2665569123767675,0.07087892590924479,4.0531158447265625,4.4769287109375,-0.05527823469108938,-0.8641765637170793,0.0,0.68359375,3.8204453818376956e-07,-5.647572258416056e-07,0.009990278341903209,-0.05610430250118645,0.054948590526646676,0.088158635799314,0.4104313486025495,0.32183333333333336,67.67578125,2.8461357181760796e-07,0.0840725810172333,3.1428520175601347,-13.057812224348607,12.117425371865675,-0.393125300032436,5.21766525403458,0.0006428571428571428,0.68359375,0.0025014384055895844,34.294952,0.040157724,34.161133,34.45764,-0.3932698,-0.16831017,0.0,12.3046875,1.9819581e-06
S16,2,-0.0006134444119035717,0.46326173738203424,-0.6727437148208427,1.651053389831454,1.8521291514202567,3.761044243107955,0.01411904761904762,7.51953125,0.0006141141083712287,4.38996692839123,0.07715375672644795,4.074859619140625,4.66461181640625,0.3149840832404664,-0.9548847433632539,0.0,0.68359375,3.6547330672687246e-07,-1.8295772327524422e-07,0.010462030737930644,-0.05610430250118645,0.054948590526646676,0.06557459822217165,0.28214933230973793,0.32266666666666666,57.421875,3.126208136530356e-07,0.05179344919412118,1.8107977501738226,-4.381703681656891,4.395024653215932,-0.3661675133767697,-0.06507762585334609,0.0006666666666666666,0.68359375,0.0010688426536041484,34.24367,0.039217405,34.12451,34.417816,-0.0014614848,-0.10393906,0.0,20.5078125,1.8818102e-06
S16,2,-0.00014537511594292252,0.45081263532974675,-0.6727437148208427,1.65415284366176,1.9119770293102394,4.239828313915958,0.013547619047619048,9.5703125,0.0005803453328034028,4.517301377795992,0.07289213512595447,4.3064117431640625,4.7122955322265625,-0.3688967469858663,-1.1867783366971285,0.0,0.68359375,3.662893645597908e-07,-4.4387841845537905e-07,0.010643227292644686,-0.04594868750766314,0.04504011345582238,0.033832720835441525,0.18696231049345569,0.31785714285714284,51.953125,3.232123166639859e-07,-0.013017225788467169,1.8264853850849971,-4.381703681656891,4.395024653215932,-0.18071262324390958,-0.30727814646814666,0.0007619047619047619,0.68359375,0.001255525904391474,34.198734,0.034197245,34.0849,34.362732,-0.27530563,0.283046,0.0,13.671875,1.8083443e-06
S16,2,-0.00022957591779508728,0.4454501882672217,-0.6688018182972135,1.65415284366176,1.9367909591438686,4.4511986054583845,0.013142857142857144,6.8359375,0.0005648131492765232,4.612005333673387,0.04265076051007432,4.3621063232421875,4.7992706298828125,0.5472020334182544,-0.2542883429583007,0.0,0.68359375,4.695787532330974e-07,-2.760508199552287e-07,0.010804423788649568,-0.04594843899088518,0.0464976370980289,0.05966669533340835,0.21678121087273183,0.3096190476190476,54.00390625,3.324846753082386e-07,0.010207977750772243,2.234865664925502,-6.08192987914423,8.307204619932376,0.29663269810968945,1.5031840753180568,0.0007380952380952381,0.68359375,0.0015760701842541087,34.16108,0.032527246,34.045288,34.322998,-0.26649094,0.41262436,0.0,17.7734375,1.7844528e-06
S16,2,0.00032525159387794604,0.4396034475977193,-0.670174705842389,1.6501249912458438,1.9679163216267768,4.680554246574302,0.012714285714285714,6.8359375,0.000551533938518918,4.675051707313174,0.04847294391932899,4.3621063232421875,4.9076080322265625,0.6417991284097463,0.9271820797115513,0.0,0.68359375,5.772404587127319e-07,5.150710619966273e-07,0.01087565830053513,-0.049790553296054446,0.0464976370980289,0.09792724113050866,0.24391408397266678,0.30566666666666664,59.47265625,3.3705511717745975e-07,0.15698441542040104,2.9925593906706642,-6.08192987914423,12.103123573360925,1.0747794785459275,2.4367596921258263,0.0005952380952380953,0.68359375,0.002117178207057426,34.12673,0.031320423,34.020935,34.290894,-0.28997785,0.5090382,0.0,19.140625,1.7442085e-06
S16,2,9.92771445680433e-05,0.43626273226679174,-0.670174705842389,1.6501249912458438,2.0017687019507724,4.839921110407415,0.012476190476190476,6.15234375,0.0005435333070547264,4.717991474696568,0.05240302017186893,4.4727325439453125,4.9488067626953125,1.1385328150371568,1.0742627811020862,0.0,0.68359375,5.186679490477252e-07,1.4077700192330379e-07,0.010962997700043558,-0.049790553296054446,0.04627197854917897,0.09252634126621209,0.17619746262414582,0.307952380952381,62.20703125,3.4213688894025915e-07,-0.08522756927933915,3.644080224584413,-12.02405907119379,12.103123573360925,0.19250261947208835,2.30218054339801,0.000619047619047619,0.68359375,0.0030957897820090364,34.10148,0.026889432,34.007233,34.25882,-0.43699738,1.4738412,0.0,19.140625,1.7112571e-06
S16,2,-0.0003253394420410731,0.4349002498210695,-0.6508070689428189,1.6380012320100985,2.012689510900419,4.881331988109063,0.01219047619047619,6.15234375,0.0005389605184184188,4.7455721264793755,0.05285912209754769,4.55474853515625,4.9488067626953125,0.44415616546632475,0.021797535554029412,0.0,0.68359375,4.838754898182115e-07,3.1383223598276855e-07,0.011041213040216307,-0.042814999176689204,0.04717180764047912,0.05369703524206696,0.12262379658701672,0.30783333333333335,56.0546875,3.477356384424921e-07,-0.15342600070997303,2.9861339848636685,-12.02405907119379,9.942495874009031,-0.6972849094576833,4.236159875723229,0.000619047619047619,0.68359375,0.002042652233594744,34.09443,0.024747493,34.007233,34.22827,-0.679473,1.797946,0.0,10.9375,1.7044506e-06
S16,2,-0.0001111324506709173,0.4328569820268961,-0.6536738807649225,1.634612546243941,2.0279776358001964,4.963367540853322,0.011880952380952381,6.15234375,0.000533311419480099,4.8258668082101,0.10310266341545915,4.569244384765625,5.16510009765625,0.9261087162775087,-0.03768319150501753,0.0,0.68359375,6.547685111433614e-07,6.247407353875218e-07,0.010994103061121871,-0.048649779706720866,0.050241489355089604,0.048641655683292956,0.2225493132808678,0.30516666666666664,58.10546875,3.4379072190092177e-07,0.06538700368484948,1.625308109987438,-5.5829004270523175,5.012900599559218,0.09392211501269504,0.36247940565976533,0.0006428571428571428,0.68359375,0.0008696870142901683,34.099903,0.025061108,34.007233,34.242035,-0.629054,1.7736201,0.0,1.3671875,1.6906164e-06
S16,2,0.0005336127271444967,0.4306557378785144,-0.6536738807649225,1.6317724107162577,2.0463969101437467,5.0479542542939555,0.011880952380952381,6.15234375,0.0005272572163091681,4.890182277134486,0.1062329191561158,4.6436309814453125,5.3234100341796875,0.8204101849673325,0.6258597060609548,0.0,0.68359375,1.060467386820949e-06,3.8828787753914014e-07,0.010953777167086547,-0.048649779706720866,0.055914824073612694,0.0516819860163227,0.26922782591080985,0.3061904761904762,58.10546875,3.4251835658151336e-07,-0.03499692255024819,1.8535200313684679,-4.228695093553537,5.012900599559218,0.3190810642763909,-0.3910617664586442,0.0006904761904761905,0.68359375,0.0011072481422820999,34.11153,0.025890663,34.020935,34.252716,-0.5638642,1.5784559,0.0,1.3671875,1.7004489e-06
S16,2,0.00040345127646587134,0.42528425430065253,-0.6172081485081499,1.6317724107162577,2.0746460397072672,5.248124278528463,0.011952380952380952,6.15234375,0.0005155865143860022,4.938055347260975,0.12409021285163131,4.723358154296875,5.3684234619140625,0.8999470289628995,-0.0028309858342701055,0.0,0.68359375,1.3813365671470527e-06,7.730284213500565e-08,0.01090065361299508,-0.04909927203343173,0.055914824073612694,0.03539100725751444,0.3125857219240933,0.30826190476190474,58.10546875,3.410574667545796e-07,-0.04024297402871373,2.2373678352849695,-4.928209927406947,6.190874303994997,0.4392241300557186,-0.24459096635853772,0.0006428571428571428,0.68359375,0.0013614600433222055,34.11968,0.024598692,34.02704,34.254242,-0.6469289,1.9620976,0.0,26.66015625,1.7073519e-06
S16,3,0.000586917603499799,0.3246115451081254,-0.4597892539705381,1.5985488363272538,3.497040159553344,13.288267575018978,0.012476190476190476,5.46875,0.0003026805107949272,2.020785749526251,0.02253486012354404,1.8871307373046875,2.18658447265625,0.6217827885685056,0.4620459542556037,0.0,0.68359375,3.8223920434819056e-07,-6.107532721780921e-07,0.008340969990930617,-0.051853262511206324,0.04164261601813184,-0.029851718201366374,0.23289472827121838,0.31883333333333336,54.00390625,1.9803817546593841e-07,0.04491256065721395,1.6306361473625763,-4.042694758435587,4.1942162587280185,-0.05607736685051385,-0.800167383103453,0.0008333333333333334,0.68359375,0.0013136251015980424,34.330635,0.0530882,34.159607,34.506653,-0.44706747,-0.51072264,0.0,152.44140625,2.0154175e-06
S16,3,-0.0008174351211788714,0.32858695587169634,-0.4597892539705381,1.6059645869374053,3.4700315855821207,12.997582062415205,0.012619047619047618,7.51953125,0.00029969609975654944,2.0590260460263208,0.031246514366328065,1.8871307373046875,2.191162109375,0.36866860183677325,-0.7268120408834928,0.0,0.68359375,3.873908202861676e-07,4.1746179383692305e-07,0.008574200544556506,-0.08611881109340601,0.13298011670967222,0.1478868322135755,4.349092941164672,0.308952380952381,58.10546875,2.0649063601139974e-07,-0.04585304483461912,1.7123242560298326,-5.166862395361966,5.80977380713602,0.07816784625603425,0.9574841221257562,0.0007619047619047619,0.68359375,0.00115422800571268,34.3806,0.029622618,34.272552,34.512787,-0.6437266,0.85756636,0.0,152.44140625,2.0284613e-06
S16,3,-0.0007006976478213393,0.3354641338039894,-0.44263321495977204,1.6105432053878515,3.422300775101773,12.453710443141004,0.01180952380952381,7.51953125,0.0003316710280015391,2.1112232844034833,0.04025121815654029,1.944732666015625,2.26593017578125,0.07179043387901285,-0.5680953250411775,0.0,0.68359375,3.7934729147622044e-07,5.132987718888593e-07,0.00877799653025952,-0.08611881109340601,0.13298011670967222,0.18606141682102154,3.913626500098207,0.3095952380952381,58.10546875,2.1913198494913793e-07,0.12143606594487838,2.610458712477534,-5.370653369144207,8.481455137922316,0.4834480100595005,0.4672190592736851,0.0007142857142857143,0.68359375,0.0021229323818914812,34.38914,0.027068865,34.286285,34.51895,-0.80766577,1.3386755,0.0,142.87109375,2.050652e-06
S16,3,4.3674775281103234e-05,0.33850469994507454,-0.43594669864913427,1.6105432053878515,3.3836569816029876,12.137738770424338,0.0115,7.51953125,0.0003380994692934529,2.165173893883115,0.03254751174758854,2.0168304443359375,2.303314208984375,-0.5427257751878521,-0.54742085538303,0.0,0.68359375,3.6627879679932783e-07,-3.169645215237669e-07,0.008412442283457992,-0.0400994186257162,0.038559625148922895,0.02436924747845318,0.17936227464957177,0.3258333333333333,41.69921875,2.0108876558349207e-07,-0.006831913252579598,4.120535584536883,-15.207733435739726,14.89813608585023,-0.11285437876002441,3.099309502201323,0.0006666666666666666,0.68359375,0.004308400312508713,34.394028,0.027651189,34.301605,34.528137,-0.76646894,1.2129908,0.0,125.78125,2.030556e-06
S16,3,-8.899057490711929e-05,0.342879622729949,-0.43594669864913427,1.6078364905014284,3.326051116604055,11.711041628491287,0.012285714285714285,7.51953125,0.00033166932538194745,2.193680136544364,0.01463305364324782,1.94854736328125,2.3197174072265625,0.5478844883178517,5.195385392860505,0.0,0.68359375,3.6855289134662373e-07,3.3596770144815527e-07,0.008257353441565392,-0.0400994186257162,0.038559625148922895,0.0016200015740120807,0.21413068038404726,0.3412142857142857,52.63671875,1.9443831861693388e-07,-0.17991748565683022,3.8298015538699484,-15.207733435739726,14.89813608585023,-0.2298104412905113,4.870728602576856,0.0007619047619047619,0.68359375,0.0038070580918749806,34.40163,0.026591962,34.31073,34.53119,-0.87068397,1.366436,0.0,125.09765625,2.000626e-06
S16,3,-7.678471145018613e-05,0.3468197274045854,-0.46432108649227555,1.6061538666435213,3.2842814667958957,11.378076964600144,0.012285714285714285,7.51953125,0.0003515697705715192,2.1908795583815803,0.01486809399786218,1.94854736328125,2.3197174072265625,0.6359037386695111,4.045429491758323,0.0,0.68359375,3.654322385561332e-07,-3.840940449322e-08,0.008430448786440675,-0.04662862807332327,0.053918805956310295,0.014757776663219813,0.3057318871788759,0.3379761904761905,53.3203125,2.031259276633149e-07,0.08487799318063229,3.897576623624623,-12.420561011578984,12.33115032265777,-0.03988290762793822,2.0523723678381733,0.0007857142857142857,0.68359375,0.004046223138468007,34.402542,0.026648218,34.31073,34.53427,-0.8482841,1.4497032,0.0,149.0234375,2.024323e-06
S16,3,2.8653655535530035e-05,0.3426636146827444,-0.46432108649227555,1.6061538666435213,3.317688523393095,11.697984768447428,0.011928571428571429,7.51953125,0.00032172201342088456,2.179170136224656,0.013165437315780269,1.9756317138671875,2.32391357421875,0.8179075753855175,6.671577430473647,0.0,0.68359375,3.743317609229433e-07,-8.303024255751231e-07,0.008410420852436281,-0.04662862807332327,0.053918805956310295,-0.008327648566670825,0.2310461556621921,0.3217380952380952,53.3203125,2.015073938907109e-07,-0.003914673066022369,3.8443016424592993,-12.420561011578984,12.33115032265777,0.05136711725716222,2.058836518206279,0.0007142857142857143,0.68359375,0.003970852243987961,34.405617,0.027065573,34.319916,34.54193,-0.7787746,1.403153,0.0,160.64453125,2.0323162e-06
S16,3,0.00029259264742598163,0.34055840215016703,-0.4592307042394158,1.6008135671833466,3.327542570479943,11.835125302538406,0.011785714285714287,6.8359375,0.0002964688611836908,2.168829145885649,0.014617231592069669,1.9756317138671875,2.32391357421875,0.6797253913145775,5.56256949489841,0.0,0.68359375,3.957922822198202e-07,-2.0346328986180607e-07,0.008400812573328646,-0.04025378415845708,0.04210692701829505,-0.03970898107965796,0.06420493733068611,0.3081190476190476,54.00390625,2.0120832006626345e-07,-0.06514065057034771,2.29040544182109,-6.4352276655233025,6.695336399290454,0.10717517103418438,-0.035610825540981494,0.0007619047619047619,0.68359375,0.0019296728679135552,34.40613,0.02706999,34.316895,34.54193,-0.7612315,1.4303145,0.0,154.4921875,2.0259815e-06
S16,3,0.00015829683898710772,0.34292814516838044,-0.4592307042394158,1.6083810709096933,3.293463949893149,11.603780097809603,0.011666666666666667,6.15234375,0.00032371894609518377,2.1589555104573566,0.015870707107452,2.04620361328125,2.291107177734375,0.6694787521912975,2.3030060742074667,0.0,0.68359375,3.687073441585256e-07,1.7454603456731556e-07,0.008493031007097957,-0.04025378415845708,0.04210692701829505,-0.03239962496285268,0.12413543212831168,0.31626190476190474,49.90234375,2.054462242254429e-07,0.011685869750915116,2.263990614867204,-6.4352276655233025,6.695336399290454,0.041260013322731416,-0.10082372339611734,0.0008333333333333334,0.68359375,0.0021934507290973745,34.39785,0.027489271,34.30771,34.535797,-0.7207854,1.4052515,0.0,208.49609375,2.0313184e-06
S16,3,-0.00031820516134094885,0.33519970076729755,-0.45302586790324556,1.6083810709096933,3.3800581896868116,12.306994177285327,0.011738095238095238,7.51953125,0.00032376137056570393,2.1630010514032274,0.017725520140409814,1.9641876220703125,2.291107177734375,0.3569844201349538,1.9669983779577533,0.0,0.68359375,3.7745415340996147e-07,-4.350499388391443e-07,0.008650985081660423,-0.04063920278868188,0.04413628901955021,-0.037163831492135424,0.13099531137216136,0.32266666666666666,57.421875,2.1352850297444843e-07,-0.004700352742690446,1.9574394797220112,-4.040888086080218,4.491741533476953,0.02252192274351057,-1.0999514812175042,0.0008333333333333334,0.68359375,0.001861673105862793,34.388237,0.027209971,34.30005,34.51895,-0.77692163,1.3569651,0.0,25.29296875,2.0541077e-06
S16,3,4.1103430936649865e-05,0.34216321478119666,-0.44973310752221074,1.6079142298937807,3.2839553373581842,11.61616641885653,0.011619047619047619,6.15234375,0.000320348416110442,2.1728365035284134,0.013798829535520177,1.9641876220703125,2.2869110107421875,0.5583910355039613,6.894383054595616,0.0,0.68359375,3.7546260536053346e-07,1.1447357567402942e-07,0.00893425119618747,-0.04063920278868188,0.04413628901955021,-0.011560404793491328,0.1709494140765373,0.3157142857142857,50.5859375,2.2765113155726446e-07,0.042685032267083235,2.525092308880802,-6.933508732482472,7.016746322801771,-0.01126308752008894,-0.17903903463083637,0.0007619047619047619,0.68359375,0.002311355316053318,34.37603,0.028524658,34.27716,34.509766,-0.692276,0.97312975,0.0,10.25390625,2.020647e-06
S16,3,5.264408732997064e-05,0.344807037006247,-0.44973310752221074,1.6079142298937807,3.241312800861079,11.328635474221914,0.011714285714285714,6.8359375,0.0003187075421838405,2.171057910010928,0.013628340653481444,2.0397186279296875,2.2830963134765625,0.6214792495003041,3.1370683858426833,0.0,0.68359375,3.2852546061938854e-07,1.6937101317206663e-07,0.00888522264739359,-0.04020792064060489,0.04386249240083579,0.017312509870866192,0.1828351957749459,0.32242857142857145,59.47265625,2.2548208025396852e-07,0.06600157187815398,2.5844752561634277,-6.933508732482472,7.016746322801771,-0.02640101703545793,-0.35624353519499286,0.0008095238095238096,0.68359375,0.002644720834513586,34.36217,0.02747732,34.2695,34.5036,-0.6790427,1.2363491,0.0,22.55859375,1.9562372e-06
S17,1,0.0005280073906460588,0.2701233306642219,-0.4670410812891317,1.6628240289605711,4.164271293173038,19.302806392503925,0.016880952380952382,4.1015625,0.00021515213102764504,5.466553397405715,0.08988849447705737,5.1361083984375,5.6850433349609375,0.23087347401396957,-1.3646405147591474,0.0,0.68359375,1.964746963163503e-07,6.832234285271715e-07,0.017291351118386002,-0.3059712404562792,0.27307661908037484,0.06812606470017267,23.381380451401057,0.303952380952381,67.67578125,8.766868009432333e-07,0.1056336482621255,3.7411019492549,-8.468987517473046,13.350473037430435,0.5105920124112686,0.6681108686172399,0.0006666666666666666,0.68359375,0.004372546508781439,32.717365,0.11823224,32.42868,33.036377,0.12507343,-1.4860846,0.0,0.68359375,7.2389076e-07
S17,1,5.827447259420616e-06,0.2551092641942034,-0.4059307095661947,1.6224783926836364,4.4424949454829505,22.14569112112366,0.01319047619047619,4.1015625,0.00019127632241900704,5.354645892551967,0.04019833749226842,5.1361083984375,5.4931640625,0.7917150273543336,-0.4860856252600212,0.0,0.68359375,1.42113409565467e-07,-6.405595680354432e-07,0.01025381685509606,-0.14720942974377008,0.12262900336981439,-0.5144144289489825,10.542264039140132,0.30557142857142855,64.2578125,2.9029585335517605e-07,-0.07610513213829961,2.205920519998914,-5.504620806944761,4.691050675449768,-0.09056419818268673,-0.773046855248507,0.0008095238095238096,0.68359375,0.001999656745122462,32.875034,0.066117615,32.663116,33.07849,-0.7752997,-0.06546974,0.0,0.68359375,7.868972e-07
S17,1,-0.00029417069704033134,0.2594549144793513,-0.41429434446434593,1.6330733516063696,4.341594674276371,21.208724264117933,0.012809523809523809,4.1015625,0.00019210729127099496,5.317093812851679,0.010604274330691308,5.057525634765625,5.3943634033203125,0.29007365753333897,9.816835645431054,0.0,0.68359375,1.3946905351768488e-07,-7.454169580051829e-08,0.014352205001541822,-0.2465531630783274,0.1260147093824292,-0.5909519465950689,11.30256770439914,0.2904047619047619,49.90234375,6.070166264919091e-07,0.010209220469156776,1.9341671084783063,-4.108147366945716,4.481935119230727,0.037341444607034605,-1.074015512836255,0.0008809523809523809,0.68359375,0.0019548012602546303,32.93706,0.025139663,32.821808,33.090515,0.14021084,1.8894868,0.0,0.68359375,8.2616685e-07
S17,1,2.1081440015648806e-05,0.2594123040187896,-0.41429434446434593,1.6330733516063696,4.338957596120246,21.165472659179642,0.012476190476190476,4.1015625,0.00019129066745836296,5.317812438238235,0.010736235173054975,5.057525634765625,5.4080963134765625,0.11967892816378055,9.139502465484185,0.0,0.68359375,1.3864771017432686e-07,1.172396713473727e-06,0.013279680769346242,-0.2465531630783274,0.1260147093824292,-0.5640338002132247,12.3311636416413,0.29395238095238096,67.67578125,5.04079180633741e-07,0.0030122298185402364,2.125048214505567,-4.843702662535263,4.863602737834979,0.06956654815953153,-0.920029473206617,0.0007857142857142857,0.68359375,0.001953108113842341,32.974937,0.038186654,32.854767,33.1597,0.5164449,-0.42835426,0.0,0.68359375,8.1783537e-07
S17,1,-0.0001854618126258566,0.252971588719149,-0.40323630646891556,1.630748948525145,4.426991516583085,22.210670289478188,0.012333333333333333,3.41796875,0.00017971600424234225,5.317867197309222,0.011229218349263452,5.1609039306640625,5.4157257080078125,0.1036172971738697,3.2896339334712446,0.0,0.68359375,1.3882540651100925e-07,5.86761143131131e-07,0.00899503467387289,-0.05169277656135797,0.03900841061283169,-0.17693465632592392,0.38767155640536766,0.2941190476190476,64.2578125,2.299456411095007e-07,-0.07073369963809902,2.0679120998400236,-4.843702662535263,4.863602737834979,0.08718420995857307,-0.9820048854696783,0.0007619047619047619,0.68359375,0.0017316908035285663,33.03166,0.04295357,32.854767,33.204865,-0.4296374,-0.043125153,0.0,121.6796875,8.4157546e-07
S17,1,0.00029851555843482086,0.25312835635915865,-0.3890196383172335,1.6251103999542515,4.413760817586243,22.109418821723036,0.012166666666666666,3.41796875,0.0001789150624547811,5.306298573811849,0.01097466356901142,5.129241943359375,5.4157257080078125,0.3631062245757844,4.54048875830362,0.0,0.68359375,1.3909492664195188e-07,-6.756802246263137e-08,0.00920464892096537,-0.05169277656135797,0.0422632809541543,-0.167510546976499,0.4219996720127357,0.28523809523809524,30.76171875,2.413048586587017e-07,0.0190355456973957,1.9433791682593693,-3.72661398567257,3.7303876231371524,-0.015294656603836604,-1.3675985489673057,0.0008095238095238096,0.68359375,0.0017836244776957854,33.086555,0.0333518,32.95526,33.26062,-0.014264843,-0.060073376,0.0,66.9921875,8.9802614e-07
S17,1,4.214757002935445e-05,0.25262412349800856,-0.3890196383172335,1.6278704891528073,4.405608218053813,22.10086443873434,0.012380952380952381,3.41796875,0.000180851612464152,5.2960032417660665,0.009137731230412578,5.129241943359375,5.3821563720703125,0.4163871186327067,4.41969145940463,0.0,0.68359375,1.3392638078721387e-07,2.9710223014945057e-08,0.009340636522053069,-0.04707494814940659,0.0422632809541543,-0.16869088485380912,0.3695981711257379,0.2823095238095238,30.76171875,2.4784069072995467e-07,0.052400600579340574,1.7143757138091464,-2.7657103604614206,3.2040228949578005,-0.015989679046254132,-1.42455570438973,0.0008333333333333334,0.68359375,0.0014240794654179695,33.130295,0.029042725,32.988342,33.3013,0.02893358,0.6948955,0.0,10.9375,9.160502e-07
S17,1,-0.00048529146935722377,0.2533450395629583,-0.3825263035683022,1.6326587258935448,4.39301429097056,21.967670815562194,0.012357142857142856,3.41796875,0.00018564686777774276,5.290718523661296,0.007825412260178015,5.236053466796875,5.3668975830078125,0.9033275573151208,3.857512528793281,0.0,0.68359375,1.3352045808704168e-07,5.9654944668189e-09,0.01012903329190578,-0.1570271590250292,0.10929977199348481,-0.2955574673001626,5.3306981561323905,0.27745238095238095,66.30859375,2.8718400585962264e-07,0.003713722171141909,1.6237742144651135,-3.77022899184028,3.4416474444934253,0.04783882860886231,-1.2464688552507166,0.0008809523809523809,0.68359375,0.001396677783536845,33.167286,0.027167847,33.07547,33.343536,0.22598849,1.2578721,0.0,298.73046875,9.3380953e-07
S17,1,-1.0890085482068844e-06,0.25420471545565226,-0.3895305111614772,1.6381776273903526,4.372412758774063,21.735110685238404,0.012523809523809524,3.41796875,0.0001917322694514361,5.296931711832682,0.011015924667166268,5.236053466796875,5.3714752197265625,0.5891712981894573,0.9425039575700769,0.0,0.68359375,1.3704519208811832e-07,-6.217131643947641e-07,0.01549812561350519,-0.1570271590250292,0.10929977199348481,-0.34723474231029927,4.169754878145543,0.2719285714285714,71.09375,6.791948933165963e-07,-0.06716730969459163,3.2205135331106285,-10.75494938114213,13.938162918761257,0.6741566717858228,5.137155968552234,0.0008333333333333334,0.68359375,0.0028104633941413615,33.206554,0.029998554,33.07547,33.4039,0.030603873,0.24870753,0.0,301.46484375,9.4784764e-07
S17,1,-4.567682480171347e-05,0.2542305472145495,-0.40364025320365593,1.6381776273903526,4.359546657140062,21.65550504971028,0.012142857142857143,3.41796875,0.0001943547793940039,5.308710815792992,0.00985692267476051,5.078887939453125,5.38177490234375,-0.03999624426108831,9.983119292165433,0.0,0.68359375,1.4183772666878396e-07,1.0942778225689606e-07,0.016736062635799704,-0.12933250997355275,0.09778595807935905,-0.30032001274103237,2.222009744189113,0.2708809523809524,71.09375,7.997876720870928e-07,-0.039969010910241874,3.4431834030604995,-10.75494938114213,13.938162918761257,0.518157503145159,3.385981116295503,0.0006428571428571428,0.68359375,0.002821834354384808,33.255005,0.036365356,33.143127,33.432587,0.34327546,-0.39766407,0.0,301.46484375,9.592027e-07
S17,1,-0.00018832766631781412,0.2599346695521802,-0.40364025320365593,1.63439550390113,4.291916458770419,20.829421815021025,0.011523809523809523,3.41796875,0.00020009260846098724,5.3162925266084216,0.008903484103076597,5.078887939453125,5.384063720703125,0.01664424842739581,18.292781333452385,0.0,0.68359375,1.3911735872423854e-07,-9.182683448234859e-08,0.01417999962221603,-0.08321924018526386,0.07074265669129323,-0.22589417835955253,0.5527622678207953,0.26976190476190476,65.625,5.744358777360943e-07,0.0324525716666316,2.132998253371833,-5.223250851567354,4.05677109066666,-0.09516875632317458,-0.9853487402702985,0.0006904761904761905,0.68359375,0.0015807215975761789,33.303593,0.033578448,33.17926,33.471863,-0.44628394,0.3355739,0.0,319.23828125,1.0049729e-06
S17,1,0.0001742666455683002,0.26168680531490257,-0.3891536030231042,1.6299928301361761,4.275467284099744,20.564741628800547,0.012095238095238095,3.41796875,0.0001956974221552311,5.320166333516439,0.008937279744751619,5.194854736328125,5.40618896484375,0.5355296145772233,3.5626912924776866,0.0,0.68359375,1.3372736107513582e-07,-5.031831179989593e-07,0.014440563031048636,-0.10755402100442456,0.07785871196914844,-0.24370256685060257,0.8997685722997866,0.2717380952380952,64.94140625,5.945721161932109e-07,0.03190959228021512,1.8689025008127451,-3.4449513793300497,3.451328629860636,-0.027144838201744004,-1.2996961765900001,0.0008333333333333334,0.68359375,0.0016786731573366544,33.342743,0.027557608,33.188293,33.5036,0.13490275,0.9639342,0.0,238.57421875,1.0438229e-06
S17,1,9.130923242888705e-05,0.258217129348852,-0.3768397386334311,1.6286387601213421,4.3349644358955395,21.18062774398058,0.012285714285714285,3.41796875,0.00019194670780470018,5.322118541172572,0.009141933102804969,5.2089691162109375,5.40618896484375,0.4130744850566061,2.3297661063294086,0.0,0.68359375,1.3224083673220764e-07,-2.6244590052714733e-07,0.014529636624833552,-0.11156834436191425,0.08100413798124548,-0.28704981136717456,1.9348595066562613,0.2768333333333333,64.2578125,6.023158068344875e-07,0.009161157761018314,1.933375590788003,-3.7225730082263326,4.188244918871579,-0.006610813644902392,-1.1847615517050931,0.0008333333333333334,0.68359375,0.001758892465263933,33.3712,0.024522003,33.231995,33.54901,-0.025714051,1.9658375,0.0,190.0390625,1.0648572e-06
S17,1,0.00032709970832060423,0.2618089351929711,-0.3977187887673009,1.6286387601213421,4.276971427358048,20.57817859935923,0.012238095238095239,3.41796875,0.00019900899044949258,5.326394889468238,0.010014124770106186,5.158233642578125,5.4073333740234375,0.28242606264383413,3.0436765000701156,0.0,0.68359375,1.3303711016891804e-07,4.6456404367960474e-07,0.01374072068503424,-0.14572197655733546,0.10159145973552026,-0.32584107182474964,4.096447820899618,0.2815714285714286,77.24609375,5.37856618156607e-07,-0.008626846601089493,2.5929458447931113,-8.49470483637926,8.533945217040795,-0.022046345778088176,1.1978142591992071,0.0007380952380952381,0.68359375,0.0023024017495401864,33.396557,0.025846193,33.231995,33.576233,0.11949814,1.4361391,0.0,241.30859375,1.0817859e-06
S17,1,0.00015497478198525446,0.26033971309314724,-0.3977187887673009,1.6285765917088095,4.2820602224068205,20.713517466412252,0.012357142857142856,4.1015625,0.0001998500951508145,5.332342874436152,0.00982326677693384,5.158233642578125,5.4073333740234375,0.1132237073047243,3.9715301197042328,0.0,0.68359375,1.3330689675455292e-07,7.261682125782746e-07,0.012473834179548808,-0.14572197655733546,0.10159145973552026,-0.3074721008516346,4.1884978633515795,0.28214285714285714,77.24609375,4.4077368565001803e-07,-0.0072999612996968635,2.613379656491337,-8.49470483637926,8.533945217040795,-0.03561893205536726,1.0912141895832326,0.0007142857142857143,0.68359375,0.0022093616743196205,33.424564,0.02570786,33.32846,33.585327,-0.11521282,1.5673876,0.0,329.4921875,1.1001788e-06
S17,1,-0.0004996477416718311,0.25873029826753946,-0.4235218752661786,1.637203960547094,4.305378852078043,20.991622630667123,0.012285714285714285,3.41796875,0.00019949052409664946,5.342847515287853,0.012192114711265113,5.2448272705078125,5.4248809814453125,0.3506457223784577,0.5169711546063134,0.0,0.68359375,1.3563008712016094e-07,-1.3262269549737847e-06,0.01532115351594182,-0.1861780896664694,0.11719933043551202,-0.2824671621342599,6.087346064458043,0.2845,61.5234375,6.57341914095986e-07,0.0016896188600260492,1.7991924957807395,-3.6926685362119365,3.7610404202856325,-0.029816120095156343,-1.0246773228174542,0.0008571428571428571,0.68359375,0.0015449243536001485,33.44526,0.025166307,33.299805,33.598907,-0.08450523,2.3752484,0.0,0.68359375,1.1619421e-06
S17,1,-0.0001617940634858828,0.2638431150308984,-0.4235218752661786,1.637203960547094,4.244913671534672,20.252498066287185,0.012690476190476191,3.41796875,0.00020647502897829816,5.3579427446637835,0.01165107718462075,5.2520751953125,5.4607391357421875,0.09605430005841702,1.0215985780538794,0.0,0.68359375,1.4595160982726084e-07,3.2327515140818296e-07,0.0226970724242128,-0.22067726459422043,0.17183125626641158,-0.2799917531963344,5.4493710056594225,0.2878809523809524,61.5234375,1.4692348948550425e-06,0.02634236881867999,1.4827247918246442,-3.654172545224371,3.1297652625569503,-0.10752163462934232,-0.9019392824610528,0.0008571428571428571,0.68359375,0.0011629483830535928,33.351284,0.10918756,33.087463,33.598907,-0.19280997,-1.6107011,0.0,0.68359375,1.1199935e-06
S17,1,9.268722513951989e-05,0.2642852126073275,-0.40784301899760683,1.630483159747644,4.2583557799135825,20.257201387309173,0.012809523809523809,3.41796875,0.00020409087438398268,5.374291038513183,0.012348797435581475,5.2520751953125,5.4607391357421875,0.2525893795751243,0.19735412334669444,0.0,0.68359375,1.3815570100229446e-07,1.0977910033958346e-06,0.02198700497363144,-0.22067726459422043,0.17183125626641158,-0.244161362593794,5.179673943259104,0.2873809523809524,83.3984375,1.3626909554727443e-06,-0.006620188954864692,1.6497723666290935,-3.654172545224371,3.365533109604994,-0.05617958248205592,-1.0565896727816568,0.0008333333333333334,0.68359375,0.0014369851113242248,33.29274,0.06020242,33.087463,33.515717,-0.28042367,-1.0642478,0.0,0.68359375,1.0276009e-06
S17,1,0.00029010801547774877,0.2597075324064296,-0.4018737950940361,1.6348666167139556,4.330179765573051,21.008071737084336,0.012809523809523809,3.41796875,0.00019326203825146285,5.383828372047061,0.008056533699299892,5.3249359130859375,5.4584503173828125,0.6986215126661308,3.6376554737372544,0.0,0.68359375,1.2901846342231436e-07,5.72454637494111e-07,0.01576506275085231,-0.07549780404939864,0.09463559852651338,-0.07588108351266647,0.5365961298882853,0.2849047619047619,67.67578125,7.069951077213695e-07,-0.021865741296877867,1.7049285034592498,-3.246659294519986,3.365533109604994,0.023335263495762232,-1.267810943418045,0.0008809523809523809,0.68359375,0.0016101237832218708,33.353317,0.031746183,33.200348,33.52176,-0.47925502,0.89905405,0.0,133.30078125,1.0337152e-06
S17,1,0.00011414778149888389,0.2583566818127376,-0.4070248179894466,1.6348666167139556,4.3323431973981545,21.136836295178032,0.012642857142857143,4.1015625,0.000185628302861489,5.389029402959914,0.012406351033297585,5.2051544189453125,5.4645538330078125,1.2424855492894513,3.909116193773161,0.0,0.68359375,1.3384443693561294e-07,1.4405404201610992e-06,0.01526828293361049,-0.07476239588536913,0.06807967506689712,-0.08839391315947438,0.5206439854521117,0.2849047619047619,61.5234375,6.661275802979928e-07,-0.00453875807001978,3.0300861156353642,-11.103334193731285,12.931869479438252,0.36642728149571396,5.464606460797361,0.0008333333333333334,0.68359375,0.0024791530808376933,33.38439,0.02477618,33.25757,33.544434,0.08950387,2.0291424,0.0,91.6015625,1.0665547e-06
S17,1,-0.0004756908384264784,0.2556117211943825,-0.4070248179894466,1.6558841996455262,4.344794626952551,21.425797740131582,0.011666666666666667,3.41796875,0.00018832442246717113,5.414903431846982,0.026469157365487272,5.2051544189453125,5.5202484130859375,0.16099357058348465,-1.1301399326618475,0.0,0.68359375,1.2992122541847656e-07,-5.664895796766345e-07,0.013231981994156159,-0.07476239588536913,0.06807967506689712,-0.13308342801267925,1.0861258318009392,0.2864285714285714,61.5234375,4.955100056205808e-07,-0.0018159053300668446,3.054989784484418,-11.103334193731285,12.931869479438252,0.36572206333503754,5.215766180382024,0.0007142857142857143,0.68359375,0.0022956727131780734,33.416573,0.029364936,33.29074,33.595886,0.1096238,0.632988,0.0,45.80078125,1.0959551e-06
S17,1,-0.0001642954674479663,0.252642798406327,-0.38950613496776715,1.6558841996455262,4.383628022931139,21.91404740508319,0.011619047619047619,3.41796875,0.00018863376688125932,5.446042178926014,0.01738356080486839,5.2677154541015625,5.5225372314453125,-0.7223788702064483,0.4507655993697548,0.0,0.68359375,1.254458869226884e-07,-7.642856012931068e-07,0.011209843354711348,-0.08578079688790477,0.05496035536767394,-0.2815255697668497,1.010103472268046,0.28526190476190477,77.9296875,3.572608570243467e-07,0.027841386000404478,1.5875724390132213,-3.008984467080161,3.4244814188084907,0.0844537617417982,-1.1315440652783637,0.0007619047619047619,0.68359375,0.001119450603892957,33.451797,0.027139258,33.329956,33.65796,0.05871284,1.2255974,0.0,32.8125,1.1596004e-06
S17,1,0.000266197436188174,0.2533016247631292,-0.3862563147181417,1.6262421896985164,4.373193128248519,21.828300291070157,0.012,4.1015625,0.0001846879455453317,5.45884451184954,0.00984391027680472,5.2677154541015625,5.5263519287109375,0.018531048087304183,4.3251833168077525,0.0,0.68359375,1.2704038093605643e-07,-1.1322964892397564e-07,0.011596599100433432,-0.08578079688790477,0.05496035536767394,-0.3210346770386354,0.9420915403671977,0.28733333333333333,58.7890625,3.8495649844651085e-07,0.007646427483425084,1.5254179349579255,-2.6400282120412193,2.8312078588250307,0.030879280210526466,-1.323620631652123,0.0008571428571428571,0.68359375,0.00119142377054862,33.48277,0.027259879,33.329956,33.694336,0.056858897,1.3107214,0.0,23.92578125,1.26781e-06
S17,1,0.00028144082484658593,0.2550628335110202,-0.4094769505218711,1.632146742719,4.338473787302284,21.475754002798578,0.012214285714285714,3.41796875,0.00018112160550355595,5.464019493829636,0.0082903453331601,5.2402496337890625,5.5400848388671875,0.0395491455216381,14.97602464337259,0.0,0.68359375,1.299521710937359e-07,-2.3220454471029207e-07,0.01426058917925378,-0.15286644366268815,0.14473441436775117,-0.40847740225567275,4.806501306810316,0.2908809523809524,93.65234375,5.845500571113597e-07,-0.020735788927720007,1.8080865697100823,-5.201740457215773,5.066590604519922,-0.08293373462903318,-0.29039590710049,0.0008571428571428571,0.68359375,0.0015660911880352828,33.501106,0.023384482,33.39029,33.694336,0.0011439061,3.0736008,0.0,201.66015625,1.3180005e-06
S17,1,0.0002197273336657351,0.2514497289446635,-0.4094769505218711,1.632146742719,4.381658734570837,22.024051474724114,0.012214285714285714,3.41796875,0.00017984118580339402,5.470839600335984,0.009319565185269565,5.2402496337890625,5.5400848388671875,0.19485096258281945,10.012017420341257,0.0,0.68359375,1.275540374702347e-07,2.4862396107593485e-09,0.01496853623444927,-0.15286644366268815,0.14473441436775117,-0.44043088781423156,3.924304497002728,0.29433333333333334,93.65234375,6.429422361263618e-07,0.01438212386245968,1.797306644927612,-5.201740457215773,5.066590604519922,-0.1069377441264931,-0.22114591662843486,0.0008809523809523809,0.68359375,0.0015984315123753377,33.5176,0.02614683,33.39029,33.694336,-0.20055991,1.4654498,0.0,201.66015625,1.2442824e-06
S17,1,-0.00019483176384146522,0.25808929340795334,-0.4808316530107011,1.6574390970918893,4.237848310610279,20.66338863579211,0.01230952380952381,4.1015625,0.00018947962145059505,5.488034057617187,0.025632407445416363,5.3272247314453125,5.6201934814453125,1.7266113123007767,2.1467471247445165,0.0,0.68359375,1.3067226852414604e-07,-6.654070594198174e-07,0.013829994443524873,-0.10054041595509343,0.09790060992790309,-0.4403363038618317,1.8178896146778012,0.3018095238095238,94.3359375,5.44293400582336e-07,-0.020031811588685243,4.053927296906993,-16.17275713736432,17.396498997493026,0.4026161270173651,6.9503658973816425,0.0008095238095238096,0.68359375,0.003873971145190234,33.53997,0.023314996,33.402374,33.723114,-0.06656145,2.7678022,0.0,175.68359375,1.2057367e-06
S17,1,-0.00019464397829295057,0.26444290450859476,-0.4808316530107011,1.6574390970918893,4.156502252213396,19.724717732660007,0.0125,4.1015625,0.0002013375545144758,5.5139853977021716,0.026297195648245664,5.3272247314453125,5.6201934814453125,-0.13850979151999443,-0.9279986425086029,0.0,0.68359375,1.2931672105404903e-07,-2.4408167123503944e-07,0.015784986479591093,-0.23568506523477759,0.29804452741569953,-0.3960396607499483,16.530976957667427,0.3135952380952381,63.57421875,7.211001563157556e-07,-0.0009872105956326674,4.455712278375818,-16.17275713736432,17.396498997493026,0.4212864857229259,4.272572899900341,0.0006666666666666666,0.68359375,0.004403070293181985,33.56403,0.028514037,33.44467,33.730713,0.120194145,0.7888961,0.0,194.82421875,1.2316899e-06
S17,1,-0.00014703251540741083,0.2516324119119777,-0.4006005723626735,1.635676375777481,4.368689594513714,22.00186089849244,0.011738095238095238,3.41796875,0.00018433620428673483,5.534810429527646,0.014926639242531134,5.336761474609375,5.6156158447265625,0.43940120531830484,1.6165282915925356,0.0,0.68359375,1.2286477166472393e-07,1.3106132109856809e-06,0.015816761663537203,-0.23568506523477759,0.29804452741569953,-0.32676509434896445,15.656838702021822,0.3077857142857143,63.57421875,7.299154285524832e-07,-0.0003405712664001558,2.39750188047061,-5.90631971490488,10.682763722210849,0.818070584111887,2.867768735264998,0.0007619047619047619,0.68359375,0.0017277137152860772,33.596813,0.032007787,33.443176,33.789917,-0.048768975,0.44333434,0.0,164.74609375,1.2160012e-06
S17,1,-8.173913018357561e-05,0.2508313653927952,-0.3885574280641883,1.635676375777481,4.377528174819282,22.104773045678968,0.011666666666666667,3.41796875,0.0001779227673978113,5.535516084943499,0.014240898377521495,5.3379058837890625,5.6156158447265625,0.5619753565965515,1.4312222357065094,0.0,0.68359375,1.2574803936567813e-07,-6.523636724071773e-07,0.014170304400863228,-0.07628273400186078,0.0639435258516061,-0.21906609893927984,0.46260247921179465,0.2975714285714286,66.30859375,5.709429981476497e-07,0.0031577621457658683,1.8152797398900231,-3.988688628576603,4.123928899837226,-0.02253597099787393,-0.7716391151212001,0.0008333333333333334,0.68359375,0.0014651649442314265,33.632507,0.030876923,33.443176,33.79596,-0.33583516,0.7310209,0.0,164.74609375,1.2596989e-06
S17,1,0.00017173788457046648,0.2609452700655218,-0.41076102346641413,1.6320362042308172,4.25309962176163,20.52846153273553,0.012142857142857143,4.1015625,0.00018743334876980788,5.527626083010719,0.009591206193323263,5.42449951171875,5.6056976318359375,0.48482041740698384,1.6169569308772154,0.0,0.68359375,1.1853407593043764e-07,-7.430733136989041e-07,0.01572456230159577,-0.237774208793244,0.13979764121535748,-0.44521795027957034,5.949444842458499,0.29488095238095235,66.30859375,6.98765374874223e-07,0.007495533741610202,1.8504976917832228,-3.9720438477582882,3.852069545599773,0.001609075777791688,-0.9925990847152413,0.0008571428571428571,0.68359375,0.0015495533275602042,33.64651,0.022624666,33.564087,33.79596,-0.18591253,2.6383739,0.0,204.39453125,1.2666978e-06
S17,1,-7.061982097115064e-05,0.2636880397985528,-0.41076102346641413,1.6323196257765022,4.23853665869753,20.23955059668158,0.012095238095238095,4.1015625,0.00019894509540906616,5.521925317673456,0.009602062309718508,5.37567138671875,5.5942535400390625,0.4541574141940824,2.354190901416188,0.0,0.68359375,1.1393106515128125e-07,3.1391764168803106e-07,0.016259702217417595,-0.237774208793244,0.13979764121535748,-0.4353468569269127,5.189642181201748,0.29033333333333333,72.4609375,7.487749395991261e-07,-0.014352543891305343,1.560964500879136,-3.3864493348825464,3.5725950089542624,0.048625020598432364,-0.9934230164472027,0.0009285714285714286,0.68359375,0.0013351242306361363,33.648354,0.023210166,33.552002,33.868835,-0.1387609,2.5034733,0.0,141.50390625,1.2494656e-06
S17,1,-5.7244939628013596e-05,0.2620705711845901,-0.4056703345500965,1.634669406223761,4.267993605202392,20.526070495379784,0.012333333333333333,4.1015625,0.00020042757144614603,5.519052305675689,0.00791252233509993,5.37567138671875,5.596160888671875,0.2468319223290094,9.274426761558288,0.0,0.68359375,1.1874681224651847e-07,1.3480361273538505e-06,0.015354474771337681,-0.07581341144400451,0.06419271178886299,-0.2439299617591858,0.5124254255915619,0.2886666666666667,84.08203125,6.750766483119217e-07,0.008246145429473226,1.5108691109809453,-2.5828695633413545,2.7035195898950475,0.0023360103930367064,-1.3579465282554808,0.0009047619047619047,0.68359375,0.001345293009594258,33.665897,0.025156904,33.54901,33.868835,-0.12652323,1.9989052,0.0,121.6796875,1.2970856e-06
S17,1,-3.8269436004973374e-06,0.26543768012378954,-0.401249921465097,1.6381163065965498,4.2306620936561945,20.055108188437558,0.012095238095238095,4.1015625,0.00020061019934489185,5.5189080192929225,0.007825069228709701,5.381011962890625,5.596160888671875,0.4061719615536998,7.006147424393072,0.0,0.68359375,1.1958218802652252e-07,-5.523175396359395e-07,0.015256520314889046,-0.07424047981185523,0.0614051184881392,-0.2432702469875381,0.4458346777252604,0.2867619047619048,71.77734375,6.622432645521011e-07,-0.0013012068991308644,1.522508747532403,-3.421973516352275,3.167018868799727,-0.007754289828090107,-1.1625237710698484,0.0009047619047619047,0.68359375,0.0013135016142539397,33.686504,0.024313863,33.53534,33.897736,-0.09671767,2.4081879,0.0,189.35546875,1.3344119e-06
S17,1,0.0003704007083061447,0.2687905244388817,-0.40474759110117237,1.641282908493524,4.1813666373272875,19.50882954962504,0.011476190476190477,4.1015625,0.00020359550673462374,5.5240127472650435,0.010293151313197597,5.4653167724609375,5.5942535400390625,0.1707507663903972,0.17195628038693078,0.0,0.68359375,1.129611799447483e-07,-1.9067444323035922e-06,0.014898928532869126,-0.06869762788099637,0.0646132020078956,-0.24161752708786277,0.45968902752341645,0.2859761904761905,59.47265625,6.318791485743953e-07,0.15274661219757005,2.1388135779224253,-4.368101717727802,9.55680727279902,1.2314137565850733,3.6344644080058597,0.0008809523809523809,0.68359375,0.001730105644205086,33.707268,0.025426611,33.53534,33.897736,-0.23340666,1.6737599,0.0,76.5625,1.3188047e-06
S17,1,0.000437668381155508,0.2587888574690673,-0.40474759110117237,1.641282908493524,4.305589892288368,20.99785925765033,0.011666666666666667,4.1015625,0.00019182296353564455,5.533910923912412,0.007949089769414617,5.403900146484375,5.61065673828125,0.25526324763549857,5.443132771734263,0.0,0.68359375,1.1669717700894173e-07,1.3538346492431998e-06,0.015255266608849752,-0.0893011890068599,0.06642431453632053,-0.19156428741547604,0.5370190156958041,0.2848809523809524,84.765625,6.650761003594338e-07,-0.04143555686561974,2.531935244193007,-9.238867459152596,9.55680727279902,0.08135032064529926,3.4804748359252438,0.0008095238095238096,0.68359375,0.0019056814532617808,33.728813,0.02395769,33.603485,33.92206,-0.2808669,2.1124964,0.0,70.41015625,1.3128254e-06
S17,1,-5.529440490994595e-05,0.2728489508139458,-0.5007981832060175,1.6806355150138936,4.022948592822772,18.427679580724686,0.013523809523809523,3.41796875,0.0002137191384801778,5.569021234058199,0.05979578122032812,5.403900146484375,5.8078765869140625,1.7660056014724024,1.8794617230009099,0.0,0.68359375,1.8370926496402524e-07,6.84395596610713e-07,0.01967316151973853,-0.3023057099794426,0.30214347181828455,-0.34693218967668465,23.46268091762733,0.29892857142857143,75.1953125,1.1093090809650274e-06,-0.13278256024431928,3.7792009489482865,-11.907153180795747,10.950224291980438,-0.11675016823391561,0.8822359642455027,0.0006428571428571428,0.68359375,0.00334032539996845,33.682198,0.07373887,33.491516,33.92206,-0.5569744,-1.1164867,0.0,0.68359375,1.3043132e-06
S17,1,-0.0005445373069453648,0.2810097330188997,-0.5007981832060175,1.7158557082967372,3.9297880341868767,17.391124084923707,0.014857142857142857,4.78515625,0.0002364746901114235,5.5842376164027625,0.05586219625643238,5.4103851318359375,5.8078765869140625,1.5086410670804766,1.3715888062443078,0.0,0.68359375,2.1204997510767034e-07,2.8275268643906336e-07,0.023283918914445714,-0.34833723486719964,0.30214347181828455,-0.2945091935987261,28.101149496176156,0.30207142857142855,75.1953125,1.5249830790732812e-06,0.06110391304343505,5.476721025047098,-15.521086233256623,13.677204619435933,-0.28741632163145536,0.2909705877714246,0.0005238095238095238,0.68359375,0.005758173883931509,33.60927,0.051598113,33.464294,33.89618,1.188486,1.3385229,0.0,0.68359375,1.283291e-06
S17,1,-0.0003942400714778653,0.2695646824129802,-0.48673222875336064,1.7158557082967372,4.172293715639153,19.501922783647373,0.014333333333333333,4.1015625,0.00021579514247787226,5.577657381693522,0.026302899693542627,5.4103851318359375,5.6793212890625,0.8085370333795683,0.5277762099714676,0.0,0.68359375,1.4943530207294703e-07,-7.76157862088741e-07,0.02124411028734832,-0.34833723486719964,0.28954589262582175,-0.22403247267341508,29.021688910616945,0.28904761904761905,48.53515625,1.2748854848932188e-06,0.02410274159433311,4.680996984171707,-15.521086233256623,13.677204619435933,-0.43853266677274966,1.8471335243918405,0.0005952380952380953,0.68359375,0.003940278057766266,33.600864,0.02638149,33.464294,33.81418,-0.097535655,1.6550388,0.0,67.67578125,1.2944723e-06
S17,1,0.00017128266149833298,0.2676203204153716,-0.4993146646457829,1.646661719371876,4.163766615574684,19.516793081782097,0.013857142857142858,4.1015625,0.00020506374872068345,5.608491443452381,0.05121668768546557,5.458831787109375,5.8879852294921875,2.9763590045360386,9.735592601720583,0.0,0.68359375,1.469472578415005e-07,4.814953613513739e-07,0.02675688237472356,-0.37534152460229897,0.36454179914873136,-0.09233513007164168,24.002594581454225,0.28226190476190477,87.5,1.8617915430260673e-06,-0.01480401674852273,2.6279285606858127,-8.76903389506058,7.087676938385453,-0.1484740793408084,0.4081669014634999,0.0006904761904761905,0.68359375,0.0022680016821205544,33.626614,0.029716754,33.47336,33.85974,0.025431063,0.8882189,0.0,54.6875,1.3387057e-06
S17,3,-0.00011527661057769833,0.2612999245943166,-0.4799122017236954,1.6289441421504371,4.383353577774742,21.204380771131188,0.013904761904761904,4.1015625,0.00019968715774397997,5.7402989796229775,0.01864476788276829,5.57708740234375,5.8307647705078125,0.4945971123434708,0.41996644001761974,0.0,0.68359375,9.987130364679352e-08,2.1523436553290486e-07,0.011746262196288104,-0.05591901232230397,0.08224105171566647,0.08485806286174939,0.6243946454790241,0.2915,60.83984375,3.9554563970386995e-07,0.023473603009089714,2.3292240971225273,-5.20920323500686,5.5033385700351305,-0.11273955324659227,-0.7171562609416311,0.0008095238095238096,0.68359375,0.00260900194077349,33.594975,0.027880449,33.464294,33.75348,-0.34348613,1.2560921,0.0,123.73046875,1.2441793e-06
S17,3,-0.0003599400677878035,0.27934112906741043,-0.5783157427239238,1.7322056769090077,4.039040458600644,18.056034214796654,0.01657142857142857,4.78515625,0.00022050120882956202,5.793560890924363,0.05913621545847076,5.7155609130859375,5.9734344482421875,1.2984407170859782,0.6827667813013196,0.0,0.68359375,1.0658565825333562e-07,-4.571580127842231e-07,0.012845769529384682,-0.09474935639063047,0.08898511143695373,0.053939720040584525,1.6707016084161515,0.3032619047619048,61.5234375,4.711084588437241e-07,-0.027894318237575936,2.036245256189958,-4.490819958773017,5.645626978848689,0.12782861297123405,-0.3103103281522115,0.0007142857142857143,0.68359375,0.0016399251771518466,33.55462,0.05482182,33.375214,33.75348,-0.7960166,0.42063332,0.0,0.68359375,1.2232568e-06
S17,3,0.0003362039343631418,0.2736334029361166,-0.5783157427239238,1.7322056769090077,4.143171194767396,18.904375125065474,0.016642857142857143,4.78515625,0.00020496250344453283,5.914259710766021,0.09484161840726066,5.7552337646484375,6.0840606689453125,-0.07309337268612244,-1.3867265267005748,0.0,0.68359375,1.0403043480388294e-07,1.8079856778943579e-07,0.011999703907519864,-0.09474935639063047,0.08898511143695373,0.023953773781966548,2.098946834823426,0.30688095238095237,69.7265625,4.1234935442469697e-07,-0.006953816763885145,2.101713427415356,-5.329287902472242,5.645626978848689,0.20758367725933932,0.08629519540732122,0.000619047619047619,0.68359375,0.0013539226290257814,33.510925,0.043513358,33.375214,33.68524,-0.51953036,-0.2618146,0.0,0.68359375,1.1970176e-06
S17,3,-4.896693611807857e-05,0.25586722083546837,-0.4708569580423884,1.6354240943610387,4.46564376811075,21.944619415936412,0.013833333333333333,4.1015625,0.00018626684584346367,6.019340615045457,0.04224585015764743,5.8605194091796875,6.105804443359375,-1.1174336725549774,-0.3257104975435974,0.0,0.68359375,8.986487459186783e-08,-1.223200822659543e-07,0.009940516775488621,-0.049972321469408984,0.05049549411642019,0.06748353756725582,0.49253905279892995,0.2967142857142857,51.953125,2.8131181476550167e-07,-0.04114670669170765,2.6248864754060772,-6.487055772453152,5.70545081187042,-0.038602985210730446,-0.5729302534340279,0.0006666666666666666,0.68359375,0.002636054620324563,33.518482,0.032376196,33.384247,33.670105,-0.83834505,1.3111157,0.0,342.48046875,1.2020382e-06
S17,3,-0.00034999436213116757,0.25086786144585355,-0.4708569580423884,1.6354240943610387,4.555433177864527,22.92196025983092,0.012785714285714286,4.1015625,0.0001824654690517621,6.0430644989013675,0.013796634975238666,5.79681396484375,6.1161041259765625,0.1174912014326922,2.4331287038956315,0.0,0.68359375,8.605136618720287e-08,-6.947250385359389e-07,0.009448920232641883,-0.04547379995978734,0.0522435796024666,0.038072660775360825,0.2503685819813115,0.29645238095238097,58.10546875,2.556784332825097e-07,-0.0357378302416605,2.8571410265136983,-6.487055772453152,5.70545081187042,-0.14012104059502026,-0.906016376200792,0.0008095238095238096,0.68359375,0.003633126267670424,33.534664,0.020617539,33.44467,33.68225,-0.01728605,4.450561,0.0,47.16796875,1.2008948e-06
S17,3,0.00017775115194715007,0.25468206961002937,-0.4118113968464832,1.6259485702722856,4.519186371828548,22.330841055236302,0.012571428571428572,4.1015625,0.0001790751877388789,6.019269698006767,0.02664555138948448,5.79681396484375,6.1161041259765625,0.2756587814260426,-0.7525030496897176,0.0,0.68359375,8.782050748812451e-08,-1.1620093894749141e-06,0.009646439125288429,-0.04547379995978734,0.0522435796024666,0.056454807163484104,0.24661454221902313,0.2975,54.00390625,2.652307998781067e-07,0.0869485093154984,3.1309257343694203,-10.23224715204661,8.078218144258397,-0.4384631104354243,0.4545351086287761,0.0007857142857142857,0.68359375,0.003488763472423397,33.534637,0.020936113,33.44467,33.68225,-0.0094036795,4.25374,0.0,47.16796875,1.2097502e-06
S17,3,0.0002484759674447636,0.2622886167448439,-0.4396904203348402,1.6261244513236406,4.392479171321117,20.976956014815265,0.012523809523809524,4.1015625,0.00018818640635632754,5.978840673537482,0.026798794218062336,5.7830810546875,6.0634613037109375,-0.5729338412537174,-0.18745812948977125,0.0,0.68359375,8.841955521643622e-08,-2.0331861596629487e-07,0.01019895676144667,-0.050416599011608096,0.04640760671468369,0.009304596065425575,0.22901166879762114,0.2895238095238095,54.00390625,2.9490732178126175e-07,0.06315673093528704,3.1031448472771164,-10.23224715204661,8.078218144258397,-0.3137689058048438,0.39863996468071505,0.0007857142857142857,0.68359375,0.0034903160649834277,33.534863,0.021503925,33.45526,33.680695,-0.08160816,3.4738789,0.0,62.890625,1.1952229e-06
S17,3,-4.0942573773461464e-05,0.26219391121125835,-0.4396904203348402,1.6261244513236406,4.386374472750691,20.995467917317097,0.012523809523809524,4.1015625,0.00019051215276097072,5.936991346450079,0.02894187503255768,5.670928955078125,6.0321807861328125,0.579803613247811,-0.9061284202282689,0.0,0.68359375,9.82923852833606e-08,1.7121001130090018e-06,0.01048412448252042,-0.050416599011608096,0.04640760671468369,-0.05575632586418101,0.2693749579978908,0.2827857142857143,54.6875,3.1583677228707296e-07,-0.031200655240392214,2.533308603274768,-5.634464382103789,5.2109105574280274,0.01573459089182735,-0.9633522021576932,0.0008571428571428571,0.68359375,0.0030689665917703166,33.52857,0.022544682,33.447693,33.680695,-0.09401108,2.842556,0.0,66.30859375,1.1874142e-06
S17,3,0.00010064290094754566,0.26149667879867605,-0.4262061115935008,1.633829199474809,4.39761466031796,21.152446070505842,0.012761904761904763,4.1015625,0.00018754749723897136,5.926973751613072,0.01715755222233492,5.670928955078125,6.012725830078125,0.6178615288455594,1.58245498159713,0.0,0.68359375,9.751698943331249e-08,5.440604298142231e-07,0.010547741066941977,-0.04913722708133613,0.042579067545073034,-0.05631035053751912,0.26453913652539685,0.2855,51.953125,3.1619990281482547e-07,-0.07374635794886397,3.799506011686495,-13.073824956809233,16.18185567309711,0.5307290554590027,4.678469863136572,0.0007619047619047619,0.68359375,0.0037243177013564794,33.512035,0.023070583,33.415985,33.662506,-0.21361443,2.36654,0.0,129.8828125,1.2312242e-06
S17,3,0.00019112534118824343,0.2624294617206521,-0.4262061115935008,1.633829199474809,4.374584763412641,20.898132684336268,0.012595238095238095,4.1015625,0.00019440511109867643,5.939820571172805,0.010932801334995933,5.8361053466796875,6.012725830078125,1.079597886359466,2.619438835131021,0.0,0.68359375,8.792999364521183e-08,-7.698590599570972e-07,0.010737433827137299,-0.055193665371400163,0.04305252950646795,-0.040407184029219334,0.18247666366060722,0.28145238095238095,56.0546875,3.286745823228235e-07,0.023767512545845876,3.7708914976864434,-13.073824956809233,16.18185567309711,0.5056806072904328,4.791777017388302,0.0007380952380952381,0.68359375,0.0036541655981138592,33.502224,0.021365201,33.415985,33.644318,-0.21672143,3.3865266,0.0,22.55859375,1.2723121e-06
S17,3,-7.010965025071955e-05,0.25977194832351846,-0.4120533599536414,1.6217167207611833,4.4293591070834895,21.39020260770048,0.012523809523809524,4.1015625,0.0002013036171670292,5.9463738941010975,0.013801796594363685,5.8124542236328125,6.01043701171875,0.880165470291559,0.6017483775697712,0.0,0.68359375,8.915165437653494e-08,-1.3951476839921501e-07,0.010699148348442504,-0.055193665371400163,0.05528425267781118,-0.024479824198245258,0.20996653540923216,0.27590476190476193,56.0546875,3.2322852640309336e-07,-0.06265405909212657,2.2659841148319253,-4.773106319218738,7.696036283161549,0.07917678054773403,-0.9631984977406796,0.0008333333333333334,0.68359375,0.002405357579144248,33.50118,0.021252712,33.42804,33.638275,-0.13625547,3.850605,0.0,157.2265625,1.276555e-06
S17,3,0.00019678069780118578,0.2627215502817948,-0.6074067364733494,1.6530056674181903,4.354789031500699,20.79362089986569,0.012547619047619047,4.1015625,0.00020026923268695116,5.954111862182617,0.014648373971481547,5.8124542236328125,6.0146331787109375,0.4390211458408956,0.20086594609439468,0.0,0.68359375,9.386165699322196e-08,1.0815912567325302e-06,0.010874743805792978,-0.05182612522939946,0.07073349292499623,-0.030383721389160304,0.39020799428599817,0.28509523809523807,51.953125,3.387563209084341e-07,-0.00917377063680594,3.612434863764147,-12.057689163075775,11.880143050767284,0.024055124647673228,2.434898667285215,0.0006904761904761905,0.68359375,0.0027512240737209907,33.503418,0.021841498,33.42804,33.65039,-0.077594995,3.5010557,0.0,125.78125,1.2756877e-06
S17,2,0.000302893042207163,0.3646878484267494,-0.6325151888124548,1.6180422894449797,2.2600081046337297,6.442418593538207,0.012,2.05078125,0.0003803105445620475,7.137104279654366,0.035320754116334035,6.99920654296875,7.2345733642578125,-0.5252709158661658,-0.6377066132992941,0.0,2.05078125,1.1211156612327542e-07,-6.316729355824069e-07,0.009621889461201509,-0.12465853297659278,0.10596823771960698,0.09681547087723344,3.4236270690981856,0.324,64.94140625,2.652286097307645e-07,-0.1000854694227764,3.3377103162393578,-6.4888009059863805,10.873514702897452,0.5036776465106443,-0.4763622021813352,0.0005476190476190477,0.68359375,0.002419010441346381,33.94142,0.08304893,33.680695,34.148895,-0.7146062,-0.483068,0.0,0.68359375,1.5821237e-06
S17,2,-0.0003537559357994217,0.3425942607774776,-0.6325151888124548,1.6180422894449797,2.4818009798628773,8.034660951567743,0.011357142857142857,2.05078125,0.0003362662011767142,7.088208316621326,0.02864732210702347,6.9087982177734375,7.2345733642578125,0.6167686428366416,-0.864702914183769,0.0,2.05078125,1.0343575777744176e-07,3.7635243836709223e-07,0.009399882364056089,-0.12465853297659278,0.10596823771960698,0.0929901241745038,3.8643748576283947,0.33111904761904765,49.21875,2.5441149193685213e-07,-0.0031890235289010025,2.3581494595434216,-4.406412572286014,6.3407157980057764,0.6121654423960898,-0.20787481146447462,0.0004761904761904762,0.68359375,0.0009438155382583521,34.0297,0.036751647,33.83087,34.213013,-0.27141896,0.19060397,0.0,0.68359375,1.6504305e-06
S17,2,-7.625563325138279e-05,0.34498999552246906,-0.74805913989576,1.6258940132101185,2.437770445115107,7.844487716237321,0.011714285714285714,2.05078125,0.00033269352962956927,7.07228585197812,0.019815563755664956,6.9087982177734375,7.2231292724609375,2.7554955761079856,12.156314017200105,0.0,0.68359375,1.0842504121536763e-07,2.8250283933242276e-07,0.010223280518330932,-0.23105753437002685,0.20176485186797696,-0.21841897944196637,29.89418506391616,0.3327857142857143,75.1953125,2.934684986864389e-07,0.06030126380412407,2.3718110779230193,-5.788933296964444,7.082973831795307,0.4612543235199278,0.426929161298089,0.0005476190476190477,0.68359375,0.0011558437164972339,34.08497,0.04250439,33.96765,34.264893,-0.09188892,-0.5304606,0.0,1.3671875,1.7173161e-06
S17,2,-0.0001543207552693833,0.3525386714637747,-0.74805913989576,1.6258940132101185,2.3369384545693217,7.168495512130553,0.011738095238095238,2.05078125,0.0003508065289373545,7.125520024980817,0.05245071169435687,7.0125579833984375,7.253265380859375,-0.11454878904307125,-1.7206415018057077,0.0,0.68359375,1.3116316229133132e-07,3.4823943073936246e-07,0.010462535052559415,-0.23105753437002685,0.20176485186797696,-0.09030374852760784,31.438609708201582,0.33626190476190476,71.09375,3.093928405751091e-07,0.025905098493924025,2.344676370859553,-5.788933296964444,7.082973831795307,0.3058127927302478,0.5693656496204991,0.0006666666666666666,0.68359375,0.00129735546684485,34.15221,0.053393558,33.999603,34.365814,0.46093255,-0.39511847,0.0,2.05078125,1.7975337e-06
S17,2,-5.4099995472704754e-05,0.34631549387433125,-0.5877633323971265,1.6203580892144183,2.450525588241567,7.7182592657430575,0.011714285714285714,2.05078125,0.0003477984690984073,7.184894988650368,0.025879642030724768,7.0125579833984375,7.28759765625,0.7256207904679823,-0.3022581754281788,0.0,0.68359375,1.2832367543246283e-07,-4.7040116209857966e-07,0.008673548774402748,-0.11061672897415117,0.18036521749165307,0.3304615533806042,13.536832888983206,0.3504047619047619,49.90234375,2.1831461827875094e-07,-0.006537739116559492,2.4831343697725017,-7.1559711174029434,6.78832558361222,-0.05995166361850787,0.07662810384306562,0.0005952380952380953,0.68359375,0.0018580064919352425,34.21069,0.04844308,34.05139,34.37497,-0.5554913,-0.23171926,0.0,0.68359375,1.8555442e-06
S17,2,4.1469645708300995e-05,0.34392353290001143,-0.5947186513087626,1.6203580892144183,2.4814719305491444,7.916310793848904,0.011619047619047619,2.05078125,0.00034313137766342917,7.195927520025344,0.02428552474816499,7.01751708984375,7.28759765625,0.060134882192558026,-0.35935448249718416,0.0,2.05078125,1.25581630997498e-07,-9.60564962045294e-07,0.007854708897418438,-0.07720075723399014,0.12365648958173317,0.15517046348235528,6.593344186239506,0.34914285714285714,49.90234375,1.7670081191334508e-07,0.04439106376291145,2.5344574452785973,-7.1559711174029434,6.78832558361222,0.13552041048585928,-0.0409446467945207,0.0005952380952380953,0.68359375,0.001962334951019317,34.21912,0.037922002,34.1062,34.433136,-0.20423484,-0.19988179,0.0,114.84375,1.8334433e-06
S17,2,-0.000254369348964033,0.3454687746526573,-0.5947186513087626,1.602414883681007,2.4235223266509203,7.6615594023505835,0.010738095238095238,2.05078125,0.00034006466973690987,7.213654826936268,0.027289362047909584,7.01751708984375,7.3451995849609375,0.6084926659805794,-0.6975891263432028,0.0,2.05078125,1.1400077000933964e-07,1.1504132167835137e-07,0.008473106592385319,-0.14621007093024202,0.1535959880470953,-0.0062087744177567175,10.41632897420163,0.3364761904761905,58.10546875,2.0725947479732624e-07,-0.03233618746098316,1.9421132585876886,-3.1841770443943616,5.132799997317936,0.5406477237851575,-0.6203261938687628,0.000619047619047619,0.68359375,0.00096238814863931,34.255356,0.061504714,34.1062,34.463776,-0.08481805,-1.0733793,0.0,151.07421875,1.8937864e-06
S17,2,-2.7482761093900884e-05,0.32858949632456264,-0.5672728068433778,1.6361461548903882,2.65828038963643,9.204282438006992,0.010880952380952382,2.05078125,0.0003071978853058792,7.2676295507521855,0.04506009377006665,7.16094970703125,7.4909210205078125,0.4495898919463015,1.4968219421105013,0.0,0.68359375,1.3548927913034708e-07,1.2274512351575376e-07,0.009056971914408367,-0.14621007093024202,0.1535959880470953,0.005269540183351952,9.441744203466863,0.32321428571428573,58.10546875,2.3548181533324207e-07,-0.050128830029350105,2.1282227259258573,-6.28747882560584,6.429249064059304,0.12325578218629663,0.454212815824639,0.0006904761904761905,0.68359375,0.0010983031363293603,34.334644,0.043674964,34.164154,34.528137,-0.25208265,-0.18132329,0.0,41.69921875,1.998478e-06
S17,2,-6.459852354586743e-05,0.32865838202945785,-0.5726276769570505,1.6361461548903882,2.7091691188542417,9.311787647335267,0.010714285714285714,2.05078125,0.0003063847869243271,7.3750862121582035,0.07612541877028572,7.1620941162109375,7.5649261474609375,0.09903633518998897,-1.6247896078323603,0.0,0.68359375,1.6371777438877765e-07,-2.4594782626503116e-07,0.008037232291896367,-0.0746140685560592,0.0858923946703961,-0.016689862324632935,3.1339199847051944,0.30854761904761907,51.953125,1.8432310965077361e-07,0.029367171666154972,2.3996876256976725,-6.28747882560584,6.429249064059304,-0.012047956698219477,-0.05683679277922149,0.0006904761904761905,0.68359375,0.0017409073455565565,34.321236,0.05444789,34.126038,34.528137,-0.21603781,-0.6731744,0.0,0.68359375,1.986758e-06
S17,2,-0.00017088329203727667,0.34044234636543796,-0.5726276769570505,1.6343825221676473,2.5615906362303407,8.243520065597878,0.01030952380952381,2.05078125,0.00032976686604788456,7.4444054558163595,0.022784233438996264,7.210540771484375,7.5649261474609375,0.6917798441531474,1.2105566216285437,0.0,2.05078125,1.2688270569471737e-07,2.1132328947437836e-08,0.008287216900862654,-0.04803038949943992,0.05152967680159792,0.021282394133593674,1.156724044625256,0.3019047619047619,44.43359375,1.9570274391916551e-07,0.00946390125787929,2.3244428498823493,-5.203982573960164,5.810442745385603,0.2736759027688693,-0.6345081518615303,0.000619047619047619,0.68359375,0.0015281076836446408,34.303825,0.04166388,34.126038,34.479065,-0.3971868,0.039031744,0.0,0.68359375,1.9432898e-06
S17,2,0.00021931957206188272,0.3249949560841199,-0.5439993211489216,1.597373378785287,2.774495522180896,9.692872684521769,0.011095238095238096,2.05078125,0.00029535626809104956,7.4421025594075525,0.015633242009545332,7.3505401611328125,7.5222015380859375,0.1585795715971893,-0.05405867212116622,0.0,2.05078125,1.0214961427730812e-07,5.453351224370059e-07,0.008506206395411546,-0.04803038949943992,0.05152967680159792,0.048591063499073384,1.2135209594506753,0.30342857142857144,43.75,2.0685233751506727e-07,-0.01210416596600697,2.4508273076816693,-5.677927000371322,5.810442745385603,0.20955027098980072,-0.715657773941198,0.0007142857142857143,0.68359375,0.002395613308369193,34.3366,0.034158587,34.222168,34.509766,-0.24132042,0.34647918,0.0,0.68359375,1.9570004e-06
S17,2,0.00026059501050858957,0.3036655636624418,-0.5316186541867407,1.6166707929857562,3.1919283739516446,12.432770755326484,0.012476190476190476,7.51953125,0.0002518197230758389,7.434364809308733,0.02948630048164781,7.341766357421875,7.5252532958984375,-0.6435787736482973,-0.5721473488210211,0.0,0.68359375,1.0599727001674938e-07,3.919426025905872e-07,0.007525719305049344,-0.04525821939839445,0.05757393124880048,0.0409095911566025,1.064820031020802,0.29847619047619045,51.26953125,1.601125766905161e-07,0.10199553704875026,2.6329637709998543,-6.162828694936161,5.623578689524683,-0.15610042510122954,-0.7536648177438994,0.0008095238095238096,0.68359375,0.003302833856514008,34.29205,0.06978352,34.101654,34.509766,-0.4405156,-0.7077031,0.0,0.68359375,1.9156407e-06
S17,2,-0.00025489264895390526,0.3329163365673815,-0.5358659692337862,1.6166707929857562,2.7298911518393383,9.123495117268838,0.01219047619047619,2.05078125,0.0003119270169157887,7.424854478381929,0.03860367324163744,7.314300537109375,7.5351715087890625,-0.42291068343257693,-1.1610219060310225,0.0,0.68359375,1.2255833971198915e-07,4.8707591490867134e-08,0.007379599268535278,-0.03607846454882925,0.05757393124880048,0.08040629994483021,0.7851810707139633,0.28709523809523807,27.34375,1.5496009678557368e-07,-0.023529213060301177,2.6951338379485414,-6.162828694936161,6.469342696151701,0.02137649749172228,-0.6755678125440459,0.0007380952380952381,0.68359375,0.0030634590626741035,34.230114,0.052043807,34.10013,34.425476,-0.022263965,-0.9053874,0.0,0.68359375,1.8595009e-06
S17,2,-4.2436249099812376e-05,0.3781567456847877,-0.5523859067442947,1.6133820379258113,2.230302625667837,5.845486102462674,0.012333333333333333,2.05078125,0.00040874097119356024,7.389074280148461,0.044420732868924256,7.3101043701171875,7.5351715087890625,0.5569785201646914,-1.2800924872333446,0.0,2.05078125,1.2312047667985695e-07,-9.600566995916366e-08,0.00903924004146521,-0.44989507331510525,0.4145744226516517,-0.7575402033769715,462.36163923335266,0.28235714285714286,65.625,2.3103046429982172e-07,-0.0714035766811047,2.8763433379952548,-6.616466780467288,6.469342696151701,0.08760913849921591,-0.8698339724219037,0.0006904761904761905,0.68359375,0.003169678298002577,34.24811,0.049048595,34.10013,34.417816,-0.5325033,-0.492759,0.0,298.73046875,1.9382308e-06
S17,2,0.0004894570188102763,0.3916768605361518,-0.5870089177733661,1.6150039353654975,2.112747926653519,5.215452252848751,0.013,2.05078125,0.0004393177931138139,7.35715453738258,0.014813376323289381,7.2750091552734375,7.4680328369140625,0.7574260939960297,2.071850989427354,0.0,0.68359375,1.636816316026892e-07,-3.9264227299570283e-07,0.010625958247826714,-0.44989507331510525,0.4145744226516517,-0.5292627713550381,267.79621211470317,0.29945238095238097,77.9296875,3.2152348929497757e-07,0.06980605593388171,3.2588726129002628,-9.142641299038647,8.182750831740208,0.022314000625032512,-0.07683586433068479,0.0006428571428571428,0.68359375,0.0031362713176444758,34.290787,0.034689676,34.16571,34.456116,-0.4194877,0.28876734,0.0,0.68359375,1.9513295e-06
S17,2,0.00012063406252793838,0.367680525128459,-0.5870089177733661,1.6202932384131834,2.3036065619078636,6.6145617651861155,0.012571428571428572,2.05078125,0.00038081661523411606,7.343271854945591,0.026757426190582245,7.13653564453125,7.4680328369140625,-0.6431077434543557,0.4989208342338518,0.0,0.68359375,1.661421567278435e-07,-2.5032685706363015e-07,0.00903873068872313,-0.23895507161837076,0.21671904561001842,-0.06611821688593034,50.12370560053336,0.31335714285714283,66.9921875,2.320109843559167e-07,0.029261720424489837,3.1875611252923917,-9.142641299038647,8.182750831740208,0.08006616845890092,0.12569413839161925,0.000619047619047619,0.68359375,0.002760552214824567,34.328213,0.039563272,34.20688,34.509766,-0.12367397,-0.03625846,0.0,8.88671875,1.9223062e-06
S17,2,-0.00011089129064813996,0.35016949457324753,-0.5864607962834384,1.6398915776021399,2.4670048706381595,7.812375986620815,0.012428571428571428,2.05078125,0.0003509891694445547,7.307422728765578,0.030196004282473574,7.0674896240234375,7.42340087890625,0.4279157687961883,-1.0490043436609864,0.0,0.68359375,1.4191231055210152e-07,2.8103769384261755e-08,0.006836212137885831,-0.030961529385232688,0.03660510793844074,0.06012417554722805,0.46912955317325533,0.31261904761904763,28.7109375,1.3343971426991957e-07,0.028476685555086187,3.1684160919725795,-6.123525964866156,7.515623349234547,0.14066676965426372,-0.7174372296818028,0.000619047619047619,0.68359375,0.002445087723606772,34.348686,0.033486832,34.226746,34.509766,-0.41557127,0.36008573,0.0,13.671875,1.9489762e-06
S17,2,-7.538735150219218e-05,0.37389314469600526,-0.579256270511024,1.6398915776021399,2.2066912460386714,6.103771818685329,0.012285714285714285,2.05078125,0.0004070281360710899,7.278061176481701,0.017556955578202433,7.0674896240234375,7.40203857421875,1.3250303413087097,4.049157898737412,0.0,0.68359375,1.4836406426638645e-07,3.4402230245044393e-07,0.007325280326168868,-0.05844769013330057,0.06375203768678997,0.14909663469383544,1.0702886661990316,0.3121904761904762,28.02734375,1.5352591622338692e-07,0.03005622383252665,3.4477267938949447,-8.490570155212158,7.515623349234547,-0.043759902382617684,-0.7082093975530666,0.0006428571428571428,0.68359375,0.0029809226984221105,34.38042,0.04609238,34.24814,34.566467,-0.046347417,-0.40723157,0.0,154.4921875,2.021751e-06
S17,2,0.00020260549753522205,0.39442720130477504,-0.5584198270927108,1.6085677398323293,2.0407049813447182,5.008012289475731,0.012357142857142856,2.05078125,0.00044270114822960105,7.267148208618164,0.018198036732525458,7.207489013671875,7.3673248291015625,1.5816630771561924,3.1561349495175186,0.0,2.05078125,1.3798512769877112e-07,2.132801775018827e-07,0.007297659899823759,-0.05844769013330057,0.06375203768678997,0.17569142248491657,1.088700105067808,0.31335714285714283,28.02734375,1.523323172032256e-07,-0.10018229491728901,3.5466635009007326,-8.490570155212158,8.739415155172782,0.09050706281666727,-0.5234689840243036,0.0007142857142857143,0.68359375,0.004024123939045772,34.4257,0.034984976,34.290894,34.601746,-0.31217244,0.46889853,0.0,236.5234375,2.0651426e-06
S17,2,-0.00040381450363037266,0.39932353538547666,-0.5734592754229121,1.6128412301694386,2.002221698939305,4.804977533909026,0.012642857142857143,2.05078125,0.000454126176849767,7.267412367321196,0.01829849814997182,7.207489013671875,7.3673248291015625,1.2780481315929282,2.4459361897162415,0.0,0.68359375,1.4992389060822226e-07,1.053802490902723e-07,0.007141932870843972,-0.04440826446650747,0.04469355092350673,0.18833315310937968,0.7533488961002099,0.31952380952380954,28.7109375,1.4576245984214155e-07,0.025939164011088398,3.502359595809971,-7.255181954217066,9.121916338637256,0.42790560052194104,-0.3411645341348484,0.0006666666666666666,0.68359375,0.0038021011682309006,34.47606,0.049661987,34.330627,34.66623,-0.09015079,-0.6234369,0.0,0.68359375,2.1299381e-06
S17,2,-0.0002436367049075815,0.3981049448075653,-0.5804217292333259,1.6128412301694386,1.9975688276835106,4.861980034263645,0.012571428571428572,2.05078125,0.0004528549607868199,7.277748416718983,0.02262950763315753,7.0404052734375,7.402801513671875,2.194721390732435,6.331550562327163,0.0,0.68359375,1.6267645180555834e-07,-1.3239215679776792e-07,0.007079997301198205,-0.04440826446650747,0.04469355092350673,0.19978989102405162,0.8484567572915975,0.3232380952380952,28.02734375,1.4324108903107667e-07,0.08179556254423338,3.477135250767924,-7.119500586406069,9.121916338637256,0.30322454610997407,-0.3768588524533172,0.0005714285714285715,0.68359375,0.002712247859875332,34.526604,0.03438877,34.411713,34.687744,-0.4594747,0.3484764,0.0,317.1875,2.2011952e-06
S17,2,0.00043783047689606,0.3835829970838348,-0.58543090131928,1.6130763081122903,2.1087318653672704,5.639008363408323,0.012071428571428571,2.05078125,0.0004193055828201058,7.30653699239095,0.03486288591059696,7.0404052734375,7.4466705322265625,0.9608870055739703,0.6880871622059246,0.0,0.68359375,1.7362616066169972e-07,-1.947595988444529e-07,0.006717537452976638,-0.031813051295059576,0.03582155252312982,0.16615914447630573,0.7584633806057219,0.33726190476190476,28.02734375,1.2910829321534044e-07,0.006291253413555318,3.8190506559550337,-7.119500586406069,9.503153959064637,0.5071354208073625,-0.48601925495551246,0.00045238095238095237,0.68359375,0.0026153013552956887,34.535015,0.03426389,34.41324,34.71234,-0.434834,0.44573355,0.0,231.0546875,2.2156455e-06
S17,2,9.576007227843815e-05,0.36734910372978086,-0.6393668713621661,1.6211454926491013,2.2387259646117914,6.565912869757968,0.011785714285714287,2.05078125,0.0003919406405453892,7.3322042465209964,0.024274894261399303,7.2040557861328125,7.4466705322265625,0.9962496728285843,1.235417009028521,0.0,0.68359375,1.562411280352821e-07,-6.185943249976485e-08,0.006621172023218131,-0.03397901012733032,0.03582155252312982,0.1565726218570393,0.7362475781786291,0.34464285714285714,25.9765625,1.260182053168561e-07,-0.0635946332676339,3.728521205091199,-7.550817900916492,9.503153959064637,0.6440544131665918,-0.2434657464860157,0.0005238095238095238,0.68359375,0.002944922493021333,34.548912,0.037466113,34.41324,34.71234,-0.5121381,0.1747942,0.0,231.0546875,2.2400125e-06
S17,2,-0.00022872271080653662,0.3670125559525393,-0.8349059138292653,1.6543398843417767,2.236738091388872,6.56024616396645,0.011761904761904762,2.05078125,0.0003902986272704473,7.378484299069359,0.0661947182206089,7.2040557861328125,7.6305389404296875,1.8835646834176574,3.348361809463279,0.0,0.68359375,1.7957650184208123e-07,8.019111281178851e-07,0.014928116330987415,-0.1871616428188596,0.157060269070551,-0.5057950513611311,15.296848413080657,0.31723809523809526,70.41015625,6.267516420923646e-07,-0.19604733513260011,3.2263408506378575,-7.550817900916492,9.028120737516815,0.2853378306862214,-0.0035925528179978627,0.0005238095238095238,0.68359375,0.0023071588307843954,34.56279,0.040036105,34.313812,34.730804,-1.7636474,4.9505906,0.0,0.68359375,2.2085965e-06
